<?xml version="1.0" encoding="UTF-8"?>
<ClinicalDocument xmlns="urn:hl7-org:v3" xmlns:sdtc="urn:hl7-org:sdtc" xmlns:xsi="http://www.w3.org/2001/XMLSchema-instance" xsi:schemaLocation="urn:hl7-org:v3 http://xreg2.nist.gov:8080/hitspValidation/schema/cdar2c32/infrastructure/cda/C32_CDA.xsd">
  <realmCode code="US"/>
  <typeId root="2.16.840.1.113883.1.3" extension="POCD_HD000040"/>
  <templateId root="2.16.840.1.113883.10.20.22.1.1" extension="2015-08-01"/>
  <templateId root="2.16.840.1.113883.10.20.22.1.2" extension="2015-08-01"/>
  <id root="2.16.840.1.113883.19.5" extension="add42f80-6ba2-bb73-c03b-3383043f3593" assigningAuthorityName="https://github.com/synthetichealth/synthea"/>
  <code code="34133-9" displayName="Summarization of episode note" codeSystem="2.16.840.1.113883.6.1" codeSystemName="LOINC"/>
  <title>C-CDA R2.1 Patient Record: Benito209 Delgado712</title>
  <effectiveTime value="20250606230642"/>
  <confidentialityCode code="N"/>
  <languageCode code="en-US"/>
  <recordTarget>
    <patientRole>
      <id root="2.16.840.1.113883.19.5" extension="add42f80-6ba2-bb73-c03b-3383043f3593" assigningAuthorityName="https://github.com/synthetichealth/synthea"/>
      <addr use="HP">
        <streetAddressLine>360 Ratke Lodge Apt 53</streetAddressLine>
        <city>Melrose</city>
        <state>Massachusetts</state>
        <postalCode>02176</postalCode>
      </addr>
      <telecom nullFlavor="NI"/>
      <patient>
        <name>
          <given>Benito209</given>
          <family>Delgado712</family>
        </name>
        <administrativeGenderCode code="M" codeSystem="2.16.840.1.113883.5.1" codeSystemName="HL7 AdministrativeGender"/>
        <birthTime value="20081212230642"/>
        <raceCode code="2106-3" displayName="white" codeSystemName="CDC Race and Ethnicity" codeSystem="2.16.840.1.113883.6.238"/>
        <ethnicGroupCode code="2186-5" displayName="non-hispanic" codeSystemName="CDC Race and Ethnicity" codeSystem="2.16.840.1.113883.6.238"/>
        <languageCommunication>
          <languageCode code="en-US"/>
        </languageCommunication>
      </patient>
    </patientRole>
  </recordTarget>
  <author>
    <time value="20250606230642"/>
    <assignedAuthor>
      <id nullFlavor="NA"/>
      <addr nullFlavor="NA" />
      <telecom nullFlavor="NA" />
      <assignedAuthoringDevice>
        <manufacturerModelName>https://github.com/synthetichealth/synthea</manufacturerModelName>
        <softwareName>https://github.com/synthetichealth/synthea</softwareName>
      </assignedAuthoringDevice>
      <representedOrganization>
        <id nullFlavor="NA"/>
        <name>DUTTON FAMILY CARE ASSOCIATES LLP</name>
        <telecom nullFlavor="NA"/>
        <addr>
          <streetAddressLine>33 AVON ST</streetAddressLine>
          <city>WAKEFIELD</city>
          <state>MA</state>
          <postalCode>018802310</postalCode>
        </addr>
      </representedOrganization>
    </assignedAuthor>
  </author>
  <custodian>
    <assignedCustodian>
      <representedCustodianOrganization>
        <id nullFlavor="NA"/>
        <name>DUTTON FAMILY CARE ASSOCIATES LLP</name>
        <telecom nullFlavor="NA"/>
        <addr>
          <streetAddressLine>33 AVON ST</streetAddressLine>
          <city>WAKEFIELD</city>
          <state>MA</state>
          <postalCode>018802310</postalCode>
        </addr>
      </representedCustodianOrganization>
    </assignedCustodian>
  </custodian>
  <documentationOf>
    <serviceEvent classCode="PCPR">
      <effectiveTime>
        <low value="20081212230642"/>
        <high value="20250606230642"/>
      </effectiveTime>
    </serviceEvent>
  </documentationOf>
  <component>
    <structuredBody>
<component>
  <!-- Allergies: patient has no allergies -->
  <section nullFlavor="NI">
    <templateId root="2.16.840.1.113883.10.20.22.2.6.1" extension="2015-08-01"/>
    <code code="48765-2" codeSystem="2.16.840.1.113883.6.1" codeSystemName="LOINC" displayName="Allergy List"/>
    <title>Allergies</title>                
    <text>There are no current allergies at the time of this document's creation.</text>
  </section>
</component><component>
  <!-- Medications: patient has no medications -->
  <section nullFlavor="NI">
		<templateId root="2.16.840.1.113883.10.20.22.2.1.1" extension="2014-06-09"/>
    <code code="10160-0" codeSystem="2.16.840.1.113883.6.1" codeSystemName="LOINC" displayName="History of medication use"/>
    <title>Medications</title>
    <text>There are no current medications at the time of this document's creation.</text>
  </section>
</component><component>
  <!--Diagnostic Results-->
  <section>
    <templateId root="2.16.840.1.113883.10.20.22.2.3.1" extension="2015-08-01"/>
    <templateId root="2.16.840.1.113883.10.20.22.2.3.1"/>
    <!--Diagnostic Results section template-->
    <code code="30954-2" codeSystem="2.16.840.1.113883.6.1" codeSystemName="LOINC" displayName="Results"/>
    <title>Diagnostic Results</title>
<text>
  <table border="1" width="100%">
    <thead>
      <tr>
        <th>Start</th>
        <th>Stop</th>
        <th>Description</th>
        <th>Code</th>
      </tr>
    </thead>
    <tbody>
        <tr>
          <td>2025-01-24T23:06:42+05:30</td>
          <td></td>
          <td ID="reports-desc-1">CBC panel - Blood by Automated count</td>
          <td ID="reports-code-1">http://loinc.org 58410-2</td>
        </tr>
        <tr>
          <td>2025-01-24T23:34:52+05:30</td>
          <td></td>
          <td ID="reports-desc-2">Generalized anxiety disorder 7 item (GAD-7)</td>
          <td ID="reports-code-2">http://loinc.org 69737-5</td>
        </tr>
        <tr>
          <td>2025-01-25T00:14:19+05:30</td>
          <td></td>
          <td ID="reports-desc-3">Patient Health Questionnaire-9: Modified for Teens [Reported.PHQ.Teen]</td>
          <td ID="reports-code-3">http://loinc.org 89206-7</td>
        </tr>
    </tbody>
  </table>
</text>
    <entry typeCode="DRIV">
      <organizer classCode="BATTERY" moodCode="EVN">
        <templateId root="2.16.840.1.113883.10.20.22.4.1" extension="2015-08-01"/>
        <templateId root="2.16.840.1.113883.10.20.22.4.1"/>
        <!--Result organizer template -->
        <id root="c8662ce2-3ecc-f470-0731-b489c46c15c6"/>
        <code code="58410-2" codeSystem="2.16.840.1.113883.6.1" codeSystemName="LOINC" displayName="CBC panel - Blood by Automated count"/>
        <statusCode code="completed"/>
        <effectiveTime>
          <low value="20250124230642"/>
          <high value="20250124230642"/>
        </effectiveTime>
        <component>
          <observation classCode="OBS" moodCode="EVN">
            <templateId root="2.16.840.1.113883.10.20.22.4.2" extension="2015-08-01"/>
            <templateId root="2.16.840.1.113883.10.20.22.4.2"/>
            <id root="d256b061-3e76-fc7e-bc4b-43fb4ac17870"/>
        <code  code="6690-2" codeSystem="2.16.840.1.113883.6.1" displayName="Leukocytes [#/volume] in Blood by Automated count">
          <originalText><reference value="#reports-desc-1"/></originalText>
        </code>
            <text>
              <reference value="#reports-desc-1"/>
            </text>
            <statusCode code="completed"/>
            <effectiveTime value="20250124230642"/>
            <value xsi:type="PQ" value="7.195619228033799" unit="10*3/uL"/>
          </observation>
        </component>
        <component>
          <observation classCode="OBS" moodCode="EVN">
            <templateId root="2.16.840.1.113883.10.20.22.4.2" extension="2015-08-01"/>
            <templateId root="2.16.840.1.113883.10.20.22.4.2"/>
            <id root="5ad599b3-6481-4285-2c0e-1d8575f28326"/>
        <code  code="789-8" codeSystem="2.16.840.1.113883.6.1" displayName="Erythrocytes [#/volume] in Blood by Automated count">
          <originalText><reference value="#reports-desc-1"/></originalText>
        </code>
            <text>
              <reference value="#reports-desc-1"/>
            </text>
            <statusCode code="completed"/>
            <effectiveTime value="20250124230642"/>
            <value xsi:type="PQ" value="4.845144568916942" unit="10*6/uL"/>
          </observation>
        </component>
        <component>
          <observation classCode="OBS" moodCode="EVN">
            <templateId root="2.16.840.1.113883.10.20.22.4.2" extension="2015-08-01"/>
            <templateId root="2.16.840.1.113883.10.20.22.4.2"/>
            <id root="98bf9102-d5e6-98cc-1368-05b776692f20"/>
        <code  code="718-7" codeSystem="2.16.840.1.113883.6.1" displayName="Hemoglobin [Mass/volume] in Blood">
          <originalText><reference value="#reports-desc-1"/></originalText>
        </code>
            <text>
              <reference value="#reports-desc-1"/>
            </text>
            <statusCode code="completed"/>
            <effectiveTime value="20250124230642"/>
            <value xsi:type="PQ" value="12.65452129794682" unit="g/dL"/>
          </observation>
        </component>
        <component>
          <observation classCode="OBS" moodCode="EVN">
            <templateId root="2.16.840.1.113883.10.20.22.4.2" extension="2015-08-01"/>
            <templateId root="2.16.840.1.113883.10.20.22.4.2"/>
            <id root="20fd8d73-e64f-ff2e-476a-86ecd2597c4b"/>
        <code  code="4544-3" codeSystem="2.16.840.1.113883.6.1" displayName="Hematocrit [Volume Fraction] of Blood by Automated count">
          <originalText><reference value="#reports-desc-1"/></originalText>
        </code>
            <text>
              <reference value="#reports-desc-1"/>
            </text>
            <statusCode code="completed"/>
            <effectiveTime value="20250124230642"/>
            <value xsi:type="PQ" value="36.8357091909933" unit="%"/>
          </observation>
        </component>
        <component>
          <observation classCode="OBS" moodCode="EVN">
            <templateId root="2.16.840.1.113883.10.20.22.4.2" extension="2015-08-01"/>
            <templateId root="2.16.840.1.113883.10.20.22.4.2"/>
            <id root="a890387c-99d2-3bb3-ad70-1fedd1450e91"/>
        <code  code="787-2" codeSystem="2.16.840.1.113883.6.1" displayName="MCV [Entitic volume] by Automated count">
          <originalText><reference value="#reports-desc-1"/></originalText>
        </code>
            <text>
              <reference value="#reports-desc-1"/>
            </text>
            <statusCode code="completed"/>
            <effectiveTime value="20250124230642"/>
            <value xsi:type="PQ" value="82.29148917717083" unit="fL"/>
          </observation>
        </component>
        <component>
          <observation classCode="OBS" moodCode="EVN">
            <templateId root="2.16.840.1.113883.10.20.22.4.2" extension="2015-08-01"/>
            <templateId root="2.16.840.1.113883.10.20.22.4.2"/>
            <id root="3d21dfe4-fd12-e138-91a0-462c26915306"/>
        <code  code="785-6" codeSystem="2.16.840.1.113883.6.1" displayName="MCH [Entitic mass] by Automated count">
          <originalText><reference value="#reports-desc-1"/></originalText>
        </code>
            <text>
              <reference value="#reports-desc-1"/>
            </text>
            <statusCode code="completed"/>
            <effectiveTime value="20250124230642"/>
            <value xsi:type="PQ" value="30.973176005441935" unit="pg"/>
          </observation>
        </component>
        <component>
          <observation classCode="OBS" moodCode="EVN">
            <templateId root="2.16.840.1.113883.10.20.22.4.2" extension="2015-08-01"/>
            <templateId root="2.16.840.1.113883.10.20.22.4.2"/>
            <id root="4f35b2eb-de20-5ff0-c247-29185acf52b9"/>
        <code  code="786-4" codeSystem="2.16.840.1.113883.6.1" displayName="MCHC [Mass/volume] by Automated count">
          <originalText><reference value="#reports-desc-1"/></originalText>
        </code>
            <text>
              <reference value="#reports-desc-1"/>
            </text>
            <statusCode code="completed"/>
            <effectiveTime value="20250124230642"/>
            <value xsi:type="PQ" value="33.85877746622656" unit="g/dL"/>
          </observation>
        </component>
        <component>
          <observation classCode="OBS" moodCode="EVN">
            <templateId root="2.16.840.1.113883.10.20.22.4.2" extension="2015-08-01"/>
            <templateId root="2.16.840.1.113883.10.20.22.4.2"/>
            <id root="325b191e-a9e2-d8d8-af3c-95c88f290e00"/>
        <code  code="21000-5" codeSystem="2.16.840.1.113883.6.1" displayName="Erythrocyte distribution width [Entitic volume] by Automated count">
          <originalText><reference value="#reports-desc-1"/></originalText>
        </code>
            <text>
              <reference value="#reports-desc-1"/>
            </text>
            <statusCode code="completed"/>
            <effectiveTime value="20250124230642"/>
            <value xsi:type="PQ" value="39.83175751218366" unit="fL"/>
          </observation>
        </component>
        <component>
          <observation classCode="OBS" moodCode="EVN">
            <templateId root="2.16.840.1.113883.10.20.22.4.2" extension="2015-08-01"/>
            <templateId root="2.16.840.1.113883.10.20.22.4.2"/>
            <id root="b44c3d8c-c42d-647c-f82f-206b31ff245b"/>
        <code  code="777-3" codeSystem="2.16.840.1.113883.6.1" displayName="Platelets [#/volume] in Blood by Automated count">
          <originalText><reference value="#reports-desc-1"/></originalText>
        </code>
            <text>
              <reference value="#reports-desc-1"/>
            </text>
            <statusCode code="completed"/>
            <effectiveTime value="20250124230642"/>
            <value xsi:type="PQ" value="244.27923873916603" unit="10*3/uL"/>
          </observation>
        </component>
        <component>
          <observation classCode="OBS" moodCode="EVN">
            <templateId root="2.16.840.1.113883.10.20.22.4.2" extension="2015-08-01"/>
            <templateId root="2.16.840.1.113883.10.20.22.4.2"/>
            <id root="34a6d356-3d0b-baa1-d5ce-4d31a6f32c45"/>
        <code  code="32207-3" codeSystem="2.16.840.1.113883.6.1" displayName="Platelet distribution width [Entitic volume] in Blood by Automated count">
          <originalText><reference value="#reports-desc-1"/></originalText>
        </code>
            <text>
              <reference value="#reports-desc-1"/>
            </text>
            <statusCode code="completed"/>
            <effectiveTime value="20250124230642"/>
            <value xsi:type="PQ" value="367.2202913839751" unit="fL"/>
          </observation>
        </component>
        <component>
          <observation classCode="OBS" moodCode="EVN">
            <templateId root="2.16.840.1.113883.10.20.22.4.2" extension="2015-08-01"/>
            <templateId root="2.16.840.1.113883.10.20.22.4.2"/>
            <id root="e770b0c9-6d4c-7ba7-7151-64c1b001c384"/>
        <code  code="32623-1" codeSystem="2.16.840.1.113883.6.1" displayName="Platelet mean volume [Entitic volume] in Blood by Automated count">
          <originalText><reference value="#reports-desc-1"/></originalText>
        </code>
            <text>
              <reference value="#reports-desc-1"/>
            </text>
            <statusCode code="completed"/>
            <effectiveTime value="20250124230642"/>
            <value xsi:type="PQ" value="11.461313678605205" unit="fL"/>
          </observation>
        </component>
      </organizer>
    </entry>
    <entry typeCode="DRIV">
      <organizer classCode="BATTERY" moodCode="EVN">
        <templateId root="2.16.840.1.113883.10.20.22.4.1" extension="2015-08-01"/>
        <templateId root="2.16.840.1.113883.10.20.22.4.1"/>
        <!--Result organizer template -->
        <id root="d6b19213-9dad-c414-b6ac-1cde6c9c2201"/>
        <code code="69737-5" codeSystem="2.16.840.1.113883.6.1" codeSystemName="LOINC" displayName="Generalized anxiety disorder 7 item (GAD-7)"/>
        <statusCode code="completed"/>
        <effectiveTime>
          <low value="20250124233452"/>
          <high value="20250124233452"/>
        </effectiveTime>
        <component>
          <observation classCode="OBS" moodCode="EVN">
            <templateId root="2.16.840.1.113883.10.20.22.4.2" extension="2015-08-01"/>
            <templateId root="2.16.840.1.113883.10.20.22.4.2"/>
            <id root="f0eadafd-0f17-651e-4b43-87ab7e4f32bf"/>
        <code  code="70274-6" codeSystem="2.16.840.1.113883.6.1" displayName="Generalized anxiety disorder 7 item (GAD-7) total score [Reported.PHQ]">
          <originalText><reference value="#reports-desc-2"/></originalText>
        </code>
            <text>
              <reference value="#reports-desc-2"/>
            </text>
            <statusCode code="completed"/>
            <effectiveTime value="20250124233452"/>
            <value xsi:type="PQ" value="3" unit="{score}"/>
          </observation>
        </component>
      </organizer>
    </entry>
    <entry typeCode="DRIV">
      <organizer classCode="BATTERY" moodCode="EVN">
        <templateId root="2.16.840.1.113883.10.20.22.4.1" extension="2015-08-01"/>
        <templateId root="2.16.840.1.113883.10.20.22.4.1"/>
        <!--Result organizer template -->
        <id root="d9c4256c-d752-0e94-0d23-2e8a8d53a0a8"/>
        <code code="89206-7" codeSystem="2.16.840.1.113883.6.1" codeSystemName="LOINC" displayName="Patient Health Questionnaire-9: Modified for Teens [Reported.PHQ.Teen]"/>
        <statusCode code="completed"/>
        <effectiveTime>
          <low value="20250125001419"/>
          <high value="20250125001419"/>
        </effectiveTime>
        <component>
          <observation classCode="OBS" moodCode="EVN">
            <templateId root="2.16.840.1.113883.10.20.22.4.2" extension="2015-08-01"/>
            <templateId root="2.16.840.1.113883.10.20.22.4.2"/>
            <id root="92a8c58d-0c6f-d07c-e51b-bbe2e3fc66bd"/>
        <code  code="89204-2" codeSystem="2.16.840.1.113883.6.1" displayName="Patient Health Questionnaire-9: Modified for Teens total score [Reported.PHQ.Teen]">
          <originalText><reference value="#reports-desc-3"/></originalText>
        </code>
            <text>
              <reference value="#reports-desc-3"/>
            </text>
            <statusCode code="completed"/>
            <effectiveTime value="20250125001419"/>
            <value xsi:type="PQ" value="3" unit="{score}"/>
          </observation>
        </component>
      </organizer>
    </entry>
  </section>
</component><component>
  <!--Problems-->
  <section>
    <templateId root="2.16.840.1.113883.10.20.22.2.5.1" extension="2015-08-01"/>
    <!--Problems section template-->
    <code code="11450-4" codeSystem="2.16.840.1.113883.6.1" codeSystemName="LOINC" displayName="Problem list"/>
    <title>Problems</title>
<text>
  <table border="1" width="100%">
    <thead>
      <tr>
        <th>Start</th>
        <th>Stop</th>
        <th>Description</th>
        <th>Code</th>
      </tr>
    </thead>
    <tbody>
        <tr>
          <td>2008-12-12T23:06:42+05:30</td>
          <td>2009-01-16T23:06:42+05:30</td>
          <td ID="conditions-desc-1">Medication review due (situation)</td>
          <td ID="conditions-code-1">http://snomed.info/sct 314529007</td>
        </tr>
        <tr>
          <td>2009-03-20T23:06:42+05:30</td>
          <td>2009-11-20T23:06:42+05:30</td>
          <td ID="conditions-desc-2">Medication review due (situation)</td>
          <td ID="conditions-code-2">http://snomed.info/sct 314529007</td>
        </tr>
        <tr>
          <td>2010-02-19T23:06:42+05:30</td>
          <td>2011-11-18T23:06:42+05:30</td>
          <td ID="conditions-desc-3">Medication review due (situation)</td>
          <td ID="conditions-code-3">http://snomed.info/sct 314529007</td>
        </tr>
        <tr>
          <td>2012-05-18T23:06:42+05:30</td>
          <td>2012-05-18T23:06:42+05:30</td>
          <td ID="conditions-desc-4">Medication review due (situation)</td>
          <td ID="conditions-code-4">http://snomed.info/sct 314529007</td>
        </tr>
        <tr>
          <td>2012-11-16T23:06:42+05:30</td>
          <td>2012-11-16T23:06:42+05:30</td>
          <td ID="conditions-desc-5">Medication review due (situation)</td>
          <td ID="conditions-code-5">http://snomed.info/sct 314529007</td>
        </tr>
        <tr>
          <td>2013-11-22T23:06:42+05:30</td>
          <td>2014-11-28T23:06:42+05:30</td>
          <td ID="conditions-desc-6">Medication review due (situation)</td>
          <td ID="conditions-code-6">http://snomed.info/sct 314529007</td>
        </tr>
        <tr>
          <td>2015-12-04T23:06:42+05:30</td>
          <td>2018-12-21T23:06:42+05:30</td>
          <td ID="conditions-desc-7">Medication review due (situation)</td>
          <td ID="conditions-code-7">http://snomed.info/sct 314529007</td>
        </tr>
        <tr>
          <td>2019-12-27T23:06:42+05:30</td>
          <td>2019-12-27T23:06:42+05:30</td>
          <td ID="conditions-desc-8">Medication review due (situation)</td>
          <td ID="conditions-code-8">http://snomed.info/sct 314529007</td>
        </tr>
        <tr>
          <td>2021-01-01T23:06:42+05:30</td>
          <td>2023-01-13T23:06:42+05:30</td>
          <td ID="conditions-desc-9">Medication review due (situation)</td>
          <td ID="conditions-code-9">http://snomed.info/sct 314529007</td>
        </tr>
        <tr>
          <td>2024-01-19T23:06:42+05:30</td>
          <td></td>
          <td ID="conditions-desc-10">Medication review due (situation)</td>
          <td ID="conditions-code-10">http://snomed.info/sct 314529007</td>
        </tr>
        <tr>
          <td>2025-01-25T00:50:56+05:30</td>
          <td></td>
          <td ID="conditions-desc-11">Risk activity involvement (finding)</td>
          <td ID="conditions-code-11">http://snomed.info/sct 160968000</td>
        </tr>
    </tbody>
  </table>
</text>
    <entry typeCode="DRIV">
      <act classCode="ACT" moodCode="EVN">
        <templateId root="2.16.840.1.113883.10.20.22.4.3"/>
        <templateId root="2.16.840.1.113883.10.20.22.4.3" extension="2015-08-01"/>
        <!-- Problem act template -->
        <id root="aa721273-8dab-eaf8-f913-08d4b0f885c3"/>
        <code nullFlavor="NA"/>
        <statusCode code="completed"/>
        <effectiveTime>
          <low value="20081212230642"/>
          <high value="20090116230642"/>
        </effectiveTime>
        <entryRelationship typeCode="SUBJ" inversionInd="false">
          <observation classCode="OBS" moodCode="EVN">
            <templateId root="2.16.840.1.113883.10.20.22.4.4"/>
            <templateId root="2.16.840.1.113883.10.20.22.4.4" extension="2015-08-01"/>
            <!--Problem observation template - NOT episode template-->
            <id root="17f7059c-dadb-81d9-d1f8-e610ff653283"/>
            <code code="64572001" displayName="Condition" codeSystem="2.16.840.1.113883.6.96" codeSystemName="SNOMED-CT">
              <translation code="75323-6" displayName="Condition" codeSystem="2.16.840.1.113883.6.1" codeSystemName="LOINC"/>
            </code>
            <text>
              <reference value="#conditions-desc-1"/>
            </text>
            <statusCode code="completed"/>
            <effectiveTime>
              <low value="20081212230642"/>
              <high value="20090116230642"/>
            </effectiveTime>
            <priorityCode code="8319008" codeSystem="2.16.840.1.113883.6.96" displayName="Principal diagnosis" />
        <value xsi:type="CD" code="314529007" codeSystem="2.16.840.1.113883.6.96" displayName="Medication review due (situation)">
          <originalText><reference value="#conditions-desc-1"/></originalText>
        </value>
          </observation>
        </entryRelationship>
      </act>
    </entry>
    <entry typeCode="DRIV">
      <act classCode="ACT" moodCode="EVN">
        <templateId root="2.16.840.1.113883.10.20.22.4.3"/>
        <templateId root="2.16.840.1.113883.10.20.22.4.3" extension="2015-08-01"/>
        <!-- Problem act template -->
        <id root="d3a0181c-a0e3-316a-b2ba-1fa4836f21de"/>
        <code nullFlavor="NA"/>
        <statusCode code="completed"/>
        <effectiveTime>
          <low value="20090320230642"/>
          <high value="20091120230642"/>
        </effectiveTime>
        <entryRelationship typeCode="SUBJ" inversionInd="false">
          <observation classCode="OBS" moodCode="EVN">
            <templateId root="2.16.840.1.113883.10.20.22.4.4"/>
            <templateId root="2.16.840.1.113883.10.20.22.4.4" extension="2015-08-01"/>
            <!--Problem observation template - NOT episode template-->
            <id root="53ec987d-9447-eab1-224a-45b327290c60"/>
            <code code="64572001" displayName="Condition" codeSystem="2.16.840.1.113883.6.96" codeSystemName="SNOMED-CT">
              <translation code="75323-6" displayName="Condition" codeSystem="2.16.840.1.113883.6.1" codeSystemName="LOINC"/>
            </code>
            <text>
              <reference value="#conditions-desc-2"/>
            </text>
            <statusCode code="completed"/>
            <effectiveTime>
              <low value="20090320230642"/>
              <high value="20091120230642"/>
            </effectiveTime>
            <priorityCode code="8319008" codeSystem="2.16.840.1.113883.6.96" displayName="Principal diagnosis" />
        <value xsi:type="CD" code="314529007" codeSystem="2.16.840.1.113883.6.96" displayName="Medication review due (situation)">
          <originalText><reference value="#conditions-desc-2"/></originalText>
        </value>
          </observation>
        </entryRelationship>
      </act>
    </entry>
    <entry typeCode="DRIV">
      <act classCode="ACT" moodCode="EVN">
        <templateId root="2.16.840.1.113883.10.20.22.4.3"/>
        <templateId root="2.16.840.1.113883.10.20.22.4.3" extension="2015-08-01"/>
        <!-- Problem act template -->
        <id root="d7032445-e015-8175-8333-0827c63126b1"/>
        <code nullFlavor="NA"/>
        <statusCode code="completed"/>
        <effectiveTime>
          <low value="20100219230642"/>
          <high value="20111118230642"/>
        </effectiveTime>
        <entryRelationship typeCode="SUBJ" inversionInd="false">
          <observation classCode="OBS" moodCode="EVN">
            <templateId root="2.16.840.1.113883.10.20.22.4.4"/>
            <templateId root="2.16.840.1.113883.10.20.22.4.4" extension="2015-08-01"/>
            <!--Problem observation template - NOT episode template-->
            <id root="8e563279-89a8-62a8-fce9-74d80e4d4444"/>
            <code code="64572001" displayName="Condition" codeSystem="2.16.840.1.113883.6.96" codeSystemName="SNOMED-CT">
              <translation code="75323-6" displayName="Condition" codeSystem="2.16.840.1.113883.6.1" codeSystemName="LOINC"/>
            </code>
            <text>
              <reference value="#conditions-desc-3"/>
            </text>
            <statusCode code="completed"/>
            <effectiveTime>
              <low value="20100219230642"/>
              <high value="20111118230642"/>
            </effectiveTime>
            <priorityCode code="8319008" codeSystem="2.16.840.1.113883.6.96" displayName="Principal diagnosis" />
        <value xsi:type="CD" code="314529007" codeSystem="2.16.840.1.113883.6.96" displayName="Medication review due (situation)">
          <originalText><reference value="#conditions-desc-3"/></originalText>
        </value>
          </observation>
        </entryRelationship>
      </act>
    </entry>
    <entry typeCode="DRIV">
      <act classCode="ACT" moodCode="EVN">
        <templateId root="2.16.840.1.113883.10.20.22.4.3"/>
        <templateId root="2.16.840.1.113883.10.20.22.4.3" extension="2015-08-01"/>
        <!-- Problem act template -->
        <id root="24250422-eb42-ef82-631f-7e9edc8e7416"/>
        <code nullFlavor="NA"/>
        <statusCode code="completed"/>
        <effectiveTime>
          <low value="20120518230642"/>
          <high value="20120518230642"/>
        </effectiveTime>
        <entryRelationship typeCode="SUBJ" inversionInd="false">
          <observation classCode="OBS" moodCode="EVN">
            <templateId root="2.16.840.1.113883.10.20.22.4.4"/>
            <templateId root="2.16.840.1.113883.10.20.22.4.4" extension="2015-08-01"/>
            <!--Problem observation template - NOT episode template-->
            <id root="5d14a826-15af-61fa-8b80-f57b69af0e04"/>
            <code code="64572001" displayName="Condition" codeSystem="2.16.840.1.113883.6.96" codeSystemName="SNOMED-CT">
              <translation code="75323-6" displayName="Condition" codeSystem="2.16.840.1.113883.6.1" codeSystemName="LOINC"/>
            </code>
            <text>
              <reference value="#conditions-desc-4"/>
            </text>
            <statusCode code="completed"/>
            <effectiveTime>
              <low value="20120518230642"/>
              <high value="20120518230642"/>
            </effectiveTime>
            <priorityCode code="8319008" codeSystem="2.16.840.1.113883.6.96" displayName="Principal diagnosis" />
        <value xsi:type="CD" code="314529007" codeSystem="2.16.840.1.113883.6.96" displayName="Medication review due (situation)">
          <originalText><reference value="#conditions-desc-4"/></originalText>
        </value>
          </observation>
        </entryRelationship>
      </act>
    </entry>
    <entry typeCode="DRIV">
      <act classCode="ACT" moodCode="EVN">
        <templateId root="2.16.840.1.113883.10.20.22.4.3"/>
        <templateId root="2.16.840.1.113883.10.20.22.4.3" extension="2015-08-01"/>
        <!-- Problem act template -->
        <id root="35aafed3-4a36-349c-2b63-361f07a6affe"/>
        <code nullFlavor="NA"/>
        <statusCode code="completed"/>
        <effectiveTime>
          <low value="20121116230642"/>
          <high value="20121116230642"/>
        </effectiveTime>
        <entryRelationship typeCode="SUBJ" inversionInd="false">
          <observation classCode="OBS" moodCode="EVN">
            <templateId root="2.16.840.1.113883.10.20.22.4.4"/>
            <templateId root="2.16.840.1.113883.10.20.22.4.4" extension="2015-08-01"/>
            <!--Problem observation template - NOT episode template-->
            <id root="2e8c8800-e3a0-ff23-57dd-b129120be913"/>
            <code code="64572001" displayName="Condition" codeSystem="2.16.840.1.113883.6.96" codeSystemName="SNOMED-CT">
              <translation code="75323-6" displayName="Condition" codeSystem="2.16.840.1.113883.6.1" codeSystemName="LOINC"/>
            </code>
            <text>
              <reference value="#conditions-desc-5"/>
            </text>
            <statusCode code="completed"/>
            <effectiveTime>
              <low value="20121116230642"/>
              <high value="20121116230642"/>
            </effectiveTime>
            <priorityCode code="8319008" codeSystem="2.16.840.1.113883.6.96" displayName="Principal diagnosis" />
        <value xsi:type="CD" code="314529007" codeSystem="2.16.840.1.113883.6.96" displayName="Medication review due (situation)">
          <originalText><reference value="#conditions-desc-5"/></originalText>
        </value>
          </observation>
        </entryRelationship>
      </act>
    </entry>
    <entry typeCode="DRIV">
      <act classCode="ACT" moodCode="EVN">
        <templateId root="2.16.840.1.113883.10.20.22.4.3"/>
        <templateId root="2.16.840.1.113883.10.20.22.4.3" extension="2015-08-01"/>
        <!-- Problem act template -->
        <id root="a1c8fdbb-a9fe-1a03-73a3-60256e4c9c19"/>
        <code nullFlavor="NA"/>
        <statusCode code="completed"/>
        <effectiveTime>
          <low value="20131122230642"/>
          <high value="20141128230642"/>
        </effectiveTime>
        <entryRelationship typeCode="SUBJ" inversionInd="false">
          <observation classCode="OBS" moodCode="EVN">
            <templateId root="2.16.840.1.113883.10.20.22.4.4"/>
            <templateId root="2.16.840.1.113883.10.20.22.4.4" extension="2015-08-01"/>
            <!--Problem observation template - NOT episode template-->
            <id root="4be2a6d8-6d6c-8d6d-89c0-76084435733a"/>
            <code code="64572001" displayName="Condition" codeSystem="2.16.840.1.113883.6.96" codeSystemName="SNOMED-CT">
              <translation code="75323-6" displayName="Condition" codeSystem="2.16.840.1.113883.6.1" codeSystemName="LOINC"/>
            </code>
            <text>
              <reference value="#conditions-desc-6"/>
            </text>
            <statusCode code="completed"/>
            <effectiveTime>
              <low value="20131122230642"/>
              <high value="20141128230642"/>
            </effectiveTime>
            <priorityCode code="8319008" codeSystem="2.16.840.1.113883.6.96" displayName="Principal diagnosis" />
        <value xsi:type="CD" code="314529007" codeSystem="2.16.840.1.113883.6.96" displayName="Medication review due (situation)">
          <originalText><reference value="#conditions-desc-6"/></originalText>
        </value>
          </observation>
        </entryRelationship>
      </act>
    </entry>
    <entry typeCode="DRIV">
      <act classCode="ACT" moodCode="EVN">
        <templateId root="2.16.840.1.113883.10.20.22.4.3"/>
        <templateId root="2.16.840.1.113883.10.20.22.4.3" extension="2015-08-01"/>
        <!-- Problem act template -->
        <id root="b00d027c-5b35-304a-b8bd-bc4e145d6442"/>
        <code nullFlavor="NA"/>
        <statusCode code="completed"/>
        <effectiveTime>
          <low value="20151204230642"/>
          <high value="20181221230642"/>
        </effectiveTime>
        <entryRelationship typeCode="SUBJ" inversionInd="false">
          <observation classCode="OBS" moodCode="EVN">
            <templateId root="2.16.840.1.113883.10.20.22.4.4"/>
            <templateId root="2.16.840.1.113883.10.20.22.4.4" extension="2015-08-01"/>
            <!--Problem observation template - NOT episode template-->
            <id root="144a8e6b-eaa9-10ca-17db-c01a02a33288"/>
            <code code="64572001" displayName="Condition" codeSystem="2.16.840.1.113883.6.96" codeSystemName="SNOMED-CT">
              <translation code="75323-6" displayName="Condition" codeSystem="2.16.840.1.113883.6.1" codeSystemName="LOINC"/>
            </code>
            <text>
              <reference value="#conditions-desc-7"/>
            </text>
            <statusCode code="completed"/>
            <effectiveTime>
              <low value="20151204230642"/>
              <high value="20181221230642"/>
            </effectiveTime>
            <priorityCode code="8319008" codeSystem="2.16.840.1.113883.6.96" displayName="Principal diagnosis" />
        <value xsi:type="CD" code="314529007" codeSystem="2.16.840.1.113883.6.96" displayName="Medication review due (situation)">
          <originalText><reference value="#conditions-desc-7"/></originalText>
        </value>
          </observation>
        </entryRelationship>
      </act>
    </entry>
    <entry typeCode="DRIV">
      <act classCode="ACT" moodCode="EVN">
        <templateId root="2.16.840.1.113883.10.20.22.4.3"/>
        <templateId root="2.16.840.1.113883.10.20.22.4.3" extension="2015-08-01"/>
        <!-- Problem act template -->
        <id root="7b7ed738-eb27-cfaa-763f-b1e95216c1ba"/>
        <code nullFlavor="NA"/>
        <statusCode code="completed"/>
        <effectiveTime>
          <low value="20191227230642"/>
          <high value="20191227230642"/>
        </effectiveTime>
        <entryRelationship typeCode="SUBJ" inversionInd="false">
          <observation classCode="OBS" moodCode="EVN">
            <templateId root="2.16.840.1.113883.10.20.22.4.4"/>
            <templateId root="2.16.840.1.113883.10.20.22.4.4" extension="2015-08-01"/>
            <!--Problem observation template - NOT episode template-->
            <id root="487ab251-52c4-9ae3-6a0e-52c2cc028a86"/>
            <code code="64572001" displayName="Condition" codeSystem="2.16.840.1.113883.6.96" codeSystemName="SNOMED-CT">
              <translation code="75323-6" displayName="Condition" codeSystem="2.16.840.1.113883.6.1" codeSystemName="LOINC"/>
            </code>
            <text>
              <reference value="#conditions-desc-8"/>
            </text>
            <statusCode code="completed"/>
            <effectiveTime>
              <low value="20191227230642"/>
              <high value="20191227230642"/>
            </effectiveTime>
            <priorityCode code="8319008" codeSystem="2.16.840.1.113883.6.96" displayName="Principal diagnosis" />
        <value xsi:type="CD" code="314529007" codeSystem="2.16.840.1.113883.6.96" displayName="Medication review due (situation)">
          <originalText><reference value="#conditions-desc-8"/></originalText>
        </value>
          </observation>
        </entryRelationship>
      </act>
    </entry>
    <entry typeCode="DRIV">
      <act classCode="ACT" moodCode="EVN">
        <templateId root="2.16.840.1.113883.10.20.22.4.3"/>
        <templateId root="2.16.840.1.113883.10.20.22.4.3" extension="2015-08-01"/>
        <!-- Problem act template -->
        <id root="b655d2fe-60bc-3b47-c274-00d38f8a31fa"/>
        <code nullFlavor="NA"/>
        <statusCode code="completed"/>
        <effectiveTime>
          <low value="20210101230642"/>
          <high value="20230113230642"/>
        </effectiveTime>
        <entryRelationship typeCode="SUBJ" inversionInd="false">
          <observation classCode="OBS" moodCode="EVN">
            <templateId root="2.16.840.1.113883.10.20.22.4.4"/>
            <templateId root="2.16.840.1.113883.10.20.22.4.4" extension="2015-08-01"/>
            <!--Problem observation template - NOT episode template-->
            <id root="40348f18-6123-e570-9cef-668877b450af"/>
            <code code="64572001" displayName="Condition" codeSystem="2.16.840.1.113883.6.96" codeSystemName="SNOMED-CT">
              <translation code="75323-6" displayName="Condition" codeSystem="2.16.840.1.113883.6.1" codeSystemName="LOINC"/>
            </code>
            <text>
              <reference value="#conditions-desc-9"/>
            </text>
            <statusCode code="completed"/>
            <effectiveTime>
              <low value="20210101230642"/>
              <high value="20230113230642"/>
            </effectiveTime>
            <priorityCode code="8319008" codeSystem="2.16.840.1.113883.6.96" displayName="Principal diagnosis" />
        <value xsi:type="CD" code="314529007" codeSystem="2.16.840.1.113883.6.96" displayName="Medication review due (situation)">
          <originalText><reference value="#conditions-desc-9"/></originalText>
        </value>
          </observation>
        </entryRelationship>
      </act>
    </entry>
    <entry typeCode="DRIV">
      <act classCode="ACT" moodCode="EVN">
        <templateId root="2.16.840.1.113883.10.20.22.4.3"/>
        <templateId root="2.16.840.1.113883.10.20.22.4.3" extension="2015-08-01"/>
        <!-- Problem act template -->
        <id root="23e4a10e-5f2b-a835-6fb5-047583b206ea"/>
        <code nullFlavor="NA"/>
        <statusCode code="active"/>
        <effectiveTime>
          <low value="20240119230642"/>
          
        </effectiveTime>
        <entryRelationship typeCode="SUBJ" inversionInd="false">
          <observation classCode="OBS" moodCode="EVN">
            <templateId root="2.16.840.1.113883.10.20.22.4.4"/>
            <templateId root="2.16.840.1.113883.10.20.22.4.4" extension="2015-08-01"/>
            <!--Problem observation template - NOT episode template-->
            <id root="120d17b0-27f0-bdc9-fcc9-6f18e42ab41e"/>
            <code code="64572001" displayName="Condition" codeSystem="2.16.840.1.113883.6.96" codeSystemName="SNOMED-CT">
              <translation code="75323-6" displayName="Condition" codeSystem="2.16.840.1.113883.6.1" codeSystemName="LOINC"/>
            </code>
            <text>
              <reference value="#conditions-desc-10"/>
            </text>
            <statusCode code="completed"/>
            <effectiveTime>
              <low value="20240119230642"/>
              
            </effectiveTime>
            <priorityCode code="8319008" codeSystem="2.16.840.1.113883.6.96" displayName="Principal diagnosis" />
        <value xsi:type="CD" code="314529007" codeSystem="2.16.840.1.113883.6.96" displayName="Medication review due (situation)">
          <originalText><reference value="#conditions-desc-10"/></originalText>
        </value>
          </observation>
        </entryRelationship>
      </act>
    </entry>
    <entry typeCode="DRIV">
      <act classCode="ACT" moodCode="EVN">
        <templateId root="2.16.840.1.113883.10.20.22.4.3"/>
        <templateId root="2.16.840.1.113883.10.20.22.4.3" extension="2015-08-01"/>
        <!-- Problem act template -->
        <id root="ce229112-2b99-435f-aafc-bf670c9a4630"/>
        <code nullFlavor="NA"/>
        <statusCode code="active"/>
        <effectiveTime>
          <low value="20250125005056"/>
          
        </effectiveTime>
        <entryRelationship typeCode="SUBJ" inversionInd="false">
          <observation classCode="OBS" moodCode="EVN">
            <templateId root="2.16.840.1.113883.10.20.22.4.4"/>
            <templateId root="2.16.840.1.113883.10.20.22.4.4" extension="2015-08-01"/>
            <!--Problem observation template - NOT episode template-->
            <id root="e1841508-b32b-15bd-246c-bd90e3116c89"/>
            <code code="64572001" displayName="Condition" codeSystem="2.16.840.1.113883.6.96" codeSystemName="SNOMED-CT">
              <translation code="75323-6" displayName="Condition" codeSystem="2.16.840.1.113883.6.1" codeSystemName="LOINC"/>
            </code>
            <text>
              <reference value="#conditions-desc-11"/>
            </text>
            <statusCode code="completed"/>
            <effectiveTime>
              <low value="20250125005056"/>
              
            </effectiveTime>
            <priorityCode code="8319008" codeSystem="2.16.840.1.113883.6.96" displayName="Principal diagnosis" />
        <value xsi:type="CD" code="160968000" codeSystem="2.16.840.1.113883.6.96" displayName="Risk activity involvement (finding)">
          <originalText><reference value="#conditions-desc-11"/></originalText>
        </value>
          </observation>
        </entryRelationship>
      </act>
    </entry>
  </section>
</component>
<component>
  <!--Surgeries-->
  <section>
    <templateId root="2.16.840.1.113883.10.20.22.2.7.1" extension="2014-06-09"/>
    <!--Surgeries section template-->
    <code code="47519-4" codeSystem="2.16.840.1.113883.6.1" codeSystemName="LOINC" displayName="List of surgeries"/>
    <title>Surgeries</title>
<text>
  <table border="1" width="100%">
    <thead>
      <tr>
        <th>Start</th>
        <th>Stop</th>
        <th>Description</th>
        <th>Code</th>
      </tr>
    </thead>
    <tbody>
        <tr>
          <td>2024-01-19T23:06:42+05:30</td>
          <td>2024-01-19T23:20:42+05:30</td>
          <td ID="procedures-desc-1">Assessment of substance use (procedure)</td>
          <td ID="procedures-code-1">http://snomed.info/sct 428211000124100</td>
        </tr>
        <tr>
          <td>2024-01-19T23:20:42+05:30</td>
          <td>2024-01-19T23:48:05+05:30</td>
          <td ID="procedures-desc-2">Assessment using Car, Relax, Alone, Forget, Friends, Trouble Screening Test (procedure)</td>
          <td ID="procedures-code-2">http://snomed.info/sct 868187001</td>
        </tr>
        <tr>
          <td>2024-01-19T23:48:05+05:30</td>
          <td>2024-01-19T23:55:47+05:30</td>
          <td ID="procedures-desc-3">Anticipatory guidance (procedure)</td>
          <td ID="procedures-code-3">http://snomed.info/sct 386516004</td>
        </tr>
        <tr>
          <td>2025-01-24T23:06:42+05:30</td>
          <td>2025-01-24T23:34:52+05:30</td>
          <td ID="procedures-desc-4">Assessment of anxiety (procedure)</td>
          <td ID="procedures-code-4">http://snomed.info/sct 710841007</td>
        </tr>
        <tr>
          <td>2025-01-24T23:34:52+05:30</td>
          <td>2025-01-24T23:46:38+05:30</td>
          <td ID="procedures-desc-5">Depression screening (procedure)</td>
          <td ID="procedures-code-5">http://snomed.info/sct 171207006</td>
        </tr>
        <tr>
          <td>2025-01-24T23:46:38+05:30</td>
          <td>2025-01-25T00:14:19+05:30</td>
          <td ID="procedures-desc-6">Depression screening using Patient Health Questionnaire Nine Item score (procedure)</td>
          <td ID="procedures-code-6">http://snomed.info/sct 715252007</td>
        </tr>
        <tr>
          <td>2025-01-25T00:14:19+05:30</td>
          <td>2025-01-25T00:24:59+05:30</td>
          <td ID="procedures-desc-7">Assessment of substance use (procedure)</td>
          <td ID="procedures-code-7">http://snomed.info/sct 428211000124100</td>
        </tr>
        <tr>
          <td>2025-01-25T00:24:59+05:30</td>
          <td>2025-01-25T00:50:56+05:30</td>
          <td ID="procedures-desc-8">Assessment using Car, Relax, Alone, Forget, Friends, Trouble Screening Test (procedure)</td>
          <td ID="procedures-code-8">http://snomed.info/sct 868187001</td>
        </tr>
        <tr>
          <td>2025-01-25T00:50:56+05:30</td>
          <td>2025-01-25T01:04:54+05:30</td>
          <td ID="procedures-desc-9">Health risks education (procedure)</td>
          <td ID="procedures-code-9">http://snomed.info/sct 370995009</td>
        </tr>
    </tbody>
  </table>
</text>
    <entry typeCode="DRIV">
      <procedure classCode="PROC" moodCode="EVN">
        <templateId root="2.16.840.1.113883.10.20.22.4.14"/>
        <!-- Procedure activity template -->
        <id root="9a85c7bf-d00b-6c59-27d8-206c57195ab1"/>
        <code  code="428211000124100" codeSystem="2.16.840.1.113883.6.96" displayName="Assessment of substance use (procedure)">
          <originalText><reference value="#procedures-desc-1"/></originalText>
        </code>
        <text>
          <reference value="#procedures-desc-1"/>
        </text>
        <statusCode code="completed"/>
        <effectiveTime value="20240119230642"/>
      </procedure>
    </entry>
    <entry typeCode="DRIV">
      <procedure classCode="PROC" moodCode="EVN">
        <templateId root="2.16.840.1.113883.10.20.22.4.14"/>
        <!-- Procedure activity template -->
        <id root="c9fce8ec-75bc-9734-ddc4-ee7a50c1163f"/>
        <code  code="868187001" codeSystem="2.16.840.1.113883.6.96" displayName="Assessment using Car, Relax, Alone, Forget, Friends, Trouble Screening Test (procedure)">
          <originalText><reference value="#procedures-desc-2"/></originalText>
        </code>
        <text>
          <reference value="#procedures-desc-2"/>
        </text>
        <statusCode code="completed"/>
        <effectiveTime value="20240119232042"/>
      </procedure>
    </entry>
    <entry typeCode="DRIV">
      <procedure classCode="PROC" moodCode="EVN">
        <templateId root="2.16.840.1.113883.10.20.22.4.14"/>
        <!-- Procedure activity template -->
        <id root="8d190d07-6f57-96a7-1230-85171fe4aaac"/>
        <code  code="386516004" codeSystem="2.16.840.1.113883.6.96" displayName="Anticipatory guidance (procedure)">
          <originalText><reference value="#procedures-desc-3"/></originalText>
        </code>
        <text>
          <reference value="#procedures-desc-3"/>
        </text>
        <statusCode code="completed"/>
        <effectiveTime value="20240119234805"/>
      </procedure>
    </entry>
    <entry typeCode="DRIV">
      <procedure classCode="PROC" moodCode="EVN">
        <templateId root="2.16.840.1.113883.10.20.22.4.14"/>
        <!-- Procedure activity template -->
        <id root="4f35b7ca-6350-6944-bd68-64bd4ac0a19d"/>
        <code  code="710841007" codeSystem="2.16.840.1.113883.6.96" displayName="Assessment of anxiety (procedure)">
          <originalText><reference value="#procedures-desc-4"/></originalText>
        </code>
        <text>
          <reference value="#procedures-desc-4"/>
        </text>
        <statusCode code="completed"/>
        <effectiveTime value="20250124230642"/>
      </procedure>
    </entry>
    <entry typeCode="DRIV">
      <procedure classCode="PROC" moodCode="EVN">
        <templateId root="2.16.840.1.113883.10.20.22.4.14"/>
        <!-- Procedure activity template -->
        <id root="d25bfab7-1862-2d28-5ce4-256c8dc08e0c"/>
        <code  code="171207006" codeSystem="2.16.840.1.113883.6.96" displayName="Depression screening (procedure)">
          <originalText><reference value="#procedures-desc-5"/></originalText>
        </code>
        <text>
          <reference value="#procedures-desc-5"/>
        </text>
        <statusCode code="completed"/>
        <effectiveTime value="20250124233452"/>
      </procedure>
    </entry>
    <entry typeCode="DRIV">
      <procedure classCode="PROC" moodCode="EVN">
        <templateId root="2.16.840.1.113883.10.20.22.4.14"/>
        <!-- Procedure activity template -->
        <id root="3f65d87c-4d0e-381f-3c77-6560712ec42b"/>
        <code  code="715252007" codeSystem="2.16.840.1.113883.6.96" displayName="Depression screening using Patient Health Questionnaire Nine Item score (procedure)">
          <originalText><reference value="#procedures-desc-6"/></originalText>
        </code>
        <text>
          <reference value="#procedures-desc-6"/>
        </text>
        <statusCode code="completed"/>
        <effectiveTime value="20250124234638"/>
      </procedure>
    </entry>
    <entry typeCode="DRIV">
      <procedure classCode="PROC" moodCode="EVN">
        <templateId root="2.16.840.1.113883.10.20.22.4.14"/>
        <!-- Procedure activity template -->
        <id root="6f8a7285-37f4-f282-8852-324fa94b7fba"/>
        <code  code="428211000124100" codeSystem="2.16.840.1.113883.6.96" displayName="Assessment of substance use (procedure)">
          <originalText><reference value="#procedures-desc-7"/></originalText>
        </code>
        <text>
          <reference value="#procedures-desc-7"/>
        </text>
        <statusCode code="completed"/>
        <effectiveTime value="20250125001419"/>
      </procedure>
    </entry>
    <entry typeCode="DRIV">
      <procedure classCode="PROC" moodCode="EVN">
        <templateId root="2.16.840.1.113883.10.20.22.4.14"/>
        <!-- Procedure activity template -->
        <id root="21b9e1b7-ff65-5033-6a13-7c77c3acf5d6"/>
        <code  code="868187001" codeSystem="2.16.840.1.113883.6.96" displayName="Assessment using Car, Relax, Alone, Forget, Friends, Trouble Screening Test (procedure)">
          <originalText><reference value="#procedures-desc-8"/></originalText>
        </code>
        <text>
          <reference value="#procedures-desc-8"/>
        </text>
        <statusCode code="completed"/>
        <effectiveTime value="20250125002459"/>
      </procedure>
    </entry>
    <entry typeCode="DRIV">
      <procedure classCode="PROC" moodCode="EVN">
        <templateId root="2.16.840.1.113883.10.20.22.4.14"/>
        <!-- Procedure activity template -->
        <id root="1ef144f3-733d-2409-9276-3e9424c03416"/>
        <code  code="370995009" codeSystem="2.16.840.1.113883.6.96" displayName="Health risks education (procedure)">
          <originalText><reference value="#procedures-desc-9"/></originalText>
        </code>
        <text>
          <reference value="#procedures-desc-9"/>
        </text>
        <statusCode code="completed"/>
        <effectiveTime value="20250125005056"/>
      </procedure>
    </entry>
  </section>
</component>
<component>
  <!--Encounters-->
  <section>
    <templateId root="2.16.840.1.113883.10.20.22.2.22" extension="2015-08-01"/> <!-- CCDA Template id -->
    <!--Encounters section template-->
    <code code="46240-8" codeSystem="2.16.840.1.113883.6.1" codeSystemName="LOINC" displayName="History of encounters"/>
    <title>Encounters</title>
<text>
  <table border="1" width="100%">
    <thead>
      <tr>
        <th>Start</th>
        <th>Stop</th>
        <th>Description</th>
        <th>Code</th>
      </tr>
    </thead>
    <tbody>
        <tr>
          <td>2008-12-12T23:06:42+05:30</td>
          <td>2008-12-12T23:21:42+05:30</td>
          <td ID="encounters-desc-1">Well child visit (procedure)</td>
          <td ID="encounters-code-1">http://snomed.info/sct 410620009</td>
        </tr>
        <tr>
          <td>2009-03-20T23:06:42+05:30</td>
          <td>2009-03-20T23:21:42+05:30</td>
          <td ID="encounters-desc-2">Well child visit (procedure)</td>
          <td ID="encounters-code-2">http://snomed.info/sct 410620009</td>
        </tr>
        <tr>
          <td>2010-02-19T23:06:42+05:30</td>
          <td>2010-02-19T23:21:42+05:30</td>
          <td ID="encounters-desc-3">Well child visit (procedure)</td>
          <td ID="encounters-code-3">http://snomed.info/sct 410620009</td>
        </tr>
        <tr>
          <td>2012-05-18T23:06:42+05:30</td>
          <td>2012-05-18T23:21:42+05:30</td>
          <td ID="encounters-desc-4">Well child visit (procedure)</td>
          <td ID="encounters-code-4">http://snomed.info/sct 410620009</td>
        </tr>
        <tr>
          <td>2012-11-16T23:06:42+05:30</td>
          <td>2012-11-16T23:21:42+05:30</td>
          <td ID="encounters-desc-5">Well child visit (procedure)</td>
          <td ID="encounters-code-5">http://snomed.info/sct 410620009</td>
        </tr>
        <tr>
          <td>2013-11-22T23:06:42+05:30</td>
          <td>2013-11-22T23:21:42+05:30</td>
          <td ID="encounters-desc-6">Well child visit (procedure)</td>
          <td ID="encounters-code-6">http://snomed.info/sct 410620009</td>
        </tr>
        <tr>
          <td>2015-12-04T23:06:42+05:30</td>
          <td>2015-12-04T23:21:42+05:30</td>
          <td ID="encounters-desc-7">Well child visit (procedure)</td>
          <td ID="encounters-code-7">http://snomed.info/sct 410620009</td>
        </tr>
        <tr>
          <td>2019-12-27T23:06:42+05:30</td>
          <td>2019-12-27T23:21:42+05:30</td>
          <td ID="encounters-desc-8">Well child visit (procedure)</td>
          <td ID="encounters-code-8">http://snomed.info/sct 410620009</td>
        </tr>
        <tr>
          <td>2021-01-01T23:06:42+05:30</td>
          <td>2021-01-01T23:21:42+05:30</td>
          <td ID="encounters-desc-9">Well child visit (procedure)</td>
          <td ID="encounters-code-9">http://snomed.info/sct 410620009</td>
        </tr>
        <tr>
          <td>2024-01-19T23:06:42+05:30</td>
          <td>2024-01-19T23:21:42+05:30</td>
          <td ID="encounters-desc-10">Well child visit (procedure)</td>
          <td ID="encounters-code-10">http://snomed.info/sct 410620009</td>
        </tr>
        <tr>
          <td>2025-01-24T23:06:42+05:30</td>
          <td>2025-01-24T23:34:52+05:30</td>
          <td ID="encounters-desc-11">Well child visit (procedure)</td>
          <td ID="encounters-code-11">http://snomed.info/sct 410620009</td>
        </tr>
    </tbody>
  </table>
</text>
    <entry typeCode="DRIV">
      <encounter classCode="ENC" moodCode="EVN">
		    <templateId root="2.16.840.1.113883.10.20.22.4.49"/>
        <!-- Encounter activity template -->
        <id root="a9b10847-b0ba-c50c-c926-56f5ba0d889f"/>
        <code  code="410620009" codeSystem="2.16.840.1.113883.6.96" displayName="Well child visit (procedure)">
          <originalText><reference value="#encounters-desc-1"/></originalText>
        </code>
        <text>
          <reference value="#encounters-desc-1"/>
        </text>
        <effectiveTime>
          <low value="20081212230642"/>
          <high value="20081212232142"/>
        </effectiveTime>
      </encounter>
    </entry>
    <entry typeCode="DRIV">
      <encounter classCode="ENC" moodCode="EVN">
		    <templateId root="2.16.840.1.113883.10.20.22.4.49"/>
        <!-- Encounter activity template -->
        <id root="ac4945ce-f59f-c30a-6760-c96948bf2810"/>
        <code  code="410620009" codeSystem="2.16.840.1.113883.6.96" displayName="Well child visit (procedure)">
          <originalText><reference value="#encounters-desc-2"/></originalText>
        </code>
        <text>
          <reference value="#encounters-desc-2"/>
        </text>
        <effectiveTime>
          <low value="20090320230642"/>
          <high value="20090320232142"/>
        </effectiveTime>
      </encounter>
    </entry>
    <entry typeCode="DRIV">
      <encounter classCode="ENC" moodCode="EVN">
		    <templateId root="2.16.840.1.113883.10.20.22.4.49"/>
        <!-- Encounter activity template -->
        <id root="1cc750c5-3606-cf36-428c-cc9dcf4842c8"/>
        <code  code="410620009" codeSystem="2.16.840.1.113883.6.96" displayName="Well child visit (procedure)">
          <originalText><reference value="#encounters-desc-3"/></originalText>
        </code>
        <text>
          <reference value="#encounters-desc-3"/>
        </text>
        <effectiveTime>
          <low value="20100219230642"/>
          <high value="20100219232142"/>
        </effectiveTime>
      </encounter>
    </entry>
    <entry typeCode="DRIV">
      <encounter classCode="ENC" moodCode="EVN">
		    <templateId root="2.16.840.1.113883.10.20.22.4.49"/>
        <!-- Encounter activity template -->
        <id root="8c5e9f32-5420-00a2-6936-f68acedf73fc"/>
        <code  code="410620009" codeSystem="2.16.840.1.113883.6.96" displayName="Well child visit (procedure)">
          <originalText><reference value="#encounters-desc-4"/></originalText>
        </code>
        <text>
          <reference value="#encounters-desc-4"/>
        </text>
        <effectiveTime>
          <low value="20120518230642"/>
          <high value="20120518232142"/>
        </effectiveTime>
      </encounter>
    </entry>
    <entry typeCode="DRIV">
      <encounter classCode="ENC" moodCode="EVN">
		    <templateId root="2.16.840.1.113883.10.20.22.4.49"/>
        <!-- Encounter activity template -->
        <id root="83de0b6f-c560-0756-093e-00273cbee0be"/>
        <code  code="410620009" codeSystem="2.16.840.1.113883.6.96" displayName="Well child visit (procedure)">
          <originalText><reference value="#encounters-desc-5"/></originalText>
        </code>
        <text>
          <reference value="#encounters-desc-5"/>
        </text>
        <effectiveTime>
          <low value="20121116230642"/>
          <high value="20121116232142"/>
        </effectiveTime>
      </encounter>
    </entry>
    <entry typeCode="DRIV">
      <encounter classCode="ENC" moodCode="EVN">
		    <templateId root="2.16.840.1.113883.10.20.22.4.49"/>
        <!-- Encounter activity template -->
        <id root="0ee24161-5dbd-3338-5d9e-bc2857d9e00a"/>
        <code  code="410620009" codeSystem="2.16.840.1.113883.6.96" displayName="Well child visit (procedure)">
          <originalText><reference value="#encounters-desc-6"/></originalText>
        </code>
        <text>
          <reference value="#encounters-desc-6"/>
        </text>
        <effectiveTime>
          <low value="20131122230642"/>
          <high value="20131122232142"/>
        </effectiveTime>
      </encounter>
    </entry>
    <entry typeCode="DRIV">
      <encounter classCode="ENC" moodCode="EVN">
		    <templateId root="2.16.840.1.113883.10.20.22.4.49"/>
        <!-- Encounter activity template -->
        <id root="693ba965-0211-a593-4eac-1cdde7a1e73f"/>
        <code  code="410620009" codeSystem="2.16.840.1.113883.6.96" displayName="Well child visit (procedure)">
          <originalText><reference value="#encounters-desc-7"/></originalText>
        </code>
        <text>
          <reference value="#encounters-desc-7"/>
        </text>
        <effectiveTime>
          <low value="20151204230642"/>
          <high value="20151204232142"/>
        </effectiveTime>
      </encounter>
    </entry>
    <entry typeCode="DRIV">
      <encounter classCode="ENC" moodCode="EVN">
		    <templateId root="2.16.840.1.113883.10.20.22.4.49"/>
        <!-- Encounter activity template -->
        <id root="6cd38e13-09ac-3c6d-20b1-6b5d55a17b99"/>
        <code  code="410620009" codeSystem="2.16.840.1.113883.6.96" displayName="Well child visit (procedure)">
          <originalText><reference value="#encounters-desc-8"/></originalText>
        </code>
        <text>
          <reference value="#encounters-desc-8"/>
        </text>
        <effectiveTime>
          <low value="20191227230642"/>
          <high value="20191227232142"/>
        </effectiveTime>
      </encounter>
    </entry>
    <entry typeCode="DRIV">
      <encounter classCode="ENC" moodCode="EVN">
		    <templateId root="2.16.840.1.113883.10.20.22.4.49"/>
        <!-- Encounter activity template -->
        <id root="63db9ad6-298b-b97b-0cab-c6bea6dacbcf"/>
        <code  code="410620009" codeSystem="2.16.840.1.113883.6.96" displayName="Well child visit (procedure)">
          <originalText><reference value="#encounters-desc-9"/></originalText>
        </code>
        <text>
          <reference value="#encounters-desc-9"/>
        </text>
        <effectiveTime>
          <low value="20210101230642"/>
          <high value="20210101232142"/>
        </effectiveTime>
      </encounter>
    </entry>
    <entry typeCode="DRIV">
      <encounter classCode="ENC" moodCode="EVN">
		    <templateId root="2.16.840.1.113883.10.20.22.4.49"/>
        <!-- Encounter activity template -->
        <id root="dd0488e7-137f-d314-bc96-446ba257e16d"/>
        <code  code="410620009" codeSystem="2.16.840.1.113883.6.96" displayName="Well child visit (procedure)">
          <originalText><reference value="#encounters-desc-10"/></originalText>
        </code>
        <text>
          <reference value="#encounters-desc-10"/>
        </text>
        <effectiveTime>
          <low value="20240119230642"/>
          <high value="20240119232142"/>
        </effectiveTime>
      </encounter>
    </entry>
    <entry typeCode="DRIV">
      <encounter classCode="ENC" moodCode="EVN">
		    <templateId root="2.16.840.1.113883.10.20.22.4.49"/>
        <!-- Encounter activity template -->
        <id root="3b60536b-ea8e-fb1a-67d7-5c67e83ecbfd"/>
        <code  code="410620009" codeSystem="2.16.840.1.113883.6.96" displayName="Well child visit (procedure)">
          <originalText><reference value="#encounters-desc-11"/></originalText>
        </code>
        <text>
          <reference value="#encounters-desc-11"/>
        </text>
        <effectiveTime>
          <low value="20250124230642"/>
          <high value="20250124233452"/>
        </effectiveTime>
      </encounter>
    </entry>
  </section>
</component>
<component>
  <!--Vital Signs-->
  <section>
    <templateId root="2.16.840.1.113883.10.20.22.2.4.1" extension="2015-08-01"/>
    <!--Vital Signs section template-->
    <code code="8716-3" codeSystem="2.16.840.1.113883.6.1" codeSystemName="LOINC" displayName="Vital signs"/>
    <title>Vital Signs</title>
<text>
  <table border="1" width="100%">
    <thead>
      <tr>
        <th>Start</th>
        <th>Stop</th>
        <th>Description</th>
        <th>Code</th>
        <th>Value</th>
      </tr>
    </thead>
    <tbody>
        <tr>
          <td>2024-01-19T23:06:42+05:30</td>
          <td></td>
          <td ID="observations-desc-1">Body Height</td>
          <td ID="observations-code-1">http://loinc.org 8302-2</td>
          <td>180.2 cm</td>
        </tr>
        <tr>
          <td>2024-01-19T23:06:42+05:30</td>
          <td></td>
          <td ID="observations-desc-2">Pain severity - 0-10 verbal numeric rating [Score] - Reported</td>
          <td ID="observations-code-2">http://loinc.org 72514-3</td>
          <td>0 {score}</td>
        </tr>
        <tr>
          <td>2024-01-19T23:06:42+05:30</td>
          <td></td>
          <td ID="observations-desc-3">Body Weight</td>
          <td ID="observations-code-3">http://loinc.org 29463-7</td>
          <td>69.9 kg</td>
        </tr>
        <tr>
          <td>2024-01-19T23:06:42+05:30</td>
          <td></td>
          <td ID="observations-desc-4">Body mass index (BMI) [Ratio]</td>
          <td ID="observations-code-4">http://loinc.org 39156-5</td>
          <td>21.53 kg/m2</td>
        </tr>
        <tr>
          <td>2024-01-19T23:06:42+05:30</td>
          <td></td>
          <td ID="observations-desc-5">Body mass index (BMI) [Percentile] Per age and sex</td>
          <td ID="observations-code-5">http://loinc.org 59576-9</td>
          <td>70.26552429098382 %</td>
        </tr>
        <tr>
          <td>2024-01-19T23:06:42+05:30</td>
          <td></td>
          <td ID="observations-desc-6">Heart rate</td>
          <td ID="observations-code-6">http://loinc.org 8867-4</td>
          <td>67 /min</td>
        </tr>
        <tr>
          <td>2024-01-19T23:06:42+05:30</td>
          <td></td>
          <td ID="observations-desc-7">Respiratory rate</td>
          <td ID="observations-code-7">http://loinc.org 9279-1</td>
          <td>16 /min</td>
        </tr>
        <tr>
          <td>2025-01-24T23:06:42+05:30</td>
          <td></td>
          <td ID="observations-desc-8">Body Height</td>
          <td ID="observations-code-8">http://loinc.org 8302-2</td>
          <td>183.1 cm</td>
        </tr>
        <tr>
          <td>2025-01-24T23:06:42+05:30</td>
          <td></td>
          <td ID="observations-desc-9">Pain severity - 0-10 verbal numeric rating [Score] - Reported</td>
          <td ID="observations-code-9">http://loinc.org 72514-3</td>
          <td>2 {score}</td>
        </tr>
        <tr>
          <td>2025-01-24T23:06:42+05:30</td>
          <td></td>
          <td ID="observations-desc-10">Body Weight</td>
          <td ID="observations-code-10">http://loinc.org 29463-7</td>
          <td>73.4 kg</td>
        </tr>
        <tr>
          <td>2025-01-24T23:06:42+05:30</td>
          <td></td>
          <td ID="observations-desc-11">Body mass index (BMI) [Ratio]</td>
          <td ID="observations-code-11">http://loinc.org 39156-5</td>
          <td>21.88 kg/m2</td>
        </tr>
        <tr>
          <td>2025-01-24T23:06:42+05:30</td>
          <td></td>
          <td ID="observations-desc-12">Body mass index (BMI) [Percentile] Per age and sex</td>
          <td ID="observations-code-12">http://loinc.org 59576-9</td>
          <td>66.21833625387146 %</td>
        </tr>
        <tr>
          <td>2025-01-24T23:06:42+05:30</td>
          <td></td>
          <td ID="observations-desc-13">Heart rate</td>
          <td ID="observations-code-13">http://loinc.org 8867-4</td>
          <td>94 /min</td>
        </tr>
        <tr>
          <td>2025-01-24T23:06:42+05:30</td>
          <td></td>
          <td ID="observations-desc-14">Respiratory rate</td>
          <td ID="observations-code-14">http://loinc.org 9279-1</td>
          <td>13 /min</td>
        </tr>
    </tbody>
  </table>
</text>
    <entry typeCode="DRIV">
      <organizer classCode="CLUSTER" moodCode="EVN">
        <templateId root="2.16.840.1.113883.10.20.22.4.26"/>
        <templateId root="2.16.840.1.113883.10.20.22.4.26" extension="2015-08-01"/>
        <!-- Vital signs organizer template -->
        <id root="673f5bf8-a279-cda2-b313-82fb4f55646d"/>
        <code code="46680005" codeSystem="2.16.840.1.113883.6.96" displayName="Vital signs" codeSystemName="SNOMED CT">
          <translation code="74728-7" displayName="Vital signs, weight, height, head circumference, oximetry, BMI, and BSA panel" codeSystem="2.16.840.1.113883.6.1" codeSystemName="LOINC" />
        </code>
        <statusCode code="completed"/>
        <effectiveTime value="20250606230642"/>
        <component>
          <observation classCode="OBS" moodCode="EVN">
            <templateId root="2.16.840.1.113883.10.20.22.4.27"/>
            <templateId root="2.16.840.1.113883.10.20.22.4.27" extension="2014-06-09"/>
            <!-- Result observation template -->
            <id root="d65b1cb7-d086-6dfa-91b2-f3c9aa340e40"/>
        <code  code="8302-2" codeSystem="2.16.840.1.113883.6.1" displayName="Body Height">
          <originalText><reference value="#observations-desc-1"/></originalText>
        </code>
            <text>
              <reference value="#observations-desc-1"/>
            </text>
            <statusCode code="completed"/>
            <effectiveTime value="20240119230642"/>
            <value xsi:type="PQ" value="180.2" unit="cm"/>
          </observation>
        </component>
        <component>
          <observation classCode="OBS" moodCode="EVN">
            <templateId root="2.16.840.1.113883.10.20.22.4.27"/>
            <templateId root="2.16.840.1.113883.10.20.22.4.27" extension="2014-06-09"/>
            <!-- Result observation template -->
            <id root="60d5d6f8-57d5-e29c-9da5-f99ba9feb0b3"/>
        <code  code="72514-3" codeSystem="2.16.840.1.113883.6.1" displayName="Pain severity - 0-10 verbal numeric rating [Score] - Reported">
          <originalText><reference value="#observations-desc-2"/></originalText>
        </code>
            <text>
              <reference value="#observations-desc-2"/>
            </text>
            <statusCode code="completed"/>
            <effectiveTime value="20240119230642"/>
            <value xsi:type="PQ" value="0" unit="{score}"/>
          </observation>
        </component>
        <component>
          <observation classCode="OBS" moodCode="EVN">
            <templateId root="2.16.840.1.113883.10.20.22.4.27"/>
            <templateId root="2.16.840.1.113883.10.20.22.4.27" extension="2014-06-09"/>
            <!-- Result observation template -->
            <id root="60ab0c1d-d73a-5b4e-a464-1d5b384eea90"/>
        <code  code="29463-7" codeSystem="2.16.840.1.113883.6.1" displayName="Body Weight">
          <originalText><reference value="#observations-desc-3"/></originalText>
        </code>
            <text>
              <reference value="#observations-desc-3"/>
            </text>
            <statusCode code="completed"/>
            <effectiveTime value="20240119230642"/>
            <value xsi:type="PQ" value="69.9" unit="kg"/>
          </observation>
        </component>
        <component>
          <observation classCode="OBS" moodCode="EVN">
            <templateId root="2.16.840.1.113883.10.20.22.4.27"/>
            <templateId root="2.16.840.1.113883.10.20.22.4.27" extension="2014-06-09"/>
            <!-- Result observation template -->
            <id root="0b5f9686-bfde-1674-0086-d0204734877b"/>
        <code  code="39156-5" codeSystem="2.16.840.1.113883.6.1" displayName="Body mass index (BMI) [Ratio]">
          <originalText><reference value="#observations-desc-4"/></originalText>
        </code>
            <text>
              <reference value="#observations-desc-4"/>
            </text>
            <statusCode code="completed"/>
            <effectiveTime value="20240119230642"/>
            <value xsi:type="PQ" value="21.53" unit="kg/m2"/>
          </observation>
        </component>
        <component>
          <observation classCode="OBS" moodCode="EVN">
            <templateId root="2.16.840.1.113883.10.20.22.4.27"/>
            <templateId root="2.16.840.1.113883.10.20.22.4.27" extension="2014-06-09"/>
            <!-- Result observation template -->
            <id root="6bfbb34f-4eee-4fc5-5939-b60091a3a142"/>
        <code  code="59576-9" codeSystem="2.16.840.1.113883.6.1" displayName="Body mass index (BMI) [Percentile] Per age and sex">
          <originalText><reference value="#observations-desc-5"/></originalText>
        </code>
            <text>
              <reference value="#observations-desc-5"/>
            </text>
            <statusCode code="completed"/>
            <effectiveTime value="20240119230642"/>
            <value xsi:type="PQ" value="70.26552429098382" unit="%"/>
          </observation>
        </component>
        <component>
          <observation classCode="OBS" moodCode="EVN">
            <templateId root="2.16.840.1.113883.10.20.22.4.27"/>
            <templateId root="2.16.840.1.113883.10.20.22.4.27" extension="2014-06-09"/>
            <!-- Result observation template -->
            <id root="9486fc18-4c43-28cd-95db-512eab390ff3"/>
        <code  code="8867-4" codeSystem="2.16.840.1.113883.6.1" displayName="Heart rate">
          <originalText><reference value="#observations-desc-6"/></originalText>
        </code>
            <text>
              <reference value="#observations-desc-6"/>
            </text>
            <statusCode code="completed"/>
            <effectiveTime value="20240119230642"/>
            <value xsi:type="PQ" value="67" unit="/min"/>
          </observation>
        </component>
        <component>
          <observation classCode="OBS" moodCode="EVN">
            <templateId root="2.16.840.1.113883.10.20.22.4.27"/>
            <templateId root="2.16.840.1.113883.10.20.22.4.27" extension="2014-06-09"/>
            <!-- Result observation template -->
            <id root="d22aeff8-839c-754e-041a-b97addb905a7"/>
        <code  code="9279-1" codeSystem="2.16.840.1.113883.6.1" displayName="Respiratory rate">
          <originalText><reference value="#observations-desc-7"/></originalText>
        </code>
            <text>
              <reference value="#observations-desc-7"/>
            </text>
            <statusCode code="completed"/>
            <effectiveTime value="20240119230642"/>
            <value xsi:type="PQ" value="16" unit="/min"/>
          </observation>
        </component>
        <component>
          <observation classCode="OBS" moodCode="EVN">
            <templateId root="2.16.840.1.113883.10.20.22.4.27"/>
            <templateId root="2.16.840.1.113883.10.20.22.4.27" extension="2014-06-09"/>
            <!-- Result observation template -->
            <id root="731461d6-971c-3575-661b-e309d211dc04"/>
        <code  code="8302-2" codeSystem="2.16.840.1.113883.6.1" displayName="Body Height">
          <originalText><reference value="#observations-desc-8"/></originalText>
        </code>
            <text>
              <reference value="#observations-desc-8"/>
            </text>
            <statusCode code="completed"/>
            <effectiveTime value="20250124230642"/>
            <value xsi:type="PQ" value="183.1" unit="cm"/>
          </observation>
        </component>
        <component>
          <observation classCode="OBS" moodCode="EVN">
            <templateId root="2.16.840.1.113883.10.20.22.4.27"/>
            <templateId root="2.16.840.1.113883.10.20.22.4.27" extension="2014-06-09"/>
            <!-- Result observation template -->
            <id root="45e6ad48-88cd-aeda-f1f5-49fa7b357db1"/>
        <code  code="72514-3" codeSystem="2.16.840.1.113883.6.1" displayName="Pain severity - 0-10 verbal numeric rating [Score] - Reported">
          <originalText><reference value="#observations-desc-9"/></originalText>
        </code>
            <text>
              <reference value="#observations-desc-9"/>
            </text>
            <statusCode code="completed"/>
            <effectiveTime value="20250124230642"/>
            <value xsi:type="PQ" value="2" unit="{score}"/>
          </observation>
        </component>
        <component>
          <observation classCode="OBS" moodCode="EVN">
            <templateId root="2.16.840.1.113883.10.20.22.4.27"/>
            <templateId root="2.16.840.1.113883.10.20.22.4.27" extension="2014-06-09"/>
            <!-- Result observation template -->
            <id root="9022d4f8-02a9-9a33-d460-3b5618a368f5"/>
        <code  code="29463-7" codeSystem="2.16.840.1.113883.6.1" displayName="Body Weight">
          <originalText><reference value="#observations-desc-10"/></originalText>
        </code>
            <text>
              <reference value="#observations-desc-10"/>
            </text>
            <statusCode code="completed"/>
            <effectiveTime value="20250124230642"/>
            <value xsi:type="PQ" value="73.4" unit="kg"/>
          </observation>
        </component>
        <component>
          <observation classCode="OBS" moodCode="EVN">
            <templateId root="2.16.840.1.113883.10.20.22.4.27"/>
            <templateId root="2.16.840.1.113883.10.20.22.4.27" extension="2014-06-09"/>
            <!-- Result observation template -->
            <id root="b834f960-8fa1-b030-22c6-f83aeec02b31"/>
        <code  code="39156-5" codeSystem="2.16.840.1.113883.6.1" displayName="Body mass index (BMI) [Ratio]">
          <originalText><reference value="#observations-desc-11"/></originalText>
        </code>
            <text>
              <reference value="#observations-desc-11"/>
            </text>
            <statusCode code="completed"/>
            <effectiveTime value="20250124230642"/>
            <value xsi:type="PQ" value="21.88" unit="kg/m2"/>
          </observation>
        </component>
        <component>
          <observation classCode="OBS" moodCode="EVN">
            <templateId root="2.16.840.1.113883.10.20.22.4.27"/>
            <templateId root="2.16.840.1.113883.10.20.22.4.27" extension="2014-06-09"/>
            <!-- Result observation template -->
            <id root="5df89155-8f31-6499-ef76-e53f472b9ca8"/>
        <code  code="59576-9" codeSystem="2.16.840.1.113883.6.1" displayName="Body mass index (BMI) [Percentile] Per age and sex">
          <originalText><reference value="#observations-desc-12"/></originalText>
        </code>
            <text>
              <reference value="#observations-desc-12"/>
            </text>
            <statusCode code="completed"/>
            <effectiveTime value="20250124230642"/>
            <value xsi:type="PQ" value="66.21833625387146" unit="%"/>
          </observation>
        </component>
        <component>
          <observation classCode="OBS" moodCode="EVN">
            <templateId root="2.16.840.1.113883.10.20.22.4.27"/>
            <templateId root="2.16.840.1.113883.10.20.22.4.27" extension="2014-06-09"/>
            <!-- Result observation template -->
            <id root="37f59b2b-ba83-d9b3-4699-c7cf4758ba6c"/>
        <code  code="8867-4" codeSystem="2.16.840.1.113883.6.1" displayName="Heart rate">
          <originalText><reference value="#observations-desc-13"/></originalText>
        </code>
            <text>
              <reference value="#observations-desc-13"/>
            </text>
            <statusCode code="completed"/>
            <effectiveTime value="20250124230642"/>
            <value xsi:type="PQ" value="94" unit="/min"/>
          </observation>
        </component>
        <component>
          <observation classCode="OBS" moodCode="EVN">
            <templateId root="2.16.840.1.113883.10.20.22.4.27"/>
            <templateId root="2.16.840.1.113883.10.20.22.4.27" extension="2014-06-09"/>
            <!-- Result observation template -->
            <id root="57be593e-4fc2-d86f-f5db-4b0c55b463f5"/>
        <code  code="9279-1" codeSystem="2.16.840.1.113883.6.1" displayName="Respiratory rate">
          <originalText><reference value="#observations-desc-14"/></originalText>
        </code>
            <text>
              <reference value="#observations-desc-14"/>
            </text>
            <statusCode code="completed"/>
            <effectiveTime value="20250124230642"/>
            <value xsi:type="PQ" value="13" unit="/min"/>
          </observation>
        </component>
      </organizer>
    </entry>
  </section>
</component>
<component>
  <!--Immunizations-->
  <section>
    <templateId root="2.16.840.1.113883.10.20.22.2.2" extension="2015-08-01"/>
    <!--Immunizations section template-->
    <code code="11369-6" codeSystem="2.16.840.1.113883.6.1" codeSystemName="LOINC" displayName="History of immunizations"/>
    <title>Immunizations</title>
<text>
  <table border="1" width="100%">
    <thead>
      <tr>
        <th>Start</th>
        <th>Stop</th>
        <th>Description</th>
        <th>Code</th>
      </tr>
    </thead>
    <tbody>
        <tr>
          <td>2024-01-19T23:06:42+05:30</td>
          <td></td>
          <td ID="immunizations-desc-1">Influenza, seasonal, injectable, preservative free</td>
          <td ID="immunizations-code-1">http://hl7.org/fhir/sid/cvx 140</td>
        </tr>
        <tr>
          <td>2025-01-24T23:06:42+05:30</td>
          <td></td>
          <td ID="immunizations-desc-2">Influenza, seasonal, injectable, preservative free</td>
          <td ID="immunizations-code-2">http://hl7.org/fhir/sid/cvx 140</td>
        </tr>
        <tr>
          <td>2025-01-24T23:06:42+05:30</td>
          <td></td>
          <td ID="immunizations-desc-3">meningococcal MCV4P</td>
          <td ID="immunizations-code-3">http://hl7.org/fhir/sid/cvx 114</td>
        </tr>
    </tbody>
  </table>
</text>
    <entry typeCode="DRIV">
      <substanceAdministration classCode="SBADM" moodCode="EVN" negationInd="false">
        <templateId root="2.16.840.1.113883.10.20.22.4.52"/>
        <!-- Medication activity template -->
        <id root="2ec174b5-a247-fe1c-4eed-c0730c61e73e"/>
        <code code='IMMUNIZ' codeSystem='2.16.840.1.113883.5.4' codeSystemName='ActCode'/>
        <text>
          <reference value="#immunizations-desc-1"/>
        </text>
        <statusCode code="completed"/>
        <effectiveTime value="20240119230642"/>
        <doseQuantity nullFlavor="UNK"/>
        <consumable>
          <manufacturedProduct classCode="MANU">
            <templateId root="2.16.840.1.113883.10.20.22.4.54"/>
            <!-- Product template -->
            <manufacturedMaterial>
        <code  code="140" codeSystem="2.16.840.1.113883.12.292" displayName="Influenza, seasonal, injectable, preservative free">
          <originalText><reference value="#immunizations-desc-1"/></originalText>
        </code>
              <name>Influenza, seasonal, injectable, preservative free</name>
            </manufacturedMaterial>
          </manufacturedProduct>
        </consumable>
      </substanceAdministration>
    </entry>
    <entry typeCode="DRIV">
      <substanceAdministration classCode="SBADM" moodCode="EVN" negationInd="false">
        <templateId root="2.16.840.1.113883.10.20.22.4.52"/>
        <!-- Medication activity template -->
        <id root="4af7c983-bf45-35cb-6199-ec5280b3f0de"/>
        <code code='IMMUNIZ' codeSystem='2.16.840.1.113883.5.4' codeSystemName='ActCode'/>
        <text>
          <reference value="#immunizations-desc-2"/>
        </text>
        <statusCode code="completed"/>
        <effectiveTime value="20250124230642"/>
        <doseQuantity nullFlavor="UNK"/>
        <consumable>
          <manufacturedProduct classCode="MANU">
            <templateId root="2.16.840.1.113883.10.20.22.4.54"/>
            <!-- Product template -->
            <manufacturedMaterial>
        <code  code="140" codeSystem="2.16.840.1.113883.12.292" displayName="Influenza, seasonal, injectable, preservative free">
          <originalText><reference value="#immunizations-desc-2"/></originalText>
        </code>
              <name>Influenza, seasonal, injectable, preservative free</name>
            </manufacturedMaterial>
          </manufacturedProduct>
        </consumable>
      </substanceAdministration>
    </entry>
    <entry typeCode="DRIV">
      <substanceAdministration classCode="SBADM" moodCode="EVN" negationInd="false">
        <templateId root="2.16.840.1.113883.10.20.22.4.52"/>
        <!-- Medication activity template -->
        <id root="7942a043-4eab-9131-1c8f-a7bb0895c5a8"/>
        <code code='IMMUNIZ' codeSystem='2.16.840.1.113883.5.4' codeSystemName='ActCode'/>
        <text>
          <reference value="#immunizations-desc-3"/>
        </text>
        <statusCode code="completed"/>
        <effectiveTime value="20250124230642"/>
        <doseQuantity nullFlavor="UNK"/>
        <consumable>
          <manufacturedProduct classCode="MANU">
            <templateId root="2.16.840.1.113883.10.20.22.4.54"/>
            <!-- Product template -->
            <manufacturedMaterial>
        <code  code="114" codeSystem="2.16.840.1.113883.12.292" displayName="meningococcal MCV4P">
          <originalText><reference value="#immunizations-desc-3"/></originalText>
        </code>
              <name>meningococcal MCV4P</name>
            </manufacturedMaterial>
          </manufacturedProduct>
        </consumable>
      </substanceAdministration>
    </entry>
  </section>
</component>
<component>
  <!--Social History - CCDA-->
  <section>
    <templateId root="2.16.840.1.113883.10.20.22.2.17" extension="2015-08-01"/>
    <templateId root="2.16.840.1.113883.10.20.22.2.17"/>
    <!-- Social history section template -->
    <code code="29762-2" codeSystem="2.16.840.1.113883.6.1"/>
    <title>Social History</title>
    <text>There is no current social history except smoking status.</text>
    <entry typeCode="DRIV">
      <observation classCode="OBS" moodCode="EVN">
        <templateId root="2.16.840.1.113883.10.20.22.4.78"/>
        <templateId root="2.16.840.1.113883.10.20.22.4.78" extension="2014-06-09"/>
        <!-- Smoking Status Meaningful Use template -->
        <id root="6c7e004a-1132-dbdf-b52d-fc879eb67f39"/>
        <code code="72166-2" codeSystem="2.16.840.1.113883.6.1" displayName="Tobacco smoking status NHIS" />
        <statusCode code="completed"/>
        <effectiveTime value="20250124230642"/>
        <value xsi:type="CD" code="266919005" displayName="Never smoked tobacco (finding)" codeSystem="2.16.840.1.113883.6.96"/>
          <author>
            <time value="20250606230642"/>
            <assignedAuthor>
              <id nullFlavor="NA"/>
              <addr nullFlavor="NA" />
              <telecom nullFlavor="NA" />
              <assignedAuthoringDevice>
                <manufacturerModelName>https://github.com/synthetichealth/synthea</manufacturerModelName>
                <softwareName>https://github.com/synthetichealth/synthea</softwareName>
              </assignedAuthoringDevice>
              <representedOrganization>
                <id nullFlavor="NA"/>
                <name>DUTTON FAMILY CARE ASSOCIATES LLP</name>
                <telecom nullFlavor="NA"/>
                <addr>
                  <streetAddressLine>33 AVON ST</streetAddressLine>
                  <city>WAKEFIELD</city>
                  <state>MA</state>
                  <postalCode>018802310</postalCode>
                </addr>
              </representedOrganization>
            </assignedAuthor>
          </author>
      </observation>
    </entry>
  </section>
</component><component>
<!--Survey Responses in Functional Status-->
    <section>
        <templateId root="2.16.840.1.113883.10.20.22.2.14" extension="2014-06-09" />
        <templateId root="2.16.840.1.113883.10.20.22.2.14" />
        <!-- Functional Status Section template V2-->
        <code code="47420-5" codeSystem="2.16.840.1.113883.6.1" codeSystemName="LOINC" displayName="Functional Status" />
        <title>Functional Status</title>
<text>
  <table border="1" width="100%">
    <thead>
      <tr>
        <th>Start</th>
        <th>Stop</th>
        <th>Description</th>
        <th>Code</th>
        <th>Value</th>
      </tr>
    </thead>
    <tbody>
        <tr>
          <td>2025-01-24T23:34:52+05:30</td>
          <td></td>
          <td ID="functional-status-desc-1">Generalized anxiety disorder 7 item (GAD-7) total score [Reported.PHQ]</td>
          <td ID="functional-status-code-1">http://loinc.org 70274-6</td>
          <td>3 {score}</td>
        </tr>
        <tr>
          <td>2025-01-25T00:14:19+05:30</td>
          <td></td>
          <td ID="functional-status-desc-2">Patient Health Questionnaire-9: Modified for Teens total score [Reported.PHQ.Teen]</td>
          <td ID="functional-status-code-2">http://loinc.org 89204-2</td>
          <td>3 {score}</td>
        </tr>
    </tbody>
  </table>
</text>
        <entry>
         <observation classCode="OBS" moodCode="EVN">
             <templateId root="2.16.840.1.113883.10.20.22.4.69"/>
             <id root="f0eadafd-0f17-651e-4b43-87ab7e4f32bf"/>
        <code  code="70274-6" codeSystem="2.16.840.1.113883.6.1" displayName="Generalized anxiety disorder 7 item (GAD-7) total score [Reported.PHQ]">
          <originalText><reference value="#functional-status-desc-1"/></originalText>
        </code>
             <text>
               <reference value="#functional-status-desc-1"/>
             </text>
             <statusCode code="completed"/>
             <effectiveTime value="20250124233452"/>
             <value xsi:type="INT" value="3"/>
         </observation>
        </entry>
        <entry>
         <observation classCode="OBS" moodCode="EVN">
             <templateId root="2.16.840.1.113883.10.20.22.4.69"/>
             <id root="92a8c58d-0c6f-d07c-e51b-bbe2e3fc66bd"/>
        <code  code="89204-2" codeSystem="2.16.840.1.113883.6.1" displayName="Patient Health Questionnaire-9: Modified for Teens total score [Reported.PHQ.Teen]">
          <originalText><reference value="#functional-status-desc-2"/></originalText>
        </code>
             <text>
               <reference value="#functional-status-desc-2"/>
             </text>
             <statusCode code="completed"/>
             <effectiveTime value="20250125001419"/>
             <value xsi:type="INT" value="3"/>
         </observation>
        </entry>
    </section>
</component>    </structuredBody>
  </component>
</ClinicalDocument>
