<?xml version="1.0" encoding="UTF-8"?>
<ClinicalDocument xmlns="urn:hl7-org:v3" xmlns:sdtc="urn:hl7-org:sdtc" xmlns:xsi="http://www.w3.org/2001/XMLSchema-instance" xsi:schemaLocation="urn:hl7-org:v3 http://xreg2.nist.gov:8080/hitspValidation/schema/cdar2c32/infrastructure/cda/C32_CDA.xsd">
  <realmCode code="US"/>
  <typeId root="2.16.840.1.113883.1.3" extension="POCD_HD000040"/>
  <templateId root="2.16.840.1.113883.10.20.22.1.1" extension="2015-08-01"/>
  <templateId root="2.16.840.1.113883.10.20.22.1.2" extension="2015-08-01"/>
  <id root="2.16.840.1.113883.19.5" extension="db097e2f-759a-2db8-09c2-5ae99548ce8b" assigningAuthorityName="https://github.com/synthetichealth/synthea"/>
  <code code="34133-9" displayName="Summarization of episode note" codeSystem="2.16.840.1.113883.6.1" codeSystemName="LOINC"/>
  <title>C-CDA R2.1 Patient Record: Edison640 Leannon79</title>
  <effectiveTime value="19911016114825"/>
  <confidentialityCode code="N"/>
  <languageCode code="en-US"/>
  <recordTarget>
    <patientRole>
      <id root="2.16.840.1.113883.19.5" extension="db097e2f-759a-2db8-09c2-5ae99548ce8b" assigningAuthorityName="https://github.com/synthetichealth/synthea"/>
      <addr use="HP">
        <streetAddressLine>570 Ratke Byway</streetAddressLine>
        <city>Fitchburg</city>
        <state>Massachusetts</state>
        <postalCode>01420</postalCode>
      </addr>
      <telecom nullFlavor="NI"/>
      <patient>
        <name>
          <given>Edison640</given>
          <family>Leannon79</family>
        </name>
        <administrativeGenderCode code="M" codeSystem="2.16.840.1.113883.5.1" codeSystemName="HL7 AdministrativeGender"/>
        <birthTime value="19810121114825"/>
        <raceCode code="2106-3" displayName="white" codeSystemName="CDC Race and Ethnicity" codeSystem="2.16.840.1.113883.6.238"/>
        <ethnicGroupCode code="2186-5" displayName="non-hispanic" codeSystemName="CDC Race and Ethnicity" codeSystem="2.16.840.1.113883.6.238"/>
        <languageCommunication>
          <languageCode code="en-US"/>
        </languageCommunication>
      </patient>
    </patientRole>
  </recordTarget>
  <author>
    <time value="19911016114825"/>
    <assignedAuthor>
      <id nullFlavor="NA"/>
      <addr nullFlavor="NA" />
      <telecom nullFlavor="NA" />
      <assignedAuthoringDevice>
        <manufacturerModelName>https://github.com/synthetichealth/synthea</manufacturerModelName>
        <softwareName>https://github.com/synthetichealth/synthea</softwareName>
      </assignedAuthoringDevice>
      <representedOrganization>
        <id nullFlavor="NA"/>
        <name>COMMUNITY HEALTH CONNECTIONS</name>
        <telecom nullFlavor="NA"/>
        <addr>
          <streetAddressLine>326 NICHOLS RD</streetAddressLine>
          <city>FITCHBURG</city>
          <state>MA</state>
          <postalCode>014201914</postalCode>
        </addr>
      </representedOrganization>
    </assignedAuthor>
  </author>
  <custodian>
    <assignedCustodian>
      <representedCustodianOrganization>
        <id nullFlavor="NA"/>
        <name>COMMUNITY HEALTH CONNECTIONS</name>
        <telecom nullFlavor="NA"/>
        <addr>
          <streetAddressLine>326 NICHOLS RD</streetAddressLine>
          <city>FITCHBURG</city>
          <state>MA</state>
          <postalCode>014201914</postalCode>
        </addr>
      </representedCustodianOrganization>
    </assignedCustodian>
  </custodian>
  <documentationOf>
    <serviceEvent classCode="PCPR">
      <effectiveTime>
        <low value="19810121114825"/>
        <high value="19911016114825"/>
      </effectiveTime>
    </serviceEvent>
  </documentationOf>
  <component>
    <structuredBody>
<component>
  <!-- Allergies: patient has no allergies -->
  <section nullFlavor="NI">
    <templateId root="2.16.840.1.113883.10.20.22.2.6.1" extension="2015-08-01"/>
    <code code="48765-2" codeSystem="2.16.840.1.113883.6.1" codeSystemName="LOINC" displayName="Allergy List"/>
    <title>Allergies</title>                
    <text>There are no current allergies at the time of this document's creation.</text>
  </section>
</component><component>
  <!--Medications-->
  <section>
	<templateId root="2.16.840.1.113883.10.20.22.2.1.1" extension="2014-06-09"/>
    <code code="10160-0" displayName="History of medication use" codeSystem="2.16.840.1.113883.6.1" codeSystemName="LOINC"/>
    <title>Medications</title>
<text>
  <table border="1" width="100%">
    <thead>
      <tr>
        <th>Start</th>
        <th>Stop</th>
        <th>Description</th>
        <th>Code</th>
      </tr>
    </thead>
    <tbody>
        <tr>
          <td>1989-03-30T13:44:03+05:30</td>
          <td>1989-07-30T13:44:03+05:30</td>
          <td ID="medications-desc-1">carbamazepine 20 MG/ML Oral Suspension [Tegretol]</td>
          <td ID="medications-code-1">http://www.nlm.nih.gov/research/umls/rxnorm 308971</td>
        </tr>
        <tr>
          <td>1990-01-24T11:48:25+05:30</td>
          <td>1990-04-13T11:48:25+05:30</td>
          <td ID="medications-desc-2">carbamazepine 20 MG/ML Oral Suspension [Tegretol]</td>
          <td ID="medications-code-2">http://www.nlm.nih.gov/research/umls/rxnorm 308971</td>
        </tr>
        <tr>
          <td>1991-01-30T11:48:25+05:30</td>
          <td></td>
          <td ID="medications-desc-3">carbamazepine 20 MG/ML Oral Suspension [Tegretol]</td>
          <td ID="medications-code-3">http://www.nlm.nih.gov/research/umls/rxnorm 308971</td>
        </tr>
    </tbody>
  </table>
</text>
    <entry>
      <!--CCD Medication activity - Required-->
      <substanceAdministration classCode="SBADM" moodCode="EVN">
        <templateId root="2.16.840.1.113883.10.20.22.4.16"/>
        <templateId root="2.16.840.1.113883.10.20.22.4.16" extension="2014-06-09"/>
        <id root="7f8f897f-8d70-925f-bfe6-e6414069e7c4"/>
        <statusCode code="completed"/>
        <effectiveTime xsi:type="IVL_TS">
          <low value="19890330134403"/>
          <high value="19890730134403"/>
        </effectiveTime>
        <doseQuantity value="1"/>
        <consumable>
          <!--CCD Product - Required-->
          <manufacturedProduct classCode="MANU">
            <templateId root="2.16.840.1.113883.10.20.22.4.23"/>
            <templateId root="2.16.840.1.113883.10.20.22.4.23" extension="2014-06-09"/>
            <manufacturedMaterial>
        <code  code="308971" codeSystem="2.16.840.1.113883.6.88" displayName="carbamazepine 20 MG/ML Oral Suspension [Tegretol]">
          <originalText><reference value="#medications-desc-1"/></originalText>
        </code>
              <name>carbamazepine 20 MG/ML Oral Suspension [Tegretol]</name>
            </manufacturedMaterial>
          </manufacturedProduct>
        </consumable>
      </substanceAdministration>
    </entry>
    <entry>
      <!--CCD Medication activity - Required-->
      <substanceAdministration classCode="SBADM" moodCode="EVN">
        <templateId root="2.16.840.1.113883.10.20.22.4.16"/>
        <templateId root="2.16.840.1.113883.10.20.22.4.16" extension="2014-06-09"/>
        <id root="132c69ef-f3cb-525f-7369-800abbcea7af"/>
        <statusCode code="completed"/>
        <effectiveTime xsi:type="IVL_TS">
          <low value="19900124114825"/>
          <high value="19900413114825"/>
        </effectiveTime>
        <doseQuantity value="1"/>
        <consumable>
          <!--CCD Product - Required-->
          <manufacturedProduct classCode="MANU">
            <templateId root="2.16.840.1.113883.10.20.22.4.23"/>
            <templateId root="2.16.840.1.113883.10.20.22.4.23" extension="2014-06-09"/>
            <manufacturedMaterial>
        <code  code="308971" codeSystem="2.16.840.1.113883.6.88" displayName="carbamazepine 20 MG/ML Oral Suspension [Tegretol]">
          <originalText><reference value="#medications-desc-2"/></originalText>
        </code>
              <name>carbamazepine 20 MG/ML Oral Suspension [Tegretol]</name>
            </manufacturedMaterial>
          </manufacturedProduct>
        </consumable>
      </substanceAdministration>
    </entry>
    <entry>
      <!--CCD Medication activity - Required-->
      <substanceAdministration classCode="SBADM" moodCode="EVN">
        <templateId root="2.16.840.1.113883.10.20.22.4.16"/>
        <templateId root="2.16.840.1.113883.10.20.22.4.16" extension="2014-06-09"/>
        <id root="e7a295e2-3fbe-9737-4d7b-1a31e33df076"/>
        <statusCode code="completed"/>
        <effectiveTime xsi:type="IVL_TS">
          <low value="19910130114825"/>
          <high nullFlavor="UNK"/>
        </effectiveTime>
        <doseQuantity value="1"/>
        <consumable>
          <!--CCD Product - Required-->
          <manufacturedProduct classCode="MANU">
            <templateId root="2.16.840.1.113883.10.20.22.4.23"/>
            <templateId root="2.16.840.1.113883.10.20.22.4.23" extension="2014-06-09"/>
            <manufacturedMaterial>
        <code  code="308971" codeSystem="2.16.840.1.113883.6.88" displayName="carbamazepine 20 MG/ML Oral Suspension [Tegretol]">
          <originalText><reference value="#medications-desc-3"/></originalText>
        </code>
              <name>carbamazepine 20 MG/ML Oral Suspension [Tegretol]</name>
            </manufacturedMaterial>
          </manufacturedProduct>
        </consumable>
      </substanceAdministration>
    </entry>
  </section>
</component>
<component>
  <!--Diagnostic Results-->
  <section>
    <templateId root="2.16.840.1.113883.10.20.22.2.3.1" extension="2015-08-01"/>
    <templateId root="2.16.840.1.113883.10.20.22.2.3.1"/>
    <!--Diagnostic Results section template-->
    <code code="30954-2" codeSystem="2.16.840.1.113883.6.1" codeSystemName="LOINC" displayName="Results"/>
    <title>Diagnostic Results</title>
<text>
  <table border="1" width="100%">
    <thead>
      <tr>
        <th>Start</th>
        <th>Stop</th>
        <th>Description</th>
        <th>Code</th>
      </tr>
    </thead>
    <tbody>
        <tr>
          <td>1991-10-16T11:48:25+05:30</td>
          <td></td>
          <td ID="reports-desc-1">U.S. standard certificate of death - 2003 revision</td>
          <td ID="reports-code-1">http://loinc.org 69409-1</td>
        </tr>
    </tbody>
  </table>
</text>
    <entry typeCode="DRIV">
      <organizer classCode="BATTERY" moodCode="EVN">
        <templateId root="2.16.840.1.113883.10.20.22.4.1" extension="2015-08-01"/>
        <templateId root="2.16.840.1.113883.10.20.22.4.1"/>
        <!--Result organizer template -->
        <id root="c8458926-2e77-4ed8-0223-8e96eb9de01c"/>
        <code code="69409-1" codeSystem="2.16.840.1.113883.6.1" codeSystemName="LOINC" displayName="U.S. standard certificate of death - 2003 revision"/>
        <statusCode code="completed"/>
        <effectiveTime>
          <low value="19911016114825"/>
          <high value="19911016114825"/>
        </effectiveTime>
        <component>
          <observation classCode="OBS" moodCode="EVN">
            <templateId root="2.16.840.1.113883.10.20.22.4.2" extension="2015-08-01"/>
            <templateId root="2.16.840.1.113883.10.20.22.4.2"/>
            <id root="c2e89ba4-b659-bb72-4263-ee12fa6da3a1"/>
        <code  code="69453-9" codeSystem="2.16.840.1.113883.6.1" displayName="Cause of Death [US Standard Certificate of Death]">
          <originalText><reference value="#reports-desc-1"/></originalText>
        </code>
            <text>
              <reference value="#reports-desc-1"/>
            </text>
            <statusCode code="completed"/>
            <effectiveTime value="19911016114825"/>
            <value xsi:type="ST">{entry.value}</value>
          </observation>
        </component>
      </organizer>
    </entry>
  </section>
</component><component>
  <!--Problems-->
  <section>
    <templateId root="2.16.840.1.113883.10.20.22.2.5.1" extension="2015-08-01"/>
    <!--Problems section template-->
    <code code="11450-4" codeSystem="2.16.840.1.113883.6.1" codeSystemName="LOINC" displayName="Problem list"/>
    <title>Problems</title>
<text>
  <table border="1" width="100%">
    <thead>
      <tr>
        <th>Start</th>
        <th>Stop</th>
        <th>Description</th>
        <th>Code</th>
      </tr>
    </thead>
    <tbody>
        <tr>
          <td>1981-01-21T11:48:25+05:30</td>
          <td>1982-03-31T11:48:25+05:30</td>
          <td ID="conditions-desc-1">Medication review due (situation)</td>
          <td ID="conditions-code-1">http://snomed.info/sct 314529007</td>
        </tr>
        <tr>
          <td>1982-06-30T11:48:25+05:30</td>
          <td>1982-06-30T11:48:25+05:30</td>
          <td ID="conditions-desc-2">Medication review due (situation)</td>
          <td ID="conditions-code-2">http://snomed.info/sct 314529007</td>
        </tr>
        <tr>
          <td>1982-12-29T11:48:25+05:30</td>
          <td>1984-12-26T11:48:25+05:30</td>
          <td ID="conditions-desc-3">Medication review due (situation)</td>
          <td ID="conditions-code-3">http://snomed.info/sct 314529007</td>
        </tr>
        <tr>
          <td>1986-01-01T11:48:25+05:30</td>
          <td>1990-01-24T11:48:25+05:30</td>
          <td ID="conditions-desc-4">Medication review due (situation)</td>
          <td ID="conditions-code-4">http://snomed.info/sct 314529007</td>
        </tr>
        <tr>
          <td>1989-03-30T11:48:25+05:30</td>
          <td></td>
          <td ID="conditions-desc-5">Seizure disorder</td>
          <td ID="conditions-code-5">http://snomed.info/sct 128613002</td>
        </tr>
        <tr>
          <td>1989-03-30T11:48:25+05:30</td>
          <td></td>
          <td ID="conditions-desc-6">History of single seizure (situation)</td>
          <td ID="conditions-code-6">http://snomed.info/sct 703151001</td>
        </tr>
        <tr>
          <td>1990-01-10T21:48:25+05:30</td>
          <td>1990-02-05T21:48:25+05:30</td>
          <td ID="conditions-desc-7">Viral sinusitis (disorder)</td>
          <td ID="conditions-code-7">http://snomed.info/sct 444814009</td>
        </tr>
        <tr>
          <td>1991-01-30T11:48:25+05:30</td>
          <td></td>
          <td ID="conditions-desc-8">Medication review due (situation)</td>
          <td ID="conditions-code-8">http://snomed.info/sct 314529007</td>
        </tr>
    </tbody>
  </table>
</text>
    <entry typeCode="DRIV">
      <act classCode="ACT" moodCode="EVN">
        <templateId root="2.16.840.1.113883.10.20.22.4.3"/>
        <templateId root="2.16.840.1.113883.10.20.22.4.3" extension="2015-08-01"/>
        <!-- Problem act template -->
        <id root="dfc55f0b-1411-0339-b191-d27e84ffb961"/>
        <code nullFlavor="NA"/>
        <statusCode code="completed"/>
        <effectiveTime>
          <low value="19810121114825"/>
          <high value="19820331114825"/>
        </effectiveTime>
        <entryRelationship typeCode="SUBJ" inversionInd="false">
          <observation classCode="OBS" moodCode="EVN">
            <templateId root="2.16.840.1.113883.10.20.22.4.4"/>
            <templateId root="2.16.840.1.113883.10.20.22.4.4" extension="2015-08-01"/>
            <!--Problem observation template - NOT episode template-->
            <id root="c86da816-975c-1cc1-2d04-16faf83c02cf"/>
            <code code="64572001" displayName="Condition" codeSystem="2.16.840.1.113883.6.96" codeSystemName="SNOMED-CT">
              <translation code="75323-6" displayName="Condition" codeSystem="2.16.840.1.113883.6.1" codeSystemName="LOINC"/>
            </code>
            <text>
              <reference value="#conditions-desc-1"/>
            </text>
            <statusCode code="completed"/>
            <effectiveTime>
              <low value="19810121114825"/>
              <high value="19820331114825"/>
            </effectiveTime>
            <priorityCode code="8319008" codeSystem="2.16.840.1.113883.6.96" displayName="Principal diagnosis" />
        <value xsi:type="CD" code="314529007" codeSystem="2.16.840.1.113883.6.96" displayName="Medication review due (situation)">
          <originalText><reference value="#conditions-desc-1"/></originalText>
        </value>
          </observation>
        </entryRelationship>
      </act>
    </entry>
    <entry typeCode="DRIV">
      <act classCode="ACT" moodCode="EVN">
        <templateId root="2.16.840.1.113883.10.20.22.4.3"/>
        <templateId root="2.16.840.1.113883.10.20.22.4.3" extension="2015-08-01"/>
        <!-- Problem act template -->
        <id root="492afc0f-6fa2-af08-3a43-0b4ea61389fa"/>
        <code nullFlavor="NA"/>
        <statusCode code="completed"/>
        <effectiveTime>
          <low value="19820630114825"/>
          <high value="19820630114825"/>
        </effectiveTime>
        <entryRelationship typeCode="SUBJ" inversionInd="false">
          <observation classCode="OBS" moodCode="EVN">
            <templateId root="2.16.840.1.113883.10.20.22.4.4"/>
            <templateId root="2.16.840.1.113883.10.20.22.4.4" extension="2015-08-01"/>
            <!--Problem observation template - NOT episode template-->
            <id root="cd5357d1-08c1-8c86-3df8-8304d9fbd7f0"/>
            <code code="64572001" displayName="Condition" codeSystem="2.16.840.1.113883.6.96" codeSystemName="SNOMED-CT">
              <translation code="75323-6" displayName="Condition" codeSystem="2.16.840.1.113883.6.1" codeSystemName="LOINC"/>
            </code>
            <text>
              <reference value="#conditions-desc-2"/>
            </text>
            <statusCode code="completed"/>
            <effectiveTime>
              <low value="19820630114825"/>
              <high value="19820630114825"/>
            </effectiveTime>
            <priorityCode code="8319008" codeSystem="2.16.840.1.113883.6.96" displayName="Principal diagnosis" />
        <value xsi:type="CD" code="314529007" codeSystem="2.16.840.1.113883.6.96" displayName="Medication review due (situation)">
          <originalText><reference value="#conditions-desc-2"/></originalText>
        </value>
          </observation>
        </entryRelationship>
      </act>
    </entry>
    <entry typeCode="DRIV">
      <act classCode="ACT" moodCode="EVN">
        <templateId root="2.16.840.1.113883.10.20.22.4.3"/>
        <templateId root="2.16.840.1.113883.10.20.22.4.3" extension="2015-08-01"/>
        <!-- Problem act template -->
        <id root="b0b9b70b-ba10-a853-2313-5f033da54949"/>
        <code nullFlavor="NA"/>
        <statusCode code="completed"/>
        <effectiveTime>
          <low value="19821229114825"/>
          <high value="19841226114825"/>
        </effectiveTime>
        <entryRelationship typeCode="SUBJ" inversionInd="false">
          <observation classCode="OBS" moodCode="EVN">
            <templateId root="2.16.840.1.113883.10.20.22.4.4"/>
            <templateId root="2.16.840.1.113883.10.20.22.4.4" extension="2015-08-01"/>
            <!--Problem observation template - NOT episode template-->
            <id root="6c490781-f189-0ffa-3cda-4667dbf1f34e"/>
            <code code="64572001" displayName="Condition" codeSystem="2.16.840.1.113883.6.96" codeSystemName="SNOMED-CT">
              <translation code="75323-6" displayName="Condition" codeSystem="2.16.840.1.113883.6.1" codeSystemName="LOINC"/>
            </code>
            <text>
              <reference value="#conditions-desc-3"/>
            </text>
            <statusCode code="completed"/>
            <effectiveTime>
              <low value="19821229114825"/>
              <high value="19841226114825"/>
            </effectiveTime>
            <priorityCode code="8319008" codeSystem="2.16.840.1.113883.6.96" displayName="Principal diagnosis" />
        <value xsi:type="CD" code="314529007" codeSystem="2.16.840.1.113883.6.96" displayName="Medication review due (situation)">
          <originalText><reference value="#conditions-desc-3"/></originalText>
        </value>
          </observation>
        </entryRelationship>
      </act>
    </entry>
    <entry typeCode="DRIV">
      <act classCode="ACT" moodCode="EVN">
        <templateId root="2.16.840.1.113883.10.20.22.4.3"/>
        <templateId root="2.16.840.1.113883.10.20.22.4.3" extension="2015-08-01"/>
        <!-- Problem act template -->
        <id root="69f84d54-a3f7-6ae1-c3b5-dc75936cb84f"/>
        <code nullFlavor="NA"/>
        <statusCode code="completed"/>
        <effectiveTime>
          <low value="19860101114825"/>
          <high value="19900124114825"/>
        </effectiveTime>
        <entryRelationship typeCode="SUBJ" inversionInd="false">
          <observation classCode="OBS" moodCode="EVN">
            <templateId root="2.16.840.1.113883.10.20.22.4.4"/>
            <templateId root="2.16.840.1.113883.10.20.22.4.4" extension="2015-08-01"/>
            <!--Problem observation template - NOT episode template-->
            <id root="9ba18395-e374-d7e8-aabe-f38e49c9bd3a"/>
            <code code="64572001" displayName="Condition" codeSystem="2.16.840.1.113883.6.96" codeSystemName="SNOMED-CT">
              <translation code="75323-6" displayName="Condition" codeSystem="2.16.840.1.113883.6.1" codeSystemName="LOINC"/>
            </code>
            <text>
              <reference value="#conditions-desc-4"/>
            </text>
            <statusCode code="completed"/>
            <effectiveTime>
              <low value="19860101114825"/>
              <high value="19900124114825"/>
            </effectiveTime>
            <priorityCode code="8319008" codeSystem="2.16.840.1.113883.6.96" displayName="Principal diagnosis" />
        <value xsi:type="CD" code="314529007" codeSystem="2.16.840.1.113883.6.96" displayName="Medication review due (situation)">
          <originalText><reference value="#conditions-desc-4"/></originalText>
        </value>
          </observation>
        </entryRelationship>
      </act>
    </entry>
    <entry typeCode="DRIV">
      <act classCode="ACT" moodCode="EVN">
        <templateId root="2.16.840.1.113883.10.20.22.4.3"/>
        <templateId root="2.16.840.1.113883.10.20.22.4.3" extension="2015-08-01"/>
        <!-- Problem act template -->
        <id root="17c780eb-1234-884d-2679-bd95f0d0b3a9"/>
        <code nullFlavor="NA"/>
        <statusCode code="active"/>
        <effectiveTime>
          <low value="19890330114825"/>
          
        </effectiveTime>
        <entryRelationship typeCode="SUBJ" inversionInd="false">
          <observation classCode="OBS" moodCode="EVN">
            <templateId root="2.16.840.1.113883.10.20.22.4.4"/>
            <templateId root="2.16.840.1.113883.10.20.22.4.4" extension="2015-08-01"/>
            <!--Problem observation template - NOT episode template-->
            <id root="9b7d7688-01ff-5518-5790-c9a22a98cbcb"/>
            <code code="64572001" displayName="Condition" codeSystem="2.16.840.1.113883.6.96" codeSystemName="SNOMED-CT">
              <translation code="75323-6" displayName="Condition" codeSystem="2.16.840.1.113883.6.1" codeSystemName="LOINC"/>
            </code>
            <text>
              <reference value="#conditions-desc-5"/>
            </text>
            <statusCode code="completed"/>
            <effectiveTime>
              <low value="19890330114825"/>
              
            </effectiveTime>
            <priorityCode code="8319008" codeSystem="2.16.840.1.113883.6.96" displayName="Principal diagnosis" />
        <value xsi:type="CD" code="128613002" codeSystem="2.16.840.1.113883.6.96" displayName="Seizure disorder">
          <originalText><reference value="#conditions-desc-5"/></originalText>
        </value>
          </observation>
        </entryRelationship>
      </act>
    </entry>
    <entry typeCode="DRIV">
      <act classCode="ACT" moodCode="EVN">
        <templateId root="2.16.840.1.113883.10.20.22.4.3"/>
        <templateId root="2.16.840.1.113883.10.20.22.4.3" extension="2015-08-01"/>
        <!-- Problem act template -->
        <id root="eb0a12b4-9939-7e3c-c181-930f4fd1059f"/>
        <code nullFlavor="NA"/>
        <statusCode code="active"/>
        <effectiveTime>
          <low value="19890330114825"/>
          
        </effectiveTime>
        <entryRelationship typeCode="SUBJ" inversionInd="false">
          <observation classCode="OBS" moodCode="EVN">
            <templateId root="2.16.840.1.113883.10.20.22.4.4"/>
            <templateId root="2.16.840.1.113883.10.20.22.4.4" extension="2015-08-01"/>
            <!--Problem observation template - NOT episode template-->
            <id root="f96ff297-6d11-91f5-816c-376312aa0f29"/>
            <code code="64572001" displayName="Condition" codeSystem="2.16.840.1.113883.6.96" codeSystemName="SNOMED-CT">
              <translation code="75323-6" displayName="Condition" codeSystem="2.16.840.1.113883.6.1" codeSystemName="LOINC"/>
            </code>
            <text>
              <reference value="#conditions-desc-6"/>
            </text>
            <statusCode code="completed"/>
            <effectiveTime>
              <low value="19890330114825"/>
              
            </effectiveTime>
            <priorityCode code="8319008" codeSystem="2.16.840.1.113883.6.96" displayName="Principal diagnosis" />
        <value xsi:type="CD" code="703151001" codeSystem="2.16.840.1.113883.6.96" displayName="History of single seizure (situation)">
          <originalText><reference value="#conditions-desc-6"/></originalText>
        </value>
          </observation>
        </entryRelationship>
      </act>
    </entry>
    <entry typeCode="DRIV">
      <act classCode="ACT" moodCode="EVN">
        <templateId root="2.16.840.1.113883.10.20.22.4.3"/>
        <templateId root="2.16.840.1.113883.10.20.22.4.3" extension="2015-08-01"/>
        <!-- Problem act template -->
        <id root="c6792d04-30d4-2da8-7dd7-3e3d87c19e79"/>
        <code nullFlavor="NA"/>
        <statusCode code="completed"/>
        <effectiveTime>
          <low value="19900110214825"/>
          <high value="19900205214825"/>
        </effectiveTime>
        <entryRelationship typeCode="SUBJ" inversionInd="false">
          <observation classCode="OBS" moodCode="EVN">
            <templateId root="2.16.840.1.113883.10.20.22.4.4"/>
            <templateId root="2.16.840.1.113883.10.20.22.4.4" extension="2015-08-01"/>
            <!--Problem observation template - NOT episode template-->
            <id root="347562b8-a693-026f-a5d2-373aaf18fe07"/>
            <code code="64572001" displayName="Condition" codeSystem="2.16.840.1.113883.6.96" codeSystemName="SNOMED-CT">
              <translation code="75323-6" displayName="Condition" codeSystem="2.16.840.1.113883.6.1" codeSystemName="LOINC"/>
            </code>
            <text>
              <reference value="#conditions-desc-7"/>
            </text>
            <statusCode code="completed"/>
            <effectiveTime>
              <low value="19900110214825"/>
              <high value="19900205214825"/>
            </effectiveTime>
            <priorityCode code="8319008" codeSystem="2.16.840.1.113883.6.96" displayName="Principal diagnosis" />
        <value xsi:type="CD" code="444814009" codeSystem="2.16.840.1.113883.6.96" displayName="Viral sinusitis (disorder)">
          <originalText><reference value="#conditions-desc-7"/></originalText>
        </value>
          </observation>
        </entryRelationship>
      </act>
    </entry>
    <entry typeCode="DRIV">
      <act classCode="ACT" moodCode="EVN">
        <templateId root="2.16.840.1.113883.10.20.22.4.3"/>
        <templateId root="2.16.840.1.113883.10.20.22.4.3" extension="2015-08-01"/>
        <!-- Problem act template -->
        <id root="f7cc6ed9-2aec-c673-6704-8a2f5bcde062"/>
        <code nullFlavor="NA"/>
        <statusCode code="active"/>
        <effectiveTime>
          <low value="19910130114825"/>
          
        </effectiveTime>
        <entryRelationship typeCode="SUBJ" inversionInd="false">
          <observation classCode="OBS" moodCode="EVN">
            <templateId root="2.16.840.1.113883.10.20.22.4.4"/>
            <templateId root="2.16.840.1.113883.10.20.22.4.4" extension="2015-08-01"/>
            <!--Problem observation template - NOT episode template-->
            <id root="19b416d0-664b-ee22-359b-d88fa3548671"/>
            <code code="64572001" displayName="Condition" codeSystem="2.16.840.1.113883.6.96" codeSystemName="SNOMED-CT">
              <translation code="75323-6" displayName="Condition" codeSystem="2.16.840.1.113883.6.1" codeSystemName="LOINC"/>
            </code>
            <text>
              <reference value="#conditions-desc-8"/>
            </text>
            <statusCode code="completed"/>
            <effectiveTime>
              <low value="19910130114825"/>
              
            </effectiveTime>
            <priorityCode code="8319008" codeSystem="2.16.840.1.113883.6.96" displayName="Principal diagnosis" />
        <value xsi:type="CD" code="314529007" codeSystem="2.16.840.1.113883.6.96" displayName="Medication review due (situation)">
          <originalText><reference value="#conditions-desc-8"/></originalText>
        </value>
          </observation>
        </entryRelationship>
      </act>
    </entry>
  </section>
</component>
<component>
  <!--Surgeries-->
  <section>
    <templateId root="2.16.840.1.113883.10.20.22.2.7.1" extension="2014-06-09"/>
    <!--Surgeries section template-->
    <code code="47519-4" codeSystem="2.16.840.1.113883.6.1" codeSystemName="LOINC" displayName="List of surgeries"/>
    <title>Surgeries</title>
<text>
  <table border="1" width="100%">
    <thead>
      <tr>
        <th>Start</th>
        <th>Stop</th>
        <th>Description</th>
        <th>Code</th>
      </tr>
    </thead>
    <tbody>
        <tr>
          <td>1990-01-24T11:48:25+05:30</td>
          <td>1990-01-24T12:03:25+05:30</td>
          <td ID="procedures-desc-1">Medication Reconciliation (procedure)</td>
          <td ID="procedures-code-1">http://snomed.info/sct 430193006</td>
        </tr>
        <tr>
          <td>1991-09-18T11:48:25+05:30</td>
          <td>1991-09-18T12:03:25+05:30</td>
          <td ID="procedures-desc-2">Certification procedure (procedure)</td>
          <td ID="procedures-code-2">http://snomed.info/sct 310417005</td>
        </tr>
        <tr>
          <td>1991-09-18T11:48:25+05:30</td>
          <td>1991-09-18T12:03:25+05:30</td>
          <td ID="procedures-desc-3">Notifications (procedure)</td>
          <td ID="procedures-code-3">http://snomed.info/sct 185087000</td>
        </tr>
        <tr>
          <td>1991-09-18T11:48:25+05:30</td>
          <td>1991-09-18T12:03:25+05:30</td>
          <td ID="procedures-desc-4">Initial patient assessment (procedure)</td>
          <td ID="procedures-code-4">http://snomed.info/sct 315639002</td>
        </tr>
        <tr>
          <td>1991-09-18T11:48:25+05:30</td>
          <td>1991-09-18T12:03:25+05:30</td>
          <td ID="procedures-desc-5">Development of individualized plan of care (procedure)</td>
          <td ID="procedures-code-5">http://snomed.info/sct 370789001</td>
        </tr>
        <tr>
          <td>1991-09-18T11:48:25+05:30</td>
          <td>1991-09-18T12:03:25+05:30</td>
          <td ID="procedures-desc-6">Hospice care (regime/therapy)</td>
          <td ID="procedures-code-6">http://snomed.info/sct 385763009</td>
        </tr>
        <tr>
          <td>1991-09-19T11:48:25+05:30</td>
          <td>1991-09-19T12:03:25+05:30</td>
          <td ID="procedures-desc-7">Hospice care (regime/therapy)</td>
          <td ID="procedures-code-7">http://snomed.info/sct 385763009</td>
        </tr>
        <tr>
          <td>1991-09-20T11:48:25+05:30</td>
          <td>1991-09-20T12:03:25+05:30</td>
          <td ID="procedures-desc-8">Hospice care (regime/therapy)</td>
          <td ID="procedures-code-8">http://snomed.info/sct 385763009</td>
        </tr>
        <tr>
          <td>1991-09-21T11:48:25+05:30</td>
          <td>1991-09-21T12:03:25+05:30</td>
          <td ID="procedures-desc-9">Hospice care (regime/therapy)</td>
          <td ID="procedures-code-9">http://snomed.info/sct 385763009</td>
        </tr>
        <tr>
          <td>1991-09-22T11:48:25+05:30</td>
          <td>1991-09-22T12:03:25+05:30</td>
          <td ID="procedures-desc-10">Hospice care (regime/therapy)</td>
          <td ID="procedures-code-10">http://snomed.info/sct 385763009</td>
        </tr>
        <tr>
          <td>1991-09-23T11:48:25+05:30</td>
          <td>1991-09-23T12:03:25+05:30</td>
          <td ID="procedures-desc-11">Hospice care (regime/therapy)</td>
          <td ID="procedures-code-11">http://snomed.info/sct 385763009</td>
        </tr>
        <tr>
          <td>1991-09-24T11:48:25+05:30</td>
          <td>1991-09-24T12:03:25+05:30</td>
          <td ID="procedures-desc-12">Hospice care (regime/therapy)</td>
          <td ID="procedures-code-12">http://snomed.info/sct 385763009</td>
        </tr>
        <tr>
          <td>1991-09-25T11:48:25+05:30</td>
          <td>1991-09-25T12:03:25+05:30</td>
          <td ID="procedures-desc-13">Hospice care (regime/therapy)</td>
          <td ID="procedures-code-13">http://snomed.info/sct 385763009</td>
        </tr>
        <tr>
          <td>1991-09-26T11:48:25+05:30</td>
          <td>1991-09-26T12:03:25+05:30</td>
          <td ID="procedures-desc-14">Hospice care (regime/therapy)</td>
          <td ID="procedures-code-14">http://snomed.info/sct 385763009</td>
        </tr>
        <tr>
          <td>1991-09-27T11:48:25+05:30</td>
          <td>1991-09-27T12:03:25+05:30</td>
          <td ID="procedures-desc-15">Hospice care (regime/therapy)</td>
          <td ID="procedures-code-15">http://snomed.info/sct 385763009</td>
        </tr>
        <tr>
          <td>1991-09-28T11:48:25+05:30</td>
          <td>1991-09-28T12:03:25+05:30</td>
          <td ID="procedures-desc-16">Hospice care (regime/therapy)</td>
          <td ID="procedures-code-16">http://snomed.info/sct 385763009</td>
        </tr>
        <tr>
          <td>1991-09-29T11:48:25+05:30</td>
          <td>1991-09-29T12:03:25+05:30</td>
          <td ID="procedures-desc-17">Hospice care (regime/therapy)</td>
          <td ID="procedures-code-17">http://snomed.info/sct 385763009</td>
        </tr>
        <tr>
          <td>1991-09-30T11:48:25+05:30</td>
          <td>1991-09-30T12:03:25+05:30</td>
          <td ID="procedures-desc-18">Hospice care (regime/therapy)</td>
          <td ID="procedures-code-18">http://snomed.info/sct 385763009</td>
        </tr>
        <tr>
          <td>1991-10-01T11:48:25+05:30</td>
          <td>1991-10-01T12:03:25+05:30</td>
          <td ID="procedures-desc-19">Hospice care (regime/therapy)</td>
          <td ID="procedures-code-19">http://snomed.info/sct 385763009</td>
        </tr>
        <tr>
          <td>1991-10-02T11:48:25+05:30</td>
          <td>1991-10-02T12:03:25+05:30</td>
          <td ID="procedures-desc-20">Hospice care (regime/therapy)</td>
          <td ID="procedures-code-20">http://snomed.info/sct 385763009</td>
        </tr>
        <tr>
          <td>1991-10-03T11:48:25+05:30</td>
          <td>1991-10-03T12:03:25+05:30</td>
          <td ID="procedures-desc-21">Hospice care (regime/therapy)</td>
          <td ID="procedures-code-21">http://snomed.info/sct 385763009</td>
        </tr>
        <tr>
          <td>1991-10-04T11:48:25+05:30</td>
          <td>1991-10-04T12:03:25+05:30</td>
          <td ID="procedures-desc-22">Hospice care (regime/therapy)</td>
          <td ID="procedures-code-22">http://snomed.info/sct 385763009</td>
        </tr>
        <tr>
          <td>1991-10-05T11:48:25+05:30</td>
          <td>1991-10-05T12:03:25+05:30</td>
          <td ID="procedures-desc-23">Hospice care (regime/therapy)</td>
          <td ID="procedures-code-23">http://snomed.info/sct 385763009</td>
        </tr>
        <tr>
          <td>1991-10-06T11:48:25+05:30</td>
          <td>1991-10-06T12:03:25+05:30</td>
          <td ID="procedures-desc-24">Hospice care (regime/therapy)</td>
          <td ID="procedures-code-24">http://snomed.info/sct 385763009</td>
        </tr>
        <tr>
          <td>1991-10-07T11:48:25+05:30</td>
          <td>1991-10-07T12:03:25+05:30</td>
          <td ID="procedures-desc-25">Hospice care (regime/therapy)</td>
          <td ID="procedures-code-25">http://snomed.info/sct 385763009</td>
        </tr>
        <tr>
          <td>1991-10-08T11:48:25+05:30</td>
          <td>1991-10-08T12:03:25+05:30</td>
          <td ID="procedures-desc-26">Hospice care (regime/therapy)</td>
          <td ID="procedures-code-26">http://snomed.info/sct 385763009</td>
        </tr>
        <tr>
          <td>1991-10-09T11:48:25+05:30</td>
          <td>1991-10-09T12:03:25+05:30</td>
          <td ID="procedures-desc-27">Hospice care (regime/therapy)</td>
          <td ID="procedures-code-27">http://snomed.info/sct 385763009</td>
        </tr>
    </tbody>
  </table>
</text>
    <entry typeCode="DRIV">
      <procedure classCode="PROC" moodCode="EVN">
        <templateId root="2.16.840.1.113883.10.20.22.4.14"/>
        <!-- Procedure activity template -->
        <id root="70a03f93-420a-7f76-d9d7-92ba67cc0bce"/>
        <code  code="430193006" codeSystem="2.16.840.1.113883.6.96" displayName="Medication Reconciliation (procedure)">
          <originalText><reference value="#procedures-desc-1"/></originalText>
        </code>
        <text>
          <reference value="#procedures-desc-1"/>
        </text>
        <statusCode code="completed"/>
        <effectiveTime value="19900124114825"/>
      </procedure>
    </entry>
    <entry typeCode="DRIV">
      <procedure classCode="PROC" moodCode="EVN">
        <templateId root="2.16.840.1.113883.10.20.22.4.14"/>
        <!-- Procedure activity template -->
        <id root="b3f72eff-7f68-653c-2266-cd5cdb2a8816"/>
        <code  code="310417005" codeSystem="2.16.840.1.113883.6.96" displayName="Certification procedure (procedure)">
          <originalText><reference value="#procedures-desc-2"/></originalText>
        </code>
        <text>
          <reference value="#procedures-desc-2"/>
        </text>
        <statusCode code="completed"/>
        <effectiveTime value="19910918114825"/>
      </procedure>
    </entry>
    <entry typeCode="DRIV">
      <procedure classCode="PROC" moodCode="EVN">
        <templateId root="2.16.840.1.113883.10.20.22.4.14"/>
        <!-- Procedure activity template -->
        <id root="2b961ca2-2af6-ca0b-fdb6-15a6c736442c"/>
        <code  code="185087000" codeSystem="2.16.840.1.113883.6.96" displayName="Notifications (procedure)">
          <originalText><reference value="#procedures-desc-3"/></originalText>
        </code>
        <text>
          <reference value="#procedures-desc-3"/>
        </text>
        <statusCode code="completed"/>
        <effectiveTime value="19910918114825"/>
      </procedure>
    </entry>
    <entry typeCode="DRIV">
      <procedure classCode="PROC" moodCode="EVN">
        <templateId root="2.16.840.1.113883.10.20.22.4.14"/>
        <!-- Procedure activity template -->
        <id root="a7ba3ab1-4459-0e0e-3a20-096fb62257f1"/>
        <code  code="315639002" codeSystem="2.16.840.1.113883.6.96" displayName="Initial patient assessment (procedure)">
          <originalText><reference value="#procedures-desc-4"/></originalText>
        </code>
        <text>
          <reference value="#procedures-desc-4"/>
        </text>
        <statusCode code="completed"/>
        <effectiveTime value="19910918114825"/>
      </procedure>
    </entry>
    <entry typeCode="DRIV">
      <procedure classCode="PROC" moodCode="EVN">
        <templateId root="2.16.840.1.113883.10.20.22.4.14"/>
        <!-- Procedure activity template -->
        <id root="b9ccf796-2b50-9739-66f4-9b8f83a089c5"/>
        <code  code="370789001" codeSystem="2.16.840.1.113883.6.96" displayName="Development of individualized plan of care (procedure)">
          <originalText><reference value="#procedures-desc-5"/></originalText>
        </code>
        <text>
          <reference value="#procedures-desc-5"/>
        </text>
        <statusCode code="completed"/>
        <effectiveTime value="19910918114825"/>
      </procedure>
    </entry>
    <entry typeCode="DRIV">
      <procedure classCode="PROC" moodCode="EVN">
        <templateId root="2.16.840.1.113883.10.20.22.4.14"/>
        <!-- Procedure activity template -->
        <id root="f58351bc-438a-d628-6c38-69c78bf952ae"/>
        <code  code="385763009" codeSystem="2.16.840.1.113883.6.96" displayName="Hospice care (regime/therapy)">
          <originalText><reference value="#procedures-desc-6"/></originalText>
        </code>
        <text>
          <reference value="#procedures-desc-6"/>
        </text>
        <statusCode code="completed"/>
        <effectiveTime value="19910918114825"/>
      </procedure>
    </entry>
    <entry typeCode="DRIV">
      <procedure classCode="PROC" moodCode="EVN">
        <templateId root="2.16.840.1.113883.10.20.22.4.14"/>
        <!-- Procedure activity template -->
        <id root="5ecc6cc9-b495-b1b7-bc2a-64027d8af754"/>
        <code  code="385763009" codeSystem="2.16.840.1.113883.6.96" displayName="Hospice care (regime/therapy)">
          <originalText><reference value="#procedures-desc-7"/></originalText>
        </code>
        <text>
          <reference value="#procedures-desc-7"/>
        </text>
        <statusCode code="completed"/>
        <effectiveTime value="19910919114825"/>
      </procedure>
    </entry>
    <entry typeCode="DRIV">
      <procedure classCode="PROC" moodCode="EVN">
        <templateId root="2.16.840.1.113883.10.20.22.4.14"/>
        <!-- Procedure activity template -->
        <id root="99c97ea7-9bd5-d5a9-1efb-ec8e1aeebaf1"/>
        <code  code="385763009" codeSystem="2.16.840.1.113883.6.96" displayName="Hospice care (regime/therapy)">
          <originalText><reference value="#procedures-desc-8"/></originalText>
        </code>
        <text>
          <reference value="#procedures-desc-8"/>
        </text>
        <statusCode code="completed"/>
        <effectiveTime value="19910920114825"/>
      </procedure>
    </entry>
    <entry typeCode="DRIV">
      <procedure classCode="PROC" moodCode="EVN">
        <templateId root="2.16.840.1.113883.10.20.22.4.14"/>
        <!-- Procedure activity template -->
        <id root="3a4962e6-8006-6620-e8dc-9da5e6c9665b"/>
        <code  code="385763009" codeSystem="2.16.840.1.113883.6.96" displayName="Hospice care (regime/therapy)">
          <originalText><reference value="#procedures-desc-9"/></originalText>
        </code>
        <text>
          <reference value="#procedures-desc-9"/>
        </text>
        <statusCode code="completed"/>
        <effectiveTime value="19910921114825"/>
      </procedure>
    </entry>
    <entry typeCode="DRIV">
      <procedure classCode="PROC" moodCode="EVN">
        <templateId root="2.16.840.1.113883.10.20.22.4.14"/>
        <!-- Procedure activity template -->
        <id root="89d72bf8-ffb6-0a11-cf69-04022dbe8ac8"/>
        <code  code="385763009" codeSystem="2.16.840.1.113883.6.96" displayName="Hospice care (regime/therapy)">
          <originalText><reference value="#procedures-desc-10"/></originalText>
        </code>
        <text>
          <reference value="#procedures-desc-10"/>
        </text>
        <statusCode code="completed"/>
        <effectiveTime value="19910922114825"/>
      </procedure>
    </entry>
    <entry typeCode="DRIV">
      <procedure classCode="PROC" moodCode="EVN">
        <templateId root="2.16.840.1.113883.10.20.22.4.14"/>
        <!-- Procedure activity template -->
        <id root="775d5a38-d96e-ddd5-9ac4-d31ffb62bfa0"/>
        <code  code="385763009" codeSystem="2.16.840.1.113883.6.96" displayName="Hospice care (regime/therapy)">
          <originalText><reference value="#procedures-desc-11"/></originalText>
        </code>
        <text>
          <reference value="#procedures-desc-11"/>
        </text>
        <statusCode code="completed"/>
        <effectiveTime value="19910923114825"/>
      </procedure>
    </entry>
    <entry typeCode="DRIV">
      <procedure classCode="PROC" moodCode="EVN">
        <templateId root="2.16.840.1.113883.10.20.22.4.14"/>
        <!-- Procedure activity template -->
        <id root="f090ea30-4bcc-9e1c-2a92-67230c80c897"/>
        <code  code="385763009" codeSystem="2.16.840.1.113883.6.96" displayName="Hospice care (regime/therapy)">
          <originalText><reference value="#procedures-desc-12"/></originalText>
        </code>
        <text>
          <reference value="#procedures-desc-12"/>
        </text>
        <statusCode code="completed"/>
        <effectiveTime value="19910924114825"/>
      </procedure>
    </entry>
    <entry typeCode="DRIV">
      <procedure classCode="PROC" moodCode="EVN">
        <templateId root="2.16.840.1.113883.10.20.22.4.14"/>
        <!-- Procedure activity template -->
        <id root="9c088313-7ed6-0e20-f2c6-00f8664288fe"/>
        <code  code="385763009" codeSystem="2.16.840.1.113883.6.96" displayName="Hospice care (regime/therapy)">
          <originalText><reference value="#procedures-desc-13"/></originalText>
        </code>
        <text>
          <reference value="#procedures-desc-13"/>
        </text>
        <statusCode code="completed"/>
        <effectiveTime value="19910925114825"/>
      </procedure>
    </entry>
    <entry typeCode="DRIV">
      <procedure classCode="PROC" moodCode="EVN">
        <templateId root="2.16.840.1.113883.10.20.22.4.14"/>
        <!-- Procedure activity template -->
        <id root="af49c1b7-0b92-1ab4-2110-0898d5b8635a"/>
        <code  code="385763009" codeSystem="2.16.840.1.113883.6.96" displayName="Hospice care (regime/therapy)">
          <originalText><reference value="#procedures-desc-14"/></originalText>
        </code>
        <text>
          <reference value="#procedures-desc-14"/>
        </text>
        <statusCode code="completed"/>
        <effectiveTime value="19910926114825"/>
      </procedure>
    </entry>
    <entry typeCode="DRIV">
      <procedure classCode="PROC" moodCode="EVN">
        <templateId root="2.16.840.1.113883.10.20.22.4.14"/>
        <!-- Procedure activity template -->
        <id root="e03a2381-00e7-c10b-9947-736c6197e9b2"/>
        <code  code="385763009" codeSystem="2.16.840.1.113883.6.96" displayName="Hospice care (regime/therapy)">
          <originalText><reference value="#procedures-desc-15"/></originalText>
        </code>
        <text>
          <reference value="#procedures-desc-15"/>
        </text>
        <statusCode code="completed"/>
        <effectiveTime value="19910927114825"/>
      </procedure>
    </entry>
    <entry typeCode="DRIV">
      <procedure classCode="PROC" moodCode="EVN">
        <templateId root="2.16.840.1.113883.10.20.22.4.14"/>
        <!-- Procedure activity template -->
        <id root="ac807d13-44d6-df8c-1c6c-6215b06ea0c8"/>
        <code  code="385763009" codeSystem="2.16.840.1.113883.6.96" displayName="Hospice care (regime/therapy)">
          <originalText><reference value="#procedures-desc-16"/></originalText>
        </code>
        <text>
          <reference value="#procedures-desc-16"/>
        </text>
        <statusCode code="completed"/>
        <effectiveTime value="19910928114825"/>
      </procedure>
    </entry>
    <entry typeCode="DRIV">
      <procedure classCode="PROC" moodCode="EVN">
        <templateId root="2.16.840.1.113883.10.20.22.4.14"/>
        <!-- Procedure activity template -->
        <id root="3e171e7b-e962-6707-4503-c8b539d4ddd3"/>
        <code  code="385763009" codeSystem="2.16.840.1.113883.6.96" displayName="Hospice care (regime/therapy)">
          <originalText><reference value="#procedures-desc-17"/></originalText>
        </code>
        <text>
          <reference value="#procedures-desc-17"/>
        </text>
        <statusCode code="completed"/>
        <effectiveTime value="19910929114825"/>
      </procedure>
    </entry>
    <entry typeCode="DRIV">
      <procedure classCode="PROC" moodCode="EVN">
        <templateId root="2.16.840.1.113883.10.20.22.4.14"/>
        <!-- Procedure activity template -->
        <id root="4524e284-0f80-e23e-055a-b37adf889b4c"/>
        <code  code="385763009" codeSystem="2.16.840.1.113883.6.96" displayName="Hospice care (regime/therapy)">
          <originalText><reference value="#procedures-desc-18"/></originalText>
        </code>
        <text>
          <reference value="#procedures-desc-18"/>
        </text>
        <statusCode code="completed"/>
        <effectiveTime value="19910930114825"/>
      </procedure>
    </entry>
    <entry typeCode="DRIV">
      <procedure classCode="PROC" moodCode="EVN">
        <templateId root="2.16.840.1.113883.10.20.22.4.14"/>
        <!-- Procedure activity template -->
        <id root="1fab39ef-8506-59d9-c3d9-8d8fe0c38009"/>
        <code  code="385763009" codeSystem="2.16.840.1.113883.6.96" displayName="Hospice care (regime/therapy)">
          <originalText><reference value="#procedures-desc-19"/></originalText>
        </code>
        <text>
          <reference value="#procedures-desc-19"/>
        </text>
        <statusCode code="completed"/>
        <effectiveTime value="19911001114825"/>
      </procedure>
    </entry>
    <entry typeCode="DRIV">
      <procedure classCode="PROC" moodCode="EVN">
        <templateId root="2.16.840.1.113883.10.20.22.4.14"/>
        <!-- Procedure activity template -->
        <id root="9df32703-a6b4-039c-4f0a-72377301c38b"/>
        <code  code="385763009" codeSystem="2.16.840.1.113883.6.96" displayName="Hospice care (regime/therapy)">
          <originalText><reference value="#procedures-desc-20"/></originalText>
        </code>
        <text>
          <reference value="#procedures-desc-20"/>
        </text>
        <statusCode code="completed"/>
        <effectiveTime value="19911002114825"/>
      </procedure>
    </entry>
    <entry typeCode="DRIV">
      <procedure classCode="PROC" moodCode="EVN">
        <templateId root="2.16.840.1.113883.10.20.22.4.14"/>
        <!-- Procedure activity template -->
        <id root="607a06a7-fde1-8412-ee08-d5f6931b3a81"/>
        <code  code="385763009" codeSystem="2.16.840.1.113883.6.96" displayName="Hospice care (regime/therapy)">
          <originalText><reference value="#procedures-desc-21"/></originalText>
        </code>
        <text>
          <reference value="#procedures-desc-21"/>
        </text>
        <statusCode code="completed"/>
        <effectiveTime value="19911003114825"/>
      </procedure>
    </entry>
    <entry typeCode="DRIV">
      <procedure classCode="PROC" moodCode="EVN">
        <templateId root="2.16.840.1.113883.10.20.22.4.14"/>
        <!-- Procedure activity template -->
        <id root="a8ef8c3f-a9ca-349c-8dce-910cee82f4c0"/>
        <code  code="385763009" codeSystem="2.16.840.1.113883.6.96" displayName="Hospice care (regime/therapy)">
          <originalText><reference value="#procedures-desc-22"/></originalText>
        </code>
        <text>
          <reference value="#procedures-desc-22"/>
        </text>
        <statusCode code="completed"/>
        <effectiveTime value="19911004114825"/>
      </procedure>
    </entry>
    <entry typeCode="DRIV">
      <procedure classCode="PROC" moodCode="EVN">
        <templateId root="2.16.840.1.113883.10.20.22.4.14"/>
        <!-- Procedure activity template -->
        <id root="73281e02-5152-4540-81c0-43572b0998f6"/>
        <code  code="385763009" codeSystem="2.16.840.1.113883.6.96" displayName="Hospice care (regime/therapy)">
          <originalText><reference value="#procedures-desc-23"/></originalText>
        </code>
        <text>
          <reference value="#procedures-desc-23"/>
        </text>
        <statusCode code="completed"/>
        <effectiveTime value="19911005114825"/>
      </procedure>
    </entry>
    <entry typeCode="DRIV">
      <procedure classCode="PROC" moodCode="EVN">
        <templateId root="2.16.840.1.113883.10.20.22.4.14"/>
        <!-- Procedure activity template -->
        <id root="97a73514-a924-32ca-d453-a015a8fbcd06"/>
        <code  code="385763009" codeSystem="2.16.840.1.113883.6.96" displayName="Hospice care (regime/therapy)">
          <originalText><reference value="#procedures-desc-24"/></originalText>
        </code>
        <text>
          <reference value="#procedures-desc-24"/>
        </text>
        <statusCode code="completed"/>
        <effectiveTime value="19911006114825"/>
      </procedure>
    </entry>
    <entry typeCode="DRIV">
      <procedure classCode="PROC" moodCode="EVN">
        <templateId root="2.16.840.1.113883.10.20.22.4.14"/>
        <!-- Procedure activity template -->
        <id root="95fd63e4-c376-5a70-76b2-76dcc6415e7d"/>
        <code  code="385763009" codeSystem="2.16.840.1.113883.6.96" displayName="Hospice care (regime/therapy)">
          <originalText><reference value="#procedures-desc-25"/></originalText>
        </code>
        <text>
          <reference value="#procedures-desc-25"/>
        </text>
        <statusCode code="completed"/>
        <effectiveTime value="19911007114825"/>
      </procedure>
    </entry>
    <entry typeCode="DRIV">
      <procedure classCode="PROC" moodCode="EVN">
        <templateId root="2.16.840.1.113883.10.20.22.4.14"/>
        <!-- Procedure activity template -->
        <id root="a1cdfc49-0fe7-0f23-6e09-405077f74a08"/>
        <code  code="385763009" codeSystem="2.16.840.1.113883.6.96" displayName="Hospice care (regime/therapy)">
          <originalText><reference value="#procedures-desc-26"/></originalText>
        </code>
        <text>
          <reference value="#procedures-desc-26"/>
        </text>
        <statusCode code="completed"/>
        <effectiveTime value="19911008114825"/>
      </procedure>
    </entry>
    <entry typeCode="DRIV">
      <procedure classCode="PROC" moodCode="EVN">
        <templateId root="2.16.840.1.113883.10.20.22.4.14"/>
        <!-- Procedure activity template -->
        <id root="e30673e6-bb74-3027-49ab-332cda5e4625"/>
        <code  code="385763009" codeSystem="2.16.840.1.113883.6.96" displayName="Hospice care (regime/therapy)">
          <originalText><reference value="#procedures-desc-27"/></originalText>
        </code>
        <text>
          <reference value="#procedures-desc-27"/>
        </text>
        <statusCode code="completed"/>
        <effectiveTime value="19911009114825"/>
      </procedure>
    </entry>
  </section>
</component>
<component>
  <!--Encounters-->
  <section>
    <templateId root="2.16.840.1.113883.10.20.22.2.22" extension="2015-08-01"/> <!-- CCDA Template id -->
    <!--Encounters section template-->
    <code code="46240-8" codeSystem="2.16.840.1.113883.6.1" codeSystemName="LOINC" displayName="History of encounters"/>
    <title>Encounters</title>
<text>
  <table border="1" width="100%">
    <thead>
      <tr>
        <th>Start</th>
        <th>Stop</th>
        <th>Description</th>
        <th>Code</th>
      </tr>
    </thead>
    <tbody>
        <tr>
          <td>1981-01-21T11:48:25+05:30</td>
          <td>1981-01-21T12:03:25+05:30</td>
          <td ID="encounters-desc-1">Well child visit (procedure)</td>
          <td ID="encounters-code-1">http://snomed.info/sct 410620009</td>
        </tr>
        <tr>
          <td>1982-06-30T11:48:25+05:30</td>
          <td>1982-06-30T12:03:25+05:30</td>
          <td ID="encounters-desc-2">Well child visit (procedure)</td>
          <td ID="encounters-code-2">http://snomed.info/sct 410620009</td>
        </tr>
        <tr>
          <td>1982-12-29T11:48:25+05:30</td>
          <td>1982-12-29T12:03:25+05:30</td>
          <td ID="encounters-desc-3">Well child visit (procedure)</td>
          <td ID="encounters-code-3">http://snomed.info/sct 410620009</td>
        </tr>
        <tr>
          <td>1986-01-01T11:48:25+05:30</td>
          <td>1986-01-01T12:03:25+05:30</td>
          <td ID="encounters-desc-4">Well child visit (procedure)</td>
          <td ID="encounters-code-4">http://snomed.info/sct 410620009</td>
        </tr>
        <tr>
          <td>1989-03-30T11:48:25+05:30</td>
          <td>1989-03-30T13:44:03+05:30</td>
          <td ID="encounters-desc-5">Emergency room admission (procedure)</td>
          <td ID="encounters-code-5">http://snomed.info/sct 50849002</td>
        </tr>
        <tr>
          <td>1990-01-10T21:48:25+05:30</td>
          <td>1990-01-10T22:03:25+05:30</td>
          <td ID="encounters-desc-6">Encounter for symptom</td>
          <td ID="encounters-code-6">http://snomed.info/sct 185345009</td>
        </tr>
        <tr>
          <td>1990-01-24T11:48:25+05:30</td>
          <td>1990-01-24T12:03:25+05:30</td>
          <td ID="encounters-desc-7">Well child visit (procedure)</td>
          <td ID="encounters-code-7">http://snomed.info/sct 410620009</td>
        </tr>
        <tr>
          <td>1991-01-30T11:48:25+05:30</td>
          <td>1991-01-30T12:03:25+05:30</td>
          <td ID="encounters-desc-8">Well child visit (procedure)</td>
          <td ID="encounters-code-8">http://snomed.info/sct 410620009</td>
        </tr>
        <tr>
          <td>1991-09-18T11:48:25+05:30</td>
          <td>1991-10-15T11:48:25+05:30</td>
          <td ID="encounters-desc-9">Admission to hospice (procedure)</td>
          <td ID="encounters-code-9">http://snomed.info/sct 305336008</td>
        </tr>
        <tr>
          <td>1991-10-16T11:48:25+05:30</td>
          <td>1991-10-16T12:03:25+05:30</td>
          <td ID="encounters-desc-10">Death Certification</td>
          <td ID="encounters-code-10">http://snomed.info/sct 308646001</td>
        </tr>
    </tbody>
  </table>
</text>
    <entry typeCode="DRIV">
      <encounter classCode="ENC" moodCode="EVN">
		    <templateId root="2.16.840.1.113883.10.20.22.4.49"/>
        <!-- Encounter activity template -->
        <id root="4e333607-b07a-0b0b-6f1f-dfdbad17ac0d"/>
        <code  code="410620009" codeSystem="2.16.840.1.113883.6.96" displayName="Well child visit (procedure)">
          <originalText><reference value="#encounters-desc-1"/></originalText>
        </code>
        <text>
          <reference value="#encounters-desc-1"/>
        </text>
        <effectiveTime>
          <low value="19810121114825"/>
          <high value="19810121120325"/>
        </effectiveTime>
      </encounter>
    </entry>
    <entry typeCode="DRIV">
      <encounter classCode="ENC" moodCode="EVN">
		    <templateId root="2.16.840.1.113883.10.20.22.4.49"/>
        <!-- Encounter activity template -->
        <id root="98706423-05e7-50db-9034-7d2bc0f1159e"/>
        <code  code="410620009" codeSystem="2.16.840.1.113883.6.96" displayName="Well child visit (procedure)">
          <originalText><reference value="#encounters-desc-2"/></originalText>
        </code>
        <text>
          <reference value="#encounters-desc-2"/>
        </text>
        <effectiveTime>
          <low value="19820630114825"/>
          <high value="19820630120325"/>
        </effectiveTime>
      </encounter>
    </entry>
    <entry typeCode="DRIV">
      <encounter classCode="ENC" moodCode="EVN">
		    <templateId root="2.16.840.1.113883.10.20.22.4.49"/>
        <!-- Encounter activity template -->
        <id root="7ac8eef5-2021-f5e7-dae5-b52b20c59e31"/>
        <code  code="410620009" codeSystem="2.16.840.1.113883.6.96" displayName="Well child visit (procedure)">
          <originalText><reference value="#encounters-desc-3"/></originalText>
        </code>
        <text>
          <reference value="#encounters-desc-3"/>
        </text>
        <effectiveTime>
          <low value="19821229114825"/>
          <high value="19821229120325"/>
        </effectiveTime>
      </encounter>
    </entry>
    <entry typeCode="DRIV">
      <encounter classCode="ENC" moodCode="EVN">
		    <templateId root="2.16.840.1.113883.10.20.22.4.49"/>
        <!-- Encounter activity template -->
        <id root="6344902f-daf8-ca89-a8ef-d3c3532daf4b"/>
        <code  code="410620009" codeSystem="2.16.840.1.113883.6.96" displayName="Well child visit (procedure)">
          <originalText><reference value="#encounters-desc-4"/></originalText>
        </code>
        <text>
          <reference value="#encounters-desc-4"/>
        </text>
        <effectiveTime>
          <low value="19860101114825"/>
          <high value="19860101120325"/>
        </effectiveTime>
      </encounter>
    </entry>
    <entry typeCode="DRIV">
      <encounter classCode="ENC" moodCode="EVN">
		    <templateId root="2.16.840.1.113883.10.20.22.4.49"/>
        <!-- Encounter activity template -->
        <id root="bae3fb73-489d-8af3-825c-1e0f606e133e"/>
        <code  code="50849002" codeSystem="2.16.840.1.113883.6.96" displayName="Emergency room admission (procedure)">
          <originalText><reference value="#encounters-desc-5"/></originalText>
        </code>
        <text>
          <reference value="#encounters-desc-5"/>
        </text>
        <effectiveTime>
          <low value="19890330114825"/>
          <high value="19890330134403"/>
        </effectiveTime>
      </encounter>
    </entry>
    <entry typeCode="DRIV">
      <encounter classCode="ENC" moodCode="EVN">
		    <templateId root="2.16.840.1.113883.10.20.22.4.49"/>
        <!-- Encounter activity template -->
        <id root="01a33ded-2040-9344-9c74-74755a3122ae"/>
        <code  code="185345009" codeSystem="2.16.840.1.113883.6.96" displayName="Encounter for symptom">
          <originalText><reference value="#encounters-desc-6"/></originalText>
        </code>
        <text>
          <reference value="#encounters-desc-6"/>
        </text>
        <effectiveTime>
          <low value="19900110214825"/>
          <high value="19900110220325"/>
        </effectiveTime>
      </encounter>
    </entry>
    <entry typeCode="DRIV">
      <encounter classCode="ENC" moodCode="EVN">
		    <templateId root="2.16.840.1.113883.10.20.22.4.49"/>
        <!-- Encounter activity template -->
        <id root="6b61e239-3b8d-24e2-3057-c7003e271048"/>
        <code  code="410620009" codeSystem="2.16.840.1.113883.6.96" displayName="Well child visit (procedure)">
          <originalText><reference value="#encounters-desc-7"/></originalText>
        </code>
        <text>
          <reference value="#encounters-desc-7"/>
        </text>
        <effectiveTime>
          <low value="19900124114825"/>
          <high value="19900124120325"/>
        </effectiveTime>
      </encounter>
    </entry>
    <entry typeCode="DRIV">
      <encounter classCode="ENC" moodCode="EVN">
		    <templateId root="2.16.840.1.113883.10.20.22.4.49"/>
        <!-- Encounter activity template -->
        <id root="8e94604a-ad14-1b4c-1f1c-9f0528156c56"/>
        <code  code="410620009" codeSystem="2.16.840.1.113883.6.96" displayName="Well child visit (procedure)">
          <originalText><reference value="#encounters-desc-8"/></originalText>
        </code>
        <text>
          <reference value="#encounters-desc-8"/>
        </text>
        <effectiveTime>
          <low value="19910130114825"/>
          <high value="19910130120325"/>
        </effectiveTime>
      </encounter>
    </entry>
    <entry typeCode="DRIV">
      <encounter classCode="ENC" moodCode="EVN">
		    <templateId root="2.16.840.1.113883.10.20.22.4.49"/>
        <!-- Encounter activity template -->
        <id root="6cba57c1-f292-912f-74ab-c82a3efbe021"/>
        <code  code="305336008" codeSystem="2.16.840.1.113883.6.96" displayName="Admission to hospice (procedure)">
          <originalText><reference value="#encounters-desc-9"/></originalText>
        </code>
        <text>
          <reference value="#encounters-desc-9"/>
        </text>
        <effectiveTime>
          <low value="19910918114825"/>
          <high value="19911015114825"/>
        </effectiveTime>
      </encounter>
    </entry>
    <entry typeCode="DRIV">
      <encounter classCode="ENC" moodCode="EVN">
		    <templateId root="2.16.840.1.113883.10.20.22.4.49"/>
        <!-- Encounter activity template -->
        <id root="04fd2ad6-9e3d-14e5-d7f4-258fc81ac51d"/>
        <code  code="308646001" codeSystem="2.16.840.1.113883.6.96" displayName="Death Certification">
          <originalText><reference value="#encounters-desc-10"/></originalText>
        </code>
        <text>
          <reference value="#encounters-desc-10"/>
        </text>
        <effectiveTime>
          <low value="19911016114825"/>
          <high value="19911016120325"/>
        </effectiveTime>
      </encounter>
    </entry>
  </section>
</component>
<component>
  <!--Vital Signs-->
  <section>
    <templateId root="2.16.840.1.113883.10.20.22.2.4.1" extension="2015-08-01"/>
    <!--Vital Signs section template-->
    <code code="8716-3" codeSystem="2.16.840.1.113883.6.1" codeSystemName="LOINC" displayName="Vital signs"/>
    <title>Vital Signs</title>
<text>
  <table border="1" width="100%">
    <thead>
      <tr>
        <th>Start</th>
        <th>Stop</th>
        <th>Description</th>
        <th>Code</th>
        <th>Value</th>
      </tr>
    </thead>
    <tbody>
        <tr>
          <td>1990-01-24T11:48:25+05:30</td>
          <td></td>
          <td ID="observations-desc-1">Body Height</td>
          <td ID="observations-code-1">http://loinc.org 8302-2</td>
          <td>129.4 cm</td>
        </tr>
        <tr>
          <td>1990-01-24T11:48:25+05:30</td>
          <td></td>
          <td ID="observations-desc-2">Pain severity - 0-10 verbal numeric rating [Score] - Reported</td>
          <td ID="observations-code-2">http://loinc.org 72514-3</td>
          <td>3 {score}</td>
        </tr>
        <tr>
          <td>1990-01-24T11:48:25+05:30</td>
          <td></td>
          <td ID="observations-desc-3">Body Weight</td>
          <td ID="observations-code-3">http://loinc.org 29463-7</td>
          <td>35 kg</td>
        </tr>
        <tr>
          <td>1990-01-24T11:48:25+05:30</td>
          <td></td>
          <td ID="observations-desc-4">Body mass index (BMI) [Ratio]</td>
          <td ID="observations-code-4">http://loinc.org 39156-5</td>
          <td>20.91 kg/m2</td>
        </tr>
        <tr>
          <td>1990-01-24T11:48:25+05:30</td>
          <td></td>
          <td ID="observations-desc-5">Body mass index (BMI) [Percentile] Per age and sex</td>
          <td ID="observations-code-5">http://loinc.org 59576-9</td>
          <td>94.63272843797648 %</td>
        </tr>
        <tr>
          <td>1990-01-24T11:48:25+05:30</td>
          <td></td>
          <td ID="observations-desc-6">Heart rate</td>
          <td ID="observations-code-6">http://loinc.org 8867-4</td>
          <td>67 /min</td>
        </tr>
        <tr>
          <td>1990-01-24T11:48:25+05:30</td>
          <td></td>
          <td ID="observations-desc-7">Respiratory rate</td>
          <td ID="observations-code-7">http://loinc.org 9279-1</td>
          <td>13 /min</td>
        </tr>
        <tr>
          <td>1991-01-30T11:48:25+05:30</td>
          <td></td>
          <td ID="observations-desc-8">Body Height</td>
          <td ID="observations-code-8">http://loinc.org 8302-2</td>
          <td>134.2 cm</td>
        </tr>
        <tr>
          <td>1991-01-30T11:48:25+05:30</td>
          <td></td>
          <td ID="observations-desc-9">Pain severity - 0-10 verbal numeric rating [Score] - Reported</td>
          <td ID="observations-code-9">http://loinc.org 72514-3</td>
          <td>4 {score}</td>
        </tr>
        <tr>
          <td>1991-01-30T11:48:25+05:30</td>
          <td></td>
          <td ID="observations-desc-10">Body Weight</td>
          <td ID="observations-code-10">http://loinc.org 29463-7</td>
          <td>38.7 kg</td>
        </tr>
        <tr>
          <td>1991-01-30T11:48:25+05:30</td>
          <td></td>
          <td ID="observations-desc-11">Body mass index (BMI) [Ratio]</td>
          <td ID="observations-code-11">http://loinc.org 39156-5</td>
          <td>21.47 kg/m2</td>
        </tr>
        <tr>
          <td>1991-01-30T11:48:25+05:30</td>
          <td></td>
          <td ID="observations-desc-12">Body mass index (BMI) [Percentile] Per age and sex</td>
          <td ID="observations-code-12">http://loinc.org 59576-9</td>
          <td>93.59004783325034 %</td>
        </tr>
        <tr>
          <td>1991-01-30T11:48:25+05:30</td>
          <td></td>
          <td ID="observations-desc-13">Heart rate</td>
          <td ID="observations-code-13">http://loinc.org 8867-4</td>
          <td>61 /min</td>
        </tr>
        <tr>
          <td>1991-01-30T11:48:25+05:30</td>
          <td></td>
          <td ID="observations-desc-14">Respiratory rate</td>
          <td ID="observations-code-14">http://loinc.org 9279-1</td>
          <td>15 /min</td>
        </tr>
    </tbody>
  </table>
</text>
    <entry typeCode="DRIV">
      <organizer classCode="CLUSTER" moodCode="EVN">
        <templateId root="2.16.840.1.113883.10.20.22.4.26"/>
        <templateId root="2.16.840.1.113883.10.20.22.4.26" extension="2015-08-01"/>
        <!-- Vital signs organizer template -->
        <id root="a63cdf1a-ab81-d8b7-8e8c-8a5853d9c6c7"/>
        <code code="46680005" codeSystem="2.16.840.1.113883.6.96" displayName="Vital signs" codeSystemName="SNOMED CT">
          <translation code="74728-7" displayName="Vital signs, weight, height, head circumference, oximetry, BMI, and BSA panel" codeSystem="2.16.840.1.113883.6.1" codeSystemName="LOINC" />
        </code>
        <statusCode code="completed"/>
        <effectiveTime value="19911016114825"/>
        <component>
          <observation classCode="OBS" moodCode="EVN">
            <templateId root="2.16.840.1.113883.10.20.22.4.27"/>
            <templateId root="2.16.840.1.113883.10.20.22.4.27" extension="2014-06-09"/>
            <!-- Result observation template -->
            <id root="786e4874-30eb-36bb-e27d-3b8accb6f74b"/>
        <code  code="8302-2" codeSystem="2.16.840.1.113883.6.1" displayName="Body Height">
          <originalText><reference value="#observations-desc-1"/></originalText>
        </code>
            <text>
              <reference value="#observations-desc-1"/>
            </text>
            <statusCode code="completed"/>
            <effectiveTime value="19900124114825"/>
            <value xsi:type="PQ" value="129.4" unit="cm"/>
          </observation>
        </component>
        <component>
          <observation classCode="OBS" moodCode="EVN">
            <templateId root="2.16.840.1.113883.10.20.22.4.27"/>
            <templateId root="2.16.840.1.113883.10.20.22.4.27" extension="2014-06-09"/>
            <!-- Result observation template -->
            <id root="1986839f-05a0-179f-1006-19a5bde45f2c"/>
        <code  code="72514-3" codeSystem="2.16.840.1.113883.6.1" displayName="Pain severity - 0-10 verbal numeric rating [Score] - Reported">
          <originalText><reference value="#observations-desc-2"/></originalText>
        </code>
            <text>
              <reference value="#observations-desc-2"/>
            </text>
            <statusCode code="completed"/>
            <effectiveTime value="19900124114825"/>
            <value xsi:type="PQ" value="3" unit="{score}"/>
          </observation>
        </component>
        <component>
          <observation classCode="OBS" moodCode="EVN">
            <templateId root="2.16.840.1.113883.10.20.22.4.27"/>
            <templateId root="2.16.840.1.113883.10.20.22.4.27" extension="2014-06-09"/>
            <!-- Result observation template -->
            <id root="3f74e19f-4daa-353f-b5cc-b69eb82ae7ab"/>
        <code  code="29463-7" codeSystem="2.16.840.1.113883.6.1" displayName="Body Weight">
          <originalText><reference value="#observations-desc-3"/></originalText>
        </code>
            <text>
              <reference value="#observations-desc-3"/>
            </text>
            <statusCode code="completed"/>
            <effectiveTime value="19900124114825"/>
            <value xsi:type="PQ" value="35" unit="kg"/>
          </observation>
        </component>
        <component>
          <observation classCode="OBS" moodCode="EVN">
            <templateId root="2.16.840.1.113883.10.20.22.4.27"/>
            <templateId root="2.16.840.1.113883.10.20.22.4.27" extension="2014-06-09"/>
            <!-- Result observation template -->
            <id root="2f32c529-e540-5ae7-d644-6ac0bb5c10ac"/>
        <code  code="39156-5" codeSystem="2.16.840.1.113883.6.1" displayName="Body mass index (BMI) [Ratio]">
          <originalText><reference value="#observations-desc-4"/></originalText>
        </code>
            <text>
              <reference value="#observations-desc-4"/>
            </text>
            <statusCode code="completed"/>
            <effectiveTime value="19900124114825"/>
            <value xsi:type="PQ" value="20.91" unit="kg/m2"/>
          </observation>
        </component>
        <component>
          <observation classCode="OBS" moodCode="EVN">
            <templateId root="2.16.840.1.113883.10.20.22.4.27"/>
            <templateId root="2.16.840.1.113883.10.20.22.4.27" extension="2014-06-09"/>
            <!-- Result observation template -->
            <id root="d99664c9-7ea7-20e0-6250-58482844961e"/>
        <code  code="59576-9" codeSystem="2.16.840.1.113883.6.1" displayName="Body mass index (BMI) [Percentile] Per age and sex">
          <originalText><reference value="#observations-desc-5"/></originalText>
        </code>
            <text>
              <reference value="#observations-desc-5"/>
            </text>
            <statusCode code="completed"/>
            <effectiveTime value="19900124114825"/>
            <value xsi:type="PQ" value="94.63272843797648" unit="%"/>
          </observation>
        </component>
        <component>
          <observation classCode="OBS" moodCode="EVN">
            <templateId root="2.16.840.1.113883.10.20.22.4.27"/>
            <templateId root="2.16.840.1.113883.10.20.22.4.27" extension="2014-06-09"/>
            <!-- Result observation template -->
            <id root="aeccee1b-9bb1-fd0a-0c10-ee2d2c9a0358"/>
        <code  code="8867-4" codeSystem="2.16.840.1.113883.6.1" displayName="Heart rate">
          <originalText><reference value="#observations-desc-6"/></originalText>
        </code>
            <text>
              <reference value="#observations-desc-6"/>
            </text>
            <statusCode code="completed"/>
            <effectiveTime value="19900124114825"/>
            <value xsi:type="PQ" value="67" unit="/min"/>
          </observation>
        </component>
        <component>
          <observation classCode="OBS" moodCode="EVN">
            <templateId root="2.16.840.1.113883.10.20.22.4.27"/>
            <templateId root="2.16.840.1.113883.10.20.22.4.27" extension="2014-06-09"/>
            <!-- Result observation template -->
            <id root="2d0086d0-4654-ff14-fdfb-21c2a5fc5397"/>
        <code  code="9279-1" codeSystem="2.16.840.1.113883.6.1" displayName="Respiratory rate">
          <originalText><reference value="#observations-desc-7"/></originalText>
        </code>
            <text>
              <reference value="#observations-desc-7"/>
            </text>
            <statusCode code="completed"/>
            <effectiveTime value="19900124114825"/>
            <value xsi:type="PQ" value="13" unit="/min"/>
          </observation>
        </component>
        <component>
          <observation classCode="OBS" moodCode="EVN">
            <templateId root="2.16.840.1.113883.10.20.22.4.27"/>
            <templateId root="2.16.840.1.113883.10.20.22.4.27" extension="2014-06-09"/>
            <!-- Result observation template -->
            <id root="36d451cc-2f66-8c2c-7e79-5675458cb483"/>
        <code  code="8302-2" codeSystem="2.16.840.1.113883.6.1" displayName="Body Height">
          <originalText><reference value="#observations-desc-8"/></originalText>
        </code>
            <text>
              <reference value="#observations-desc-8"/>
            </text>
            <statusCode code="completed"/>
            <effectiveTime value="19910130114825"/>
            <value xsi:type="PQ" value="134.2" unit="cm"/>
          </observation>
        </component>
        <component>
          <observation classCode="OBS" moodCode="EVN">
            <templateId root="2.16.840.1.113883.10.20.22.4.27"/>
            <templateId root="2.16.840.1.113883.10.20.22.4.27" extension="2014-06-09"/>
            <!-- Result observation template -->
            <id root="32b5cc25-35c0-4735-945d-76c1a5a5d88a"/>
        <code  code="72514-3" codeSystem="2.16.840.1.113883.6.1" displayName="Pain severity - 0-10 verbal numeric rating [Score] - Reported">
          <originalText><reference value="#observations-desc-9"/></originalText>
        </code>
            <text>
              <reference value="#observations-desc-9"/>
            </text>
            <statusCode code="completed"/>
            <effectiveTime value="19910130114825"/>
            <value xsi:type="PQ" value="4" unit="{score}"/>
          </observation>
        </component>
        <component>
          <observation classCode="OBS" moodCode="EVN">
            <templateId root="2.16.840.1.113883.10.20.22.4.27"/>
            <templateId root="2.16.840.1.113883.10.20.22.4.27" extension="2014-06-09"/>
            <!-- Result observation template -->
            <id root="d61b1b4c-04fb-a91e-6dc9-c38fe684440f"/>
        <code  code="29463-7" codeSystem="2.16.840.1.113883.6.1" displayName="Body Weight">
          <originalText><reference value="#observations-desc-10"/></originalText>
        </code>
            <text>
              <reference value="#observations-desc-10"/>
            </text>
            <statusCode code="completed"/>
            <effectiveTime value="19910130114825"/>
            <value xsi:type="PQ" value="38.7" unit="kg"/>
          </observation>
        </component>
        <component>
          <observation classCode="OBS" moodCode="EVN">
            <templateId root="2.16.840.1.113883.10.20.22.4.27"/>
            <templateId root="2.16.840.1.113883.10.20.22.4.27" extension="2014-06-09"/>
            <!-- Result observation template -->
            <id root="20379f2b-911f-534d-3be3-19980067e767"/>
        <code  code="39156-5" codeSystem="2.16.840.1.113883.6.1" displayName="Body mass index (BMI) [Ratio]">
          <originalText><reference value="#observations-desc-11"/></originalText>
        </code>
            <text>
              <reference value="#observations-desc-11"/>
            </text>
            <statusCode code="completed"/>
            <effectiveTime value="19910130114825"/>
            <value xsi:type="PQ" value="21.47" unit="kg/m2"/>
          </observation>
        </component>
        <component>
          <observation classCode="OBS" moodCode="EVN">
            <templateId root="2.16.840.1.113883.10.20.22.4.27"/>
            <templateId root="2.16.840.1.113883.10.20.22.4.27" extension="2014-06-09"/>
            <!-- Result observation template -->
            <id root="58912a53-5029-bf0f-e221-f038fc62fed0"/>
        <code  code="59576-9" codeSystem="2.16.840.1.113883.6.1" displayName="Body mass index (BMI) [Percentile] Per age and sex">
          <originalText><reference value="#observations-desc-12"/></originalText>
        </code>
            <text>
              <reference value="#observations-desc-12"/>
            </text>
            <statusCode code="completed"/>
            <effectiveTime value="19910130114825"/>
            <value xsi:type="PQ" value="93.59004783325034" unit="%"/>
          </observation>
        </component>
        <component>
          <observation classCode="OBS" moodCode="EVN">
            <templateId root="2.16.840.1.113883.10.20.22.4.27"/>
            <templateId root="2.16.840.1.113883.10.20.22.4.27" extension="2014-06-09"/>
            <!-- Result observation template -->
            <id root="8e83482a-16c9-8b98-6d4e-01f0294b95e6"/>
        <code  code="8867-4" codeSystem="2.16.840.1.113883.6.1" displayName="Heart rate">
          <originalText><reference value="#observations-desc-13"/></originalText>
        </code>
            <text>
              <reference value="#observations-desc-13"/>
            </text>
            <statusCode code="completed"/>
            <effectiveTime value="19910130114825"/>
            <value xsi:type="PQ" value="61" unit="/min"/>
          </observation>
        </component>
        <component>
          <observation classCode="OBS" moodCode="EVN">
            <templateId root="2.16.840.1.113883.10.20.22.4.27"/>
            <templateId root="2.16.840.1.113883.10.20.22.4.27" extension="2014-06-09"/>
            <!-- Result observation template -->
            <id root="6a8ede31-39b3-9be2-5cbd-e105e220097a"/>
        <code  code="9279-1" codeSystem="2.16.840.1.113883.6.1" displayName="Respiratory rate">
          <originalText><reference value="#observations-desc-14"/></originalText>
        </code>
            <text>
              <reference value="#observations-desc-14"/>
            </text>
            <statusCode code="completed"/>
            <effectiveTime value="19910130114825"/>
            <value xsi:type="PQ" value="15" unit="/min"/>
          </observation>
        </component>
      </organizer>
    </entry>
  </section>
</component>
<component>
  <!--Immunizations-->
  <section>
    <templateId root="2.16.840.1.113883.10.20.22.2.2" extension="2015-08-01"/>
    <!--Immunizations section template-->
    <code code="11369-6" codeSystem="2.16.840.1.113883.6.1" codeSystemName="LOINC" displayName="History of immunizations"/>
    <title>Immunizations</title>
<text>
  <table border="1" width="100%">
    <thead>
      <tr>
        <th>Start</th>
        <th>Stop</th>
        <th>Description</th>
        <th>Code</th>
      </tr>
    </thead>
    <tbody>
        <tr>
          <td>1990-01-24T11:48:25+05:30</td>
          <td></td>
          <td ID="immunizations-desc-1">Influenza, seasonal, injectable, preservative free</td>
          <td ID="immunizations-code-1">http://hl7.org/fhir/sid/cvx 140</td>
        </tr>
        <tr>
          <td>1991-01-30T11:48:25+05:30</td>
          <td></td>
          <td ID="immunizations-desc-2">Influenza, seasonal, injectable, preservative free</td>
          <td ID="immunizations-code-2">http://hl7.org/fhir/sid/cvx 140</td>
        </tr>
    </tbody>
  </table>
</text>
    <entry typeCode="DRIV">
      <substanceAdministration classCode="SBADM" moodCode="EVN" negationInd="false">
        <templateId root="2.16.840.1.113883.10.20.22.4.52"/>
        <!-- Medication activity template -->
        <id root="8825ee5e-b7eb-f884-ffc9-551eae109237"/>
        <code code='IMMUNIZ' codeSystem='2.16.840.1.113883.5.4' codeSystemName='ActCode'/>
        <text>
          <reference value="#immunizations-desc-1"/>
        </text>
        <statusCode code="completed"/>
        <effectiveTime value="19900124114825"/>
        <doseQuantity nullFlavor="UNK"/>
        <consumable>
          <manufacturedProduct classCode="MANU">
            <templateId root="2.16.840.1.113883.10.20.22.4.54"/>
            <!-- Product template -->
            <manufacturedMaterial>
        <code  code="140" codeSystem="2.16.840.1.113883.12.292" displayName="Influenza, seasonal, injectable, preservative free">
          <originalText><reference value="#immunizations-desc-1"/></originalText>
        </code>
              <name>Influenza, seasonal, injectable, preservative free</name>
            </manufacturedMaterial>
          </manufacturedProduct>
        </consumable>
      </substanceAdministration>
    </entry>
    <entry typeCode="DRIV">
      <substanceAdministration classCode="SBADM" moodCode="EVN" negationInd="false">
        <templateId root="2.16.840.1.113883.10.20.22.4.52"/>
        <!-- Medication activity template -->
        <id root="ee68eed7-21ba-4956-88ef-028f7787c06c"/>
        <code code='IMMUNIZ' codeSystem='2.16.840.1.113883.5.4' codeSystemName='ActCode'/>
        <text>
          <reference value="#immunizations-desc-2"/>
        </text>
        <statusCode code="completed"/>
        <effectiveTime value="19910130114825"/>
        <doseQuantity nullFlavor="UNK"/>
        <consumable>
          <manufacturedProduct classCode="MANU">
            <templateId root="2.16.840.1.113883.10.20.22.4.54"/>
            <!-- Product template -->
            <manufacturedMaterial>
        <code  code="140" codeSystem="2.16.840.1.113883.12.292" displayName="Influenza, seasonal, injectable, preservative free">
          <originalText><reference value="#immunizations-desc-2"/></originalText>
        </code>
              <name>Influenza, seasonal, injectable, preservative free</name>
            </manufacturedMaterial>
          </manufacturedProduct>
        </consumable>
      </substanceAdministration>
    </entry>
  </section>
</component>
<component>
  <!--Social History - CCDA-->
  <section>
    <templateId root="2.16.840.1.113883.10.20.22.2.17" extension="2015-08-01"/>
    <templateId root="2.16.840.1.113883.10.20.22.2.17"/>
    <!-- Social history section template -->
    <code code="29762-2" codeSystem="2.16.840.1.113883.6.1"/>
    <title>Social History</title>
    <text>There is no current social history except smoking status.</text>
    <entry typeCode="DRIV">
      <observation classCode="OBS" moodCode="EVN">
        <templateId root="2.16.840.1.113883.10.20.22.4.78"/>
        <templateId root="2.16.840.1.113883.10.20.22.4.78" extension="2014-06-09"/>
        <!-- Smoking Status Meaningful Use template -->
        <id root="ad2af2a7-745f-eaf4-7ad7-277e2a4ce581"/>
        <code code="72166-2" codeSystem="2.16.840.1.113883.6.1" displayName="Tobacco smoking status NHIS" />
        <statusCode code="completed"/>
        <effectiveTime value="19910130114825"/>
        <value xsi:type="CD" code="266919005" displayName="Never smoked tobacco (finding)" codeSystem="2.16.840.1.113883.6.96"/>
          <author>
            <time value="19911016114825"/>
            <assignedAuthor>
              <id nullFlavor="NA"/>
              <addr nullFlavor="NA" />
              <telecom nullFlavor="NA" />
              <assignedAuthoringDevice>
                <manufacturerModelName>https://github.com/synthetichealth/synthea</manufacturerModelName>
                <softwareName>https://github.com/synthetichealth/synthea</softwareName>
              </assignedAuthoringDevice>
              <representedOrganization>
                <id nullFlavor="NA"/>
                <name>COMMUNITY HEALTH CONNECTIONS</name>
                <telecom nullFlavor="NA"/>
                <addr>
                  <streetAddressLine>326 NICHOLS RD</streetAddressLine>
                  <city>FITCHBURG</city>
                  <state>MA</state>
                  <postalCode>014201914</postalCode>
                </addr>
              </representedOrganization>
            </assignedAuthor>
          </author>
      </observation>
    </entry>
  </section>
</component>    </structuredBody>
  </component>
</ClinicalDocument>
