<?xml version="1.0" encoding="UTF-8"?>
<ClinicalDocument xmlns="urn:hl7-org:v3" xmlns:sdtc="urn:hl7-org:sdtc" xmlns:xsi="http://www.w3.org/2001/XMLSchema-instance" xsi:schemaLocation="urn:hl7-org:v3 http://xreg2.nist.gov:8080/hitspValidation/schema/cdar2c32/infrastructure/cda/C32_CDA.xsd">
  <realmCode code="US"/>
  <typeId root="2.16.840.1.113883.1.3" extension="POCD_HD000040"/>
  <templateId root="2.16.840.1.113883.10.20.22.1.1" extension="2015-08-01"/>
  <templateId root="2.16.840.1.113883.10.20.22.1.2" extension="2015-08-01"/>
  <id root="2.16.840.1.113883.19.5" extension="c14a0d01-6128-c5a7-a28b-b7a39960a53c" assigningAuthorityName="https://github.com/synthetichealth/synthea"/>
  <code code="34133-9" displayName="Summarization of episode note" codeSystem="2.16.840.1.113883.6.1" codeSystemName="LOINC"/>
  <title>C-CDA R2.1 Patient Record: Elease461 O'Kon634</title>
  <effectiveTime value="20040412043909"/>
  <confidentialityCode code="N"/>
  <languageCode code="en-US"/>
  <recordTarget>
    <patientRole>
      <id root="2.16.840.1.113883.19.5" extension="c14a0d01-6128-c5a7-a28b-b7a39960a53c" assigningAuthorityName="https://github.com/synthetichealth/synthea"/>
      <addr use="HP">
        <streetAddressLine>298 Erdman Parade</streetAddressLine>
        <city>East Harwich</city>
        <state>Massachusetts</state>
        <postalCode>02645</postalCode>
      </addr>
      <telecom nullFlavor="NI"/>
      <patient>
        <name>
          <given>Elease461</given>
          <family>O'Kon634</family>
        </name>
        <administrativeGenderCode code="F" codeSystem="2.16.840.1.113883.5.1" codeSystemName="HL7 AdministrativeGender"/>
        <birthTime value="19810511043909"/>
        <raceCode code="2106-3" displayName="white" codeSystemName="CDC Race and Ethnicity" codeSystem="2.16.840.1.113883.6.238"/>
        <ethnicGroupCode code="2186-5" displayName="non-hispanic" codeSystemName="CDC Race and Ethnicity" codeSystem="2.16.840.1.113883.6.238"/>
        <languageCommunication>
          <languageCode code="en-US"/>
        </languageCommunication>
      </patient>
    </patientRole>
  </recordTarget>
  <author>
    <time value="20040412043909"/>
    <assignedAuthor>
      <id nullFlavor="NA"/>
      <addr nullFlavor="NA" />
      <telecom nullFlavor="NA" />
      <assignedAuthoringDevice>
        <manufacturerModelName>https://github.com/synthetichealth/synthea</manufacturerModelName>
        <softwareName>https://github.com/synthetichealth/synthea</softwareName>
      </assignedAuthoringDevice>
      <representedOrganization>
        <id nullFlavor="NA"/>
        <name>OUTER CAPE HEALTH SERVICES INC</name>
        <telecom nullFlavor="NA"/>
        <addr>
          <streetAddressLine>710 MAIN STREET</streetAddressLine>
          <city>HARWICH PORT</city>
          <state>MA</state>
          <postalCode>026461931</postalCode>
        </addr>
      </representedOrganization>
    </assignedAuthor>
  </author>
  <custodian>
    <assignedCustodian>
      <representedCustodianOrganization>
        <id nullFlavor="NA"/>
        <name>OUTER CAPE HEALTH SERVICES INC</name>
        <telecom nullFlavor="NA"/>
        <addr>
          <streetAddressLine>710 MAIN STREET</streetAddressLine>
          <city>HARWICH PORT</city>
          <state>MA</state>
          <postalCode>026461931</postalCode>
        </addr>
      </representedCustodianOrganization>
    </assignedCustodian>
  </custodian>
  <documentationOf>
    <serviceEvent classCode="PCPR">
      <effectiveTime>
        <low value="19810511043909"/>
        <high value="20040412043909"/>
      </effectiveTime>
    </serviceEvent>
  </documentationOf>
  <component>
    <structuredBody>
<component>
  <!-- Allergies: patient has no allergies -->
  <section nullFlavor="NI">
    <templateId root="2.16.840.1.113883.10.20.22.2.6.1" extension="2015-08-01"/>
    <code code="48765-2" codeSystem="2.16.840.1.113883.6.1" codeSystemName="LOINC" displayName="Allergy List"/>
    <title>Allergies</title>                
    <text>There are no current allergies at the time of this document's creation.</text>
  </section>
</component><component>
  <!--Medications-->
  <section>
	<templateId root="2.16.840.1.113883.10.20.22.2.1.1" extension="2014-06-09"/>
    <code code="10160-0" displayName="History of medication use" codeSystem="2.16.840.1.113883.6.1" codeSystemName="LOINC"/>
    <title>Medications</title>
<text>
  <table border="1" width="100%">
    <thead>
      <tr>
        <th>Start</th>
        <th>Stop</th>
        <th>Description</th>
        <th>Code</th>
      </tr>
    </thead>
    <tbody>
        <tr>
          <td>2002-04-04T04:39:09+05:30</td>
          <td>2003-03-30T04:39:09+05:30</td>
          <td ID="medications-desc-1">Estrostep Fe 28 Day Pack</td>
          <td ID="medications-code-1">http://www.nlm.nih.gov/research/umls/rxnorm 1359133</td>
        </tr>
        <tr>
          <td>2003-03-30T04:39:09+05:30</td>
          <td>2004-03-24T04:39:09+05:30</td>
          <td ID="medications-desc-2">Ortho Tri-Cyclen 28 Day Pack</td>
          <td ID="medications-code-2">http://www.nlm.nih.gov/research/umls/rxnorm 749785</td>
        </tr>
        <tr>
          <td>2004-02-23T04:39:09+05:30</td>
          <td>2004-02-23T04:39:09+05:30</td>
          <td ID="medications-desc-3">piperacillin 2000 MG / tazobactam 250 MG Injection</td>
          <td ID="medications-code-3">http://www.nlm.nih.gov/research/umls/rxnorm 1659131</td>
        </tr>
        <tr>
          <td>2004-02-23T04:39:09+05:30</td>
          <td>2004-02-23T04:39:09+05:30</td>
          <td ID="medications-desc-4">150 ML vancomycin 5 MG/ML Injection</td>
          <td ID="medications-code-4">http://www.nlm.nih.gov/research/umls/rxnorm 1807510</td>
        </tr>
        <tr>
          <td>2004-02-23T06:09:09+05:30</td>
          <td>2004-02-23T06:09:09+05:30</td>
          <td ID="medications-desc-5">4 ML norepinephrine 1 MG/ML Injection</td>
          <td ID="medications-code-5">http://www.nlm.nih.gov/research/umls/rxnorm 242969</td>
        </tr>
        <tr>
          <td>2004-03-10T09:09:09+05:30</td>
          <td>2004-03-10T09:09:09+05:30</td>
          <td ID="medications-desc-6">4 ML norepinephrine 1 MG/ML Injection</td>
          <td ID="medications-code-6">http://www.nlm.nih.gov/research/umls/rxnorm 242969</td>
        </tr>
        <tr>
          <td>2004-03-17T13:39:09+05:30</td>
          <td>2004-03-17T13:39:09+05:30</td>
          <td ID="medications-desc-7">4 ML norepinephrine 1 MG/ML Injection</td>
          <td ID="medications-code-7">http://www.nlm.nih.gov/research/umls/rxnorm 242969</td>
        </tr>
        <tr>
          <td>2004-03-28T09:09:09+05:30</td>
          <td>2004-03-28T09:09:09+05:30</td>
          <td ID="medications-desc-8">4 ML norepinephrine 1 MG/ML Injection</td>
          <td ID="medications-code-8">http://www.nlm.nih.gov/research/umls/rxnorm 242969</td>
        </tr>
    </tbody>
  </table>
</text>
    <entry>
      <!--CCD Medication activity - Required-->
      <substanceAdministration classCode="SBADM" moodCode="EVN">
        <templateId root="2.16.840.1.113883.10.20.22.4.16"/>
        <templateId root="2.16.840.1.113883.10.20.22.4.16" extension="2014-06-09"/>
        <id root="80f5040b-2358-ba2c-9232-57163efbf35b"/>
        <statusCode code="completed"/>
        <effectiveTime xsi:type="IVL_TS">
          <low value="20020404043909"/>
          <high value="20030330043909"/>
        </effectiveTime>
        <doseQuantity value="1"/>
        <consumable>
          <!--CCD Product - Required-->
          <manufacturedProduct classCode="MANU">
            <templateId root="2.16.840.1.113883.10.20.22.4.23"/>
            <templateId root="2.16.840.1.113883.10.20.22.4.23" extension="2014-06-09"/>
            <manufacturedMaterial>
        <code  code="1359133" codeSystem="2.16.840.1.113883.6.88" displayName="Estrostep Fe 28 Day Pack">
          <originalText><reference value="#medications-desc-1"/></originalText>
        </code>
              <name>Estrostep Fe 28 Day Pack</name>
            </manufacturedMaterial>
          </manufacturedProduct>
        </consumable>
      </substanceAdministration>
    </entry>
    <entry>
      <!--CCD Medication activity - Required-->
      <substanceAdministration classCode="SBADM" moodCode="EVN">
        <templateId root="2.16.840.1.113883.10.20.22.4.16"/>
        <templateId root="2.16.840.1.113883.10.20.22.4.16" extension="2014-06-09"/>
        <id root="d1a48ce2-d5ba-d03f-c22b-4895fdacdb70"/>
        <statusCode code="completed"/>
        <effectiveTime xsi:type="IVL_TS">
          <low value="20030330043909"/>
          <high value="20040324043909"/>
        </effectiveTime>
        <doseQuantity value="1"/>
        <consumable>
          <!--CCD Product - Required-->
          <manufacturedProduct classCode="MANU">
            <templateId root="2.16.840.1.113883.10.20.22.4.23"/>
            <templateId root="2.16.840.1.113883.10.20.22.4.23" extension="2014-06-09"/>
            <manufacturedMaterial>
        <code  code="749785" codeSystem="2.16.840.1.113883.6.88" displayName="Ortho Tri-Cyclen 28 Day Pack">
          <originalText><reference value="#medications-desc-2"/></originalText>
        </code>
              <name>Ortho Tri-Cyclen 28 Day Pack</name>
            </manufacturedMaterial>
          </manufacturedProduct>
        </consumable>
      </substanceAdministration>
    </entry>
    <entry>
      <!--CCD Medication activity - Required-->
      <substanceAdministration classCode="SBADM" moodCode="EVN">
        <templateId root="2.16.840.1.113883.10.20.22.4.16"/>
        <templateId root="2.16.840.1.113883.10.20.22.4.16" extension="2014-06-09"/>
        <id root="195a3f75-92c6-9f95-5d4f-9be210faeead"/>
        <statusCode code="completed"/>
        <effectiveTime xsi:type="IVL_TS">
          <low value="20040223043909"/>
          <high value="20040223043909"/>
        </effectiveTime>
        <doseQuantity value="1"/>
        <consumable>
          <!--CCD Product - Required-->
          <manufacturedProduct classCode="MANU">
            <templateId root="2.16.840.1.113883.10.20.22.4.23"/>
            <templateId root="2.16.840.1.113883.10.20.22.4.23" extension="2014-06-09"/>
            <manufacturedMaterial>
        <code  code="1659131" codeSystem="2.16.840.1.113883.6.88" displayName="piperacillin 2000 MG / tazobactam 250 MG Injection">
          <originalText><reference value="#medications-desc-3"/></originalText>
        </code>
              <name>piperacillin 2000 MG / tazobactam 250 MG Injection</name>
            </manufacturedMaterial>
          </manufacturedProduct>
        </consumable>
      </substanceAdministration>
    </entry>
    <entry>
      <!--CCD Medication activity - Required-->
      <substanceAdministration classCode="SBADM" moodCode="EVN">
        <templateId root="2.16.840.1.113883.10.20.22.4.16"/>
        <templateId root="2.16.840.1.113883.10.20.22.4.16" extension="2014-06-09"/>
        <id root="90265918-e3cc-fab5-d852-95dd18cf0965"/>
        <statusCode code="completed"/>
        <effectiveTime xsi:type="IVL_TS">
          <low value="20040223043909"/>
          <high value="20040223043909"/>
        </effectiveTime>
        <doseQuantity value="1"/>
        <consumable>
          <!--CCD Product - Required-->
          <manufacturedProduct classCode="MANU">
            <templateId root="2.16.840.1.113883.10.20.22.4.23"/>
            <templateId root="2.16.840.1.113883.10.20.22.4.23" extension="2014-06-09"/>
            <manufacturedMaterial>
        <code  code="1807510" codeSystem="2.16.840.1.113883.6.88" displayName="150 ML vancomycin 5 MG/ML Injection">
          <originalText><reference value="#medications-desc-4"/></originalText>
        </code>
              <name>150 ML vancomycin 5 MG/ML Injection</name>
            </manufacturedMaterial>
          </manufacturedProduct>
        </consumable>
      </substanceAdministration>
    </entry>
    <entry>
      <!--CCD Medication activity - Required-->
      <substanceAdministration classCode="SBADM" moodCode="EVN">
        <templateId root="2.16.840.1.113883.10.20.22.4.16"/>
        <templateId root="2.16.840.1.113883.10.20.22.4.16" extension="2014-06-09"/>
        <id root="11bc567c-82ea-18e8-c382-34d8447ab70e"/>
        <statusCode code="completed"/>
        <effectiveTime xsi:type="IVL_TS">
          <low value="20040223060909"/>
          <high value="20040223060909"/>
        </effectiveTime>
        <doseQuantity value="1"/>
        <consumable>
          <!--CCD Product - Required-->
          <manufacturedProduct classCode="MANU">
            <templateId root="2.16.840.1.113883.10.20.22.4.23"/>
            <templateId root="2.16.840.1.113883.10.20.22.4.23" extension="2014-06-09"/>
            <manufacturedMaterial>
        <code  code="242969" codeSystem="2.16.840.1.113883.6.88" displayName="4 ML norepinephrine 1 MG/ML Injection">
          <originalText><reference value="#medications-desc-5"/></originalText>
        </code>
              <name>4 ML norepinephrine 1 MG/ML Injection</name>
            </manufacturedMaterial>
          </manufacturedProduct>
        </consumable>
      </substanceAdministration>
    </entry>
    <entry>
      <!--CCD Medication activity - Required-->
      <substanceAdministration classCode="SBADM" moodCode="EVN">
        <templateId root="2.16.840.1.113883.10.20.22.4.16"/>
        <templateId root="2.16.840.1.113883.10.20.22.4.16" extension="2014-06-09"/>
        <id root="fcddfc27-9300-58cc-a2de-9769133ce2f1"/>
        <statusCode code="completed"/>
        <effectiveTime xsi:type="IVL_TS">
          <low value="20040310090909"/>
          <high value="20040310090909"/>
        </effectiveTime>
        <doseQuantity value="1"/>
        <consumable>
          <!--CCD Product - Required-->
          <manufacturedProduct classCode="MANU">
            <templateId root="2.16.840.1.113883.10.20.22.4.23"/>
            <templateId root="2.16.840.1.113883.10.20.22.4.23" extension="2014-06-09"/>
            <manufacturedMaterial>
        <code  code="242969" codeSystem="2.16.840.1.113883.6.88" displayName="4 ML norepinephrine 1 MG/ML Injection">
          <originalText><reference value="#medications-desc-6"/></originalText>
        </code>
              <name>4 ML norepinephrine 1 MG/ML Injection</name>
            </manufacturedMaterial>
          </manufacturedProduct>
        </consumable>
      </substanceAdministration>
    </entry>
    <entry>
      <!--CCD Medication activity - Required-->
      <substanceAdministration classCode="SBADM" moodCode="EVN">
        <templateId root="2.16.840.1.113883.10.20.22.4.16"/>
        <templateId root="2.16.840.1.113883.10.20.22.4.16" extension="2014-06-09"/>
        <id root="a99f20d8-f06d-71d1-5878-2349d40a6bec"/>
        <statusCode code="completed"/>
        <effectiveTime xsi:type="IVL_TS">
          <low value="20040317133909"/>
          <high value="20040317133909"/>
        </effectiveTime>
        <doseQuantity value="1"/>
        <consumable>
          <!--CCD Product - Required-->
          <manufacturedProduct classCode="MANU">
            <templateId root="2.16.840.1.113883.10.20.22.4.23"/>
            <templateId root="2.16.840.1.113883.10.20.22.4.23" extension="2014-06-09"/>
            <manufacturedMaterial>
        <code  code="242969" codeSystem="2.16.840.1.113883.6.88" displayName="4 ML norepinephrine 1 MG/ML Injection">
          <originalText><reference value="#medications-desc-7"/></originalText>
        </code>
              <name>4 ML norepinephrine 1 MG/ML Injection</name>
            </manufacturedMaterial>
          </manufacturedProduct>
        </consumable>
      </substanceAdministration>
    </entry>
    <entry>
      <!--CCD Medication activity - Required-->
      <substanceAdministration classCode="SBADM" moodCode="EVN">
        <templateId root="2.16.840.1.113883.10.20.22.4.16"/>
        <templateId root="2.16.840.1.113883.10.20.22.4.16" extension="2014-06-09"/>
        <id root="bb205536-084c-4573-2188-8f7e1316ee1d"/>
        <statusCode code="completed"/>
        <effectiveTime xsi:type="IVL_TS">
          <low value="20040328090909"/>
          <high value="20040328090909"/>
        </effectiveTime>
        <doseQuantity value="1"/>
        <consumable>
          <!--CCD Product - Required-->
          <manufacturedProduct classCode="MANU">
            <templateId root="2.16.840.1.113883.10.20.22.4.23"/>
            <templateId root="2.16.840.1.113883.10.20.22.4.23" extension="2014-06-09"/>
            <manufacturedMaterial>
        <code  code="242969" codeSystem="2.16.840.1.113883.6.88" displayName="4 ML norepinephrine 1 MG/ML Injection">
          <originalText><reference value="#medications-desc-8"/></originalText>
        </code>
              <name>4 ML norepinephrine 1 MG/ML Injection</name>
            </manufacturedMaterial>
          </manufacturedProduct>
        </consumable>
      </substanceAdministration>
    </entry>
  </section>
</component>
<component>
  <!--Diagnostic Results-->
  <section>
    <templateId root="2.16.840.1.113883.10.20.22.2.3.1" extension="2015-08-01"/>
    <templateId root="2.16.840.1.113883.10.20.22.2.3.1"/>
    <!--Diagnostic Results section template-->
    <code code="30954-2" codeSystem="2.16.840.1.113883.6.1" codeSystemName="LOINC" displayName="Results"/>
    <title>Diagnostic Results</title>
<text>
  <table border="1" width="100%">
    <thead>
      <tr>
        <th>Start</th>
        <th>Stop</th>
        <th>Description</th>
        <th>Code</th>
      </tr>
    </thead>
    <tbody>
        <tr>
          <td>2003-07-14T04:39:09+05:30</td>
          <td></td>
          <td ID="reports-desc-1">CBC panel - Blood by Automated count</td>
          <td ID="reports-code-1">http://loinc.org 58410-2</td>
        </tr>
        <tr>
          <td>2003-07-14T05:38:08+05:30</td>
          <td></td>
          <td ID="reports-desc-2">Generalized anxiety disorder 7 item (GAD-7)</td>
          <td ID="reports-code-2">http://loinc.org 69737-5</td>
        </tr>
        <tr>
          <td>2003-07-14T06:21:00+05:30</td>
          <td></td>
          <td ID="reports-desc-3">Patient Health Questionnaire 2 item (PHQ-2) [Reported]</td>
          <td ID="reports-code-3">http://loinc.org 55757-9</td>
        </tr>
        <tr>
          <td>2004-02-23T04:39:09+05:30</td>
          <td></td>
          <td ID="reports-desc-4">Blood Culture, Routine</td>
          <td ID="reports-code-4">http://loinc.org 600-7</td>
        </tr>
    </tbody>
  </table>
</text>
    <entry typeCode="DRIV">
      <organizer classCode="BATTERY" moodCode="EVN">
        <templateId root="2.16.840.1.113883.10.20.22.4.1" extension="2015-08-01"/>
        <templateId root="2.16.840.1.113883.10.20.22.4.1"/>
        <!--Result organizer template -->
        <id root="fa10fde4-6234-33c3-3e36-89623383f982"/>
        <code code="58410-2" codeSystem="2.16.840.1.113883.6.1" codeSystemName="LOINC" displayName="CBC panel - Blood by Automated count"/>
        <statusCode code="completed"/>
        <effectiveTime>
          <low value="20030714043909"/>
          <high value="20030714043909"/>
        </effectiveTime>
        <component>
          <observation classCode="OBS" moodCode="EVN">
            <templateId root="2.16.840.1.113883.10.20.22.4.2" extension="2015-08-01"/>
            <templateId root="2.16.840.1.113883.10.20.22.4.2"/>
            <id root="72b60c75-a2d6-8bff-76aa-7cb27e5e25a3"/>
        <code  code="6690-2" codeSystem="2.16.840.1.113883.6.1" displayName="Leukocytes [#/volume] in Blood by Automated count">
          <originalText><reference value="#reports-desc-1"/></originalText>
        </code>
            <text>
              <reference value="#reports-desc-1"/>
            </text>
            <statusCode code="completed"/>
            <effectiveTime value="20030714043909"/>
            <value xsi:type="PQ" value="5.615362646161267" unit="10*3/uL"/>
          </observation>
        </component>
        <component>
          <observation classCode="OBS" moodCode="EVN">
            <templateId root="2.16.840.1.113883.10.20.22.4.2" extension="2015-08-01"/>
            <templateId root="2.16.840.1.113883.10.20.22.4.2"/>
            <id root="607c7bfd-bc85-33f9-fbe3-30baf4538c3b"/>
        <code  code="789-8" codeSystem="2.16.840.1.113883.6.1" displayName="Erythrocytes [#/volume] in Blood by Automated count">
          <originalText><reference value="#reports-desc-1"/></originalText>
        </code>
            <text>
              <reference value="#reports-desc-1"/>
            </text>
            <statusCode code="completed"/>
            <effectiveTime value="20030714043909"/>
            <value xsi:type="PQ" value="4.573368452759947" unit="10*6/uL"/>
          </observation>
        </component>
        <component>
          <observation classCode="OBS" moodCode="EVN">
            <templateId root="2.16.840.1.113883.10.20.22.4.2" extension="2015-08-01"/>
            <templateId root="2.16.840.1.113883.10.20.22.4.2"/>
            <id root="8717d34e-e5cb-a20e-7119-c9f3d752609f"/>
        <code  code="718-7" codeSystem="2.16.840.1.113883.6.1" displayName="Hemoglobin [Mass/volume] in Blood">
          <originalText><reference value="#reports-desc-1"/></originalText>
        </code>
            <text>
              <reference value="#reports-desc-1"/>
            </text>
            <statusCode code="completed"/>
            <effectiveTime value="20030714043909"/>
            <value xsi:type="PQ" value="16.107259205695367" unit="g/dL"/>
          </observation>
        </component>
        <component>
          <observation classCode="OBS" moodCode="EVN">
            <templateId root="2.16.840.1.113883.10.20.22.4.2" extension="2015-08-01"/>
            <templateId root="2.16.840.1.113883.10.20.22.4.2"/>
            <id root="ace1cd41-686b-518c-aa30-6891f5162794"/>
        <code  code="4544-3" codeSystem="2.16.840.1.113883.6.1" displayName="Hematocrit [Volume Fraction] of Blood by Automated count">
          <originalText><reference value="#reports-desc-1"/></originalText>
        </code>
            <text>
              <reference value="#reports-desc-1"/>
            </text>
            <statusCode code="completed"/>
            <effectiveTime value="20030714043909"/>
            <value xsi:type="PQ" value="41.91476456490806" unit="%"/>
          </observation>
        </component>
        <component>
          <observation classCode="OBS" moodCode="EVN">
            <templateId root="2.16.840.1.113883.10.20.22.4.2" extension="2015-08-01"/>
            <templateId root="2.16.840.1.113883.10.20.22.4.2"/>
            <id root="4979b907-d469-a631-049e-3191a8526a85"/>
        <code  code="787-2" codeSystem="2.16.840.1.113883.6.1" displayName="MCV [Entitic volume] by Automated count">
          <originalText><reference value="#reports-desc-1"/></originalText>
        </code>
            <text>
              <reference value="#reports-desc-1"/>
            </text>
            <statusCode code="completed"/>
            <effectiveTime value="20030714043909"/>
            <value xsi:type="PQ" value="91.18785309323786" unit="fL"/>
          </observation>
        </component>
        <component>
          <observation classCode="OBS" moodCode="EVN">
            <templateId root="2.16.840.1.113883.10.20.22.4.2" extension="2015-08-01"/>
            <templateId root="2.16.840.1.113883.10.20.22.4.2"/>
            <id root="2842de69-cca9-7168-4734-54b2de931bee"/>
        <code  code="785-6" codeSystem="2.16.840.1.113883.6.1" displayName="MCH [Entitic mass] by Automated count">
          <originalText><reference value="#reports-desc-1"/></originalText>
        </code>
            <text>
              <reference value="#reports-desc-1"/>
            </text>
            <statusCode code="completed"/>
            <effectiveTime value="20030714043909"/>
            <value xsi:type="PQ" value="27.60927118874084" unit="pg"/>
          </observation>
        </component>
        <component>
          <observation classCode="OBS" moodCode="EVN">
            <templateId root="2.16.840.1.113883.10.20.22.4.2" extension="2015-08-01"/>
            <templateId root="2.16.840.1.113883.10.20.22.4.2"/>
            <id root="b6648761-523b-0865-3a66-81747b068b7c"/>
        <code  code="786-4" codeSystem="2.16.840.1.113883.6.1" displayName="MCHC [Mass/volume] by Automated count">
          <originalText><reference value="#reports-desc-1"/></originalText>
        </code>
            <text>
              <reference value="#reports-desc-1"/>
            </text>
            <statusCode code="completed"/>
            <effectiveTime value="20030714043909"/>
            <value xsi:type="PQ" value="34.01082720360002" unit="g/dL"/>
          </observation>
        </component>
        <component>
          <observation classCode="OBS" moodCode="EVN">
            <templateId root="2.16.840.1.113883.10.20.22.4.2" extension="2015-08-01"/>
            <templateId root="2.16.840.1.113883.10.20.22.4.2"/>
            <id root="06304b90-9a50-8c86-76f6-5b2d2ff6d420"/>
        <code  code="21000-5" codeSystem="2.16.840.1.113883.6.1" displayName="Erythrocyte distribution width [Entitic volume] by Automated count">
          <originalText><reference value="#reports-desc-1"/></originalText>
        </code>
            <text>
              <reference value="#reports-desc-1"/>
            </text>
            <statusCode code="completed"/>
            <effectiveTime value="20030714043909"/>
            <value xsi:type="PQ" value="45.19726154284317" unit="fL"/>
          </observation>
        </component>
        <component>
          <observation classCode="OBS" moodCode="EVN">
            <templateId root="2.16.840.1.113883.10.20.22.4.2" extension="2015-08-01"/>
            <templateId root="2.16.840.1.113883.10.20.22.4.2"/>
            <id root="c660171d-e085-bbaf-ef4c-bb83ce361c8b"/>
        <code  code="777-3" codeSystem="2.16.840.1.113883.6.1" displayName="Platelets [#/volume] in Blood by Automated count">
          <originalText><reference value="#reports-desc-1"/></originalText>
        </code>
            <text>
              <reference value="#reports-desc-1"/>
            </text>
            <statusCode code="completed"/>
            <effectiveTime value="20030714043909"/>
            <value xsi:type="PQ" value="364.6397638837043" unit="10*3/uL"/>
          </observation>
        </component>
        <component>
          <observation classCode="OBS" moodCode="EVN">
            <templateId root="2.16.840.1.113883.10.20.22.4.2" extension="2015-08-01"/>
            <templateId root="2.16.840.1.113883.10.20.22.4.2"/>
            <id root="443559c4-2368-b0a9-b59e-d7fa43ecfece"/>
        <code  code="32207-3" codeSystem="2.16.840.1.113883.6.1" displayName="Platelet distribution width [Entitic volume] in Blood by Automated count">
          <originalText><reference value="#reports-desc-1"/></originalText>
        </code>
            <text>
              <reference value="#reports-desc-1"/>
            </text>
            <statusCode code="completed"/>
            <effectiveTime value="20030714043909"/>
            <value xsi:type="PQ" value="390.4666561115332" unit="fL"/>
          </observation>
        </component>
        <component>
          <observation classCode="OBS" moodCode="EVN">
            <templateId root="2.16.840.1.113883.10.20.22.4.2" extension="2015-08-01"/>
            <templateId root="2.16.840.1.113883.10.20.22.4.2"/>
            <id root="783d243e-03b8-7ba7-b4e8-7a4a78d0860a"/>
        <code  code="32623-1" codeSystem="2.16.840.1.113883.6.1" displayName="Platelet mean volume [Entitic volume] in Blood by Automated count">
          <originalText><reference value="#reports-desc-1"/></originalText>
        </code>
            <text>
              <reference value="#reports-desc-1"/>
            </text>
            <statusCode code="completed"/>
            <effectiveTime value="20030714043909"/>
            <value xsi:type="PQ" value="10.07142229089969" unit="fL"/>
          </observation>
        </component>
      </organizer>
    </entry>
    <entry typeCode="DRIV">
      <organizer classCode="BATTERY" moodCode="EVN">
        <templateId root="2.16.840.1.113883.10.20.22.4.1" extension="2015-08-01"/>
        <templateId root="2.16.840.1.113883.10.20.22.4.1"/>
        <!--Result organizer template -->
        <id root="ded439ae-1ac3-ceba-3ccb-089154948653"/>
        <code code="69737-5" codeSystem="2.16.840.1.113883.6.1" codeSystemName="LOINC" displayName="Generalized anxiety disorder 7 item (GAD-7)"/>
        <statusCode code="completed"/>
        <effectiveTime>
          <low value="20030714053808"/>
          <high value="20030714053808"/>
        </effectiveTime>
        <component>
          <observation classCode="OBS" moodCode="EVN">
            <templateId root="2.16.840.1.113883.10.20.22.4.2" extension="2015-08-01"/>
            <templateId root="2.16.840.1.113883.10.20.22.4.2"/>
            <id root="6abc9e56-8d33-af5b-953c-3f76769040ad"/>
        <code  code="70274-6" codeSystem="2.16.840.1.113883.6.1" displayName="Generalized anxiety disorder 7 item (GAD-7) total score [Reported.PHQ]">
          <originalText><reference value="#reports-desc-2"/></originalText>
        </code>
            <text>
              <reference value="#reports-desc-2"/>
            </text>
            <statusCode code="completed"/>
            <effectiveTime value="20030714053808"/>
            <value xsi:type="PQ" value="8" unit="{score}"/>
          </observation>
        </component>
      </organizer>
    </entry>
    <entry typeCode="DRIV">
      <organizer classCode="BATTERY" moodCode="EVN">
        <templateId root="2.16.840.1.113883.10.20.22.4.1" extension="2015-08-01"/>
        <templateId root="2.16.840.1.113883.10.20.22.4.1"/>
        <!--Result organizer template -->
        <id root="2311397a-8ef0-51e1-a4c4-f83a67a72f83"/>
        <code code="55757-9" codeSystem="2.16.840.1.113883.6.1" codeSystemName="LOINC" displayName="Patient Health Questionnaire 2 item (PHQ-2) [Reported]"/>
        <statusCode code="completed"/>
        <effectiveTime>
          <low value="20030714062100"/>
          <high value="20030714062100"/>
        </effectiveTime>
        <component>
          <observation classCode="OBS" moodCode="EVN">
            <templateId root="2.16.840.1.113883.10.20.22.4.2" extension="2015-08-01"/>
            <templateId root="2.16.840.1.113883.10.20.22.4.2"/>
            <id root="cbb127e1-63e4-cb12-9235-b1aead6a5396"/>
        <code  code="55758-7" codeSystem="2.16.840.1.113883.6.1" displayName="Patient Health Questionnaire 2 item (PHQ-2) total score [Reported]">
          <originalText><reference value="#reports-desc-3"/></originalText>
        </code>
            <text>
              <reference value="#reports-desc-3"/>
            </text>
            <statusCode code="completed"/>
            <effectiveTime value="20030714062100"/>
            <value xsi:type="PQ" value="1" unit="{score}"/>
          </observation>
        </component>
      </organizer>
    </entry>
    <entry typeCode="DRIV">
      <organizer classCode="BATTERY" moodCode="EVN">
        <templateId root="2.16.840.1.113883.10.20.22.4.1" extension="2015-08-01"/>
        <templateId root="2.16.840.1.113883.10.20.22.4.1"/>
        <!--Result organizer template -->
        <id root="6779f2d5-e542-9df1-b13a-483f4b69a8c5"/>
        <code code="600-7" codeSystem="2.16.840.1.113883.6.1" codeSystemName="LOINC" displayName="Blood Culture, Routine"/>
        <statusCode code="completed"/>
        <effectiveTime>
          <low value="20040223043909"/>
          <high value="20040223043909"/>
        </effectiveTime>
        <component>
          <observation classCode="OBS" moodCode="EVN">
            <templateId root="2.16.840.1.113883.10.20.22.4.2" extension="2015-08-01"/>
            <templateId root="2.16.840.1.113883.10.20.22.4.2"/>
            <id root="5a47b94f-42b9-2b8d-ef49-5533bc996438"/>
        <code  code="88262-1" codeSystem="2.16.840.1.113883.6.1" displayName="Gram positive blood culture panel by Probe in Positive blood culture">
          <originalText><reference value="#reports-desc-4"/></originalText>
        </code>
            <text>
              <reference value="#reports-desc-4"/>
            </text>
            <statusCode code="completed"/>
            <effectiveTime value="20040223043909"/>
            <value xsi:type="ST">{entry.value}</value>
          </observation>
        </component>
      </organizer>
    </entry>
  </section>
</component><component>
  <!--Problems-->
  <section>
    <templateId root="2.16.840.1.113883.10.20.22.2.5.1" extension="2015-08-01"/>
    <!--Problems section template-->
    <code code="11450-4" codeSystem="2.16.840.1.113883.6.1" codeSystemName="LOINC" displayName="Problem list"/>
    <title>Problems</title>
<text>
  <table border="1" width="100%">
    <thead>
      <tr>
        <th>Start</th>
        <th>Stop</th>
        <th>Description</th>
        <th>Code</th>
      </tr>
    </thead>
    <tbody>
        <tr>
          <td>1999-07-05T05:33:11+05:30</td>
          <td></td>
          <td ID="conditions-desc-1">Received certificate of high school equivalency (finding)</td>
          <td ID="conditions-code-1">http://snomed.info/sct 5251000175109</td>
        </tr>
        <tr>
          <td>1999-07-05T05:33:11+05:30</td>
          <td></td>
          <td ID="conditions-desc-2">Stress (finding)</td>
          <td ID="conditions-code-2">http://snomed.info/sct 73595000</td>
        </tr>
        <tr>
          <td>2000-07-10T05:21:11+05:30</td>
          <td></td>
          <td ID="conditions-desc-3">Part-time employment (finding)</td>
          <td ID="conditions-code-3">http://snomed.info/sct 160904001</td>
        </tr>
        <tr>
          <td>2003-07-14T04:39:09+05:30</td>
          <td>2003-07-14T04:39:09+05:30</td>
          <td ID="conditions-desc-4">Medication review due (situation)</td>
          <td ID="conditions-code-4">http://snomed.info/sct 314529007</td>
        </tr>
        <tr>
          <td>2004-02-23T04:39:09+05:30</td>
          <td></td>
          <td ID="conditions-desc-5">Sepsis (disorder)</td>
          <td ID="conditions-code-5">http://snomed.info/sct 91302008</td>
        </tr>
        <tr>
          <td>2004-02-23T05:09:09+05:30</td>
          <td></td>
          <td ID="conditions-desc-6">Septic shock (disorder)</td>
          <td ID="conditions-code-6">http://snomed.info/sct 76571007</td>
        </tr>
        <tr>
          <td>2004-02-23T06:09:09+05:30</td>
          <td></td>
          <td ID="conditions-desc-7">Acute respiratory distress syndrome (disorder)</td>
          <td ID="conditions-code-7">http://snomed.info/sct 67782005</td>
        </tr>
    </tbody>
  </table>
</text>
    <entry typeCode="DRIV">
      <act classCode="ACT" moodCode="EVN">
        <templateId root="2.16.840.1.113883.10.20.22.4.3"/>
        <templateId root="2.16.840.1.113883.10.20.22.4.3" extension="2015-08-01"/>
        <!-- Problem act template -->
        <id root="28f8b75e-a900-9d51-6fd9-1697ce8715c9"/>
        <code nullFlavor="NA"/>
        <statusCode code="active"/>
        <effectiveTime>
          <low value="19990705053311"/>
          
        </effectiveTime>
        <entryRelationship typeCode="SUBJ" inversionInd="false">
          <observation classCode="OBS" moodCode="EVN">
            <templateId root="2.16.840.1.113883.10.20.22.4.4"/>
            <templateId root="2.16.840.1.113883.10.20.22.4.4" extension="2015-08-01"/>
            <!--Problem observation template - NOT episode template-->
            <id root="23b76b9c-3478-ea34-8152-e77cfc5abbd8"/>
            <code code="64572001" displayName="Condition" codeSystem="2.16.840.1.113883.6.96" codeSystemName="SNOMED-CT">
              <translation code="75323-6" displayName="Condition" codeSystem="2.16.840.1.113883.6.1" codeSystemName="LOINC"/>
            </code>
            <text>
              <reference value="#conditions-desc-1"/>
            </text>
            <statusCode code="completed"/>
            <effectiveTime>
              <low value="19990705053311"/>
              
            </effectiveTime>
            <priorityCode code="8319008" codeSystem="2.16.840.1.113883.6.96" displayName="Principal diagnosis" />
        <value xsi:type="CD" code="5251000175109" codeSystem="2.16.840.1.113883.6.96" displayName="Received certificate of high school equivalency (finding)">
          <originalText><reference value="#conditions-desc-1"/></originalText>
        </value>
          </observation>
        </entryRelationship>
      </act>
    </entry>
    <entry typeCode="DRIV">
      <act classCode="ACT" moodCode="EVN">
        <templateId root="2.16.840.1.113883.10.20.22.4.3"/>
        <templateId root="2.16.840.1.113883.10.20.22.4.3" extension="2015-08-01"/>
        <!-- Problem act template -->
        <id root="9bfaba5d-b005-4ee0-0c03-5ab386a2cde7"/>
        <code nullFlavor="NA"/>
        <statusCode code="active"/>
        <effectiveTime>
          <low value="19990705053311"/>
          
        </effectiveTime>
        <entryRelationship typeCode="SUBJ" inversionInd="false">
          <observation classCode="OBS" moodCode="EVN">
            <templateId root="2.16.840.1.113883.10.20.22.4.4"/>
            <templateId root="2.16.840.1.113883.10.20.22.4.4" extension="2015-08-01"/>
            <!--Problem observation template - NOT episode template-->
            <id root="f6a3bc25-78c9-3510-fe46-b35b30f8f2a4"/>
            <code code="64572001" displayName="Condition" codeSystem="2.16.840.1.113883.6.96" codeSystemName="SNOMED-CT">
              <translation code="75323-6" displayName="Condition" codeSystem="2.16.840.1.113883.6.1" codeSystemName="LOINC"/>
            </code>
            <text>
              <reference value="#conditions-desc-2"/>
            </text>
            <statusCode code="completed"/>
            <effectiveTime>
              <low value="19990705053311"/>
              
            </effectiveTime>
            <priorityCode code="8319008" codeSystem="2.16.840.1.113883.6.96" displayName="Principal diagnosis" />
        <value xsi:type="CD" code="73595000" codeSystem="2.16.840.1.113883.6.96" displayName="Stress (finding)">
          <originalText><reference value="#conditions-desc-2"/></originalText>
        </value>
          </observation>
        </entryRelationship>
      </act>
    </entry>
    <entry typeCode="DRIV">
      <act classCode="ACT" moodCode="EVN">
        <templateId root="2.16.840.1.113883.10.20.22.4.3"/>
        <templateId root="2.16.840.1.113883.10.20.22.4.3" extension="2015-08-01"/>
        <!-- Problem act template -->
        <id root="aff62f58-b1ad-c4bd-1b5c-680f330513f7"/>
        <code nullFlavor="NA"/>
        <statusCode code="active"/>
        <effectiveTime>
          <low value="20000710052111"/>
          
        </effectiveTime>
        <entryRelationship typeCode="SUBJ" inversionInd="false">
          <observation classCode="OBS" moodCode="EVN">
            <templateId root="2.16.840.1.113883.10.20.22.4.4"/>
            <templateId root="2.16.840.1.113883.10.20.22.4.4" extension="2015-08-01"/>
            <!--Problem observation template - NOT episode template-->
            <id root="652c4583-64f7-3f0d-9ec3-3dcc04951114"/>
            <code code="64572001" displayName="Condition" codeSystem="2.16.840.1.113883.6.96" codeSystemName="SNOMED-CT">
              <translation code="75323-6" displayName="Condition" codeSystem="2.16.840.1.113883.6.1" codeSystemName="LOINC"/>
            </code>
            <text>
              <reference value="#conditions-desc-3"/>
            </text>
            <statusCode code="completed"/>
            <effectiveTime>
              <low value="20000710052111"/>
              
            </effectiveTime>
            <priorityCode code="8319008" codeSystem="2.16.840.1.113883.6.96" displayName="Principal diagnosis" />
        <value xsi:type="CD" code="160904001" codeSystem="2.16.840.1.113883.6.96" displayName="Part-time employment (finding)">
          <originalText><reference value="#conditions-desc-3"/></originalText>
        </value>
          </observation>
        </entryRelationship>
      </act>
    </entry>
    <entry typeCode="DRIV">
      <act classCode="ACT" moodCode="EVN">
        <templateId root="2.16.840.1.113883.10.20.22.4.3"/>
        <templateId root="2.16.840.1.113883.10.20.22.4.3" extension="2015-08-01"/>
        <!-- Problem act template -->
        <id root="b767eb2a-ea76-cb4e-a0d0-f9e70b97ca74"/>
        <code nullFlavor="NA"/>
        <statusCode code="completed"/>
        <effectiveTime>
          <low value="20030714043909"/>
          <high value="20030714043909"/>
        </effectiveTime>
        <entryRelationship typeCode="SUBJ" inversionInd="false">
          <observation classCode="OBS" moodCode="EVN">
            <templateId root="2.16.840.1.113883.10.20.22.4.4"/>
            <templateId root="2.16.840.1.113883.10.20.22.4.4" extension="2015-08-01"/>
            <!--Problem observation template - NOT episode template-->
            <id root="603b9aa6-81e7-b259-8c75-a8d0869a34bf"/>
            <code code="64572001" displayName="Condition" codeSystem="2.16.840.1.113883.6.96" codeSystemName="SNOMED-CT">
              <translation code="75323-6" displayName="Condition" codeSystem="2.16.840.1.113883.6.1" codeSystemName="LOINC"/>
            </code>
            <text>
              <reference value="#conditions-desc-4"/>
            </text>
            <statusCode code="completed"/>
            <effectiveTime>
              <low value="20030714043909"/>
              <high value="20030714043909"/>
            </effectiveTime>
            <priorityCode code="8319008" codeSystem="2.16.840.1.113883.6.96" displayName="Principal diagnosis" />
        <value xsi:type="CD" code="314529007" codeSystem="2.16.840.1.113883.6.96" displayName="Medication review due (situation)">
          <originalText><reference value="#conditions-desc-4"/></originalText>
        </value>
          </observation>
        </entryRelationship>
      </act>
    </entry>
    <entry typeCode="DRIV">
      <act classCode="ACT" moodCode="EVN">
        <templateId root="2.16.840.1.113883.10.20.22.4.3"/>
        <templateId root="2.16.840.1.113883.10.20.22.4.3" extension="2015-08-01"/>
        <!-- Problem act template -->
        <id root="96abeb6e-b845-8a18-dff5-28a456fd5de0"/>
        <code nullFlavor="NA"/>
        <statusCode code="active"/>
        <effectiveTime>
          <low value="20040223043909"/>
          
        </effectiveTime>
        <entryRelationship typeCode="SUBJ" inversionInd="false">
          <observation classCode="OBS" moodCode="EVN">
            <templateId root="2.16.840.1.113883.10.20.22.4.4"/>
            <templateId root="2.16.840.1.113883.10.20.22.4.4" extension="2015-08-01"/>
            <!--Problem observation template - NOT episode template-->
            <id root="953e2738-15d9-0917-26dc-2c7af6a14680"/>
            <code code="64572001" displayName="Condition" codeSystem="2.16.840.1.113883.6.96" codeSystemName="SNOMED-CT">
              <translation code="75323-6" displayName="Condition" codeSystem="2.16.840.1.113883.6.1" codeSystemName="LOINC"/>
            </code>
            <text>
              <reference value="#conditions-desc-5"/>
            </text>
            <statusCode code="completed"/>
            <effectiveTime>
              <low value="20040223043909"/>
              
            </effectiveTime>
            <priorityCode code="8319008" codeSystem="2.16.840.1.113883.6.96" displayName="Principal diagnosis" />
        <value xsi:type="CD" code="91302008" codeSystem="2.16.840.1.113883.6.96" displayName="Sepsis (disorder)">
          <originalText><reference value="#conditions-desc-5"/></originalText>
        </value>
          </observation>
        </entryRelationship>
      </act>
    </entry>
    <entry typeCode="DRIV">
      <act classCode="ACT" moodCode="EVN">
        <templateId root="2.16.840.1.113883.10.20.22.4.3"/>
        <templateId root="2.16.840.1.113883.10.20.22.4.3" extension="2015-08-01"/>
        <!-- Problem act template -->
        <id root="4a4a6e7a-2347-f64d-fd43-2904d5d6f955"/>
        <code nullFlavor="NA"/>
        <statusCode code="active"/>
        <effectiveTime>
          <low value="20040223050909"/>
          
        </effectiveTime>
        <entryRelationship typeCode="SUBJ" inversionInd="false">
          <observation classCode="OBS" moodCode="EVN">
            <templateId root="2.16.840.1.113883.10.20.22.4.4"/>
            <templateId root="2.16.840.1.113883.10.20.22.4.4" extension="2015-08-01"/>
            <!--Problem observation template - NOT episode template-->
            <id root="0b171ada-deba-d14f-fe6b-3dd1a6636189"/>
            <code code="64572001" displayName="Condition" codeSystem="2.16.840.1.113883.6.96" codeSystemName="SNOMED-CT">
              <translation code="75323-6" displayName="Condition" codeSystem="2.16.840.1.113883.6.1" codeSystemName="LOINC"/>
            </code>
            <text>
              <reference value="#conditions-desc-6"/>
            </text>
            <statusCode code="completed"/>
            <effectiveTime>
              <low value="20040223050909"/>
              
            </effectiveTime>
            <priorityCode code="8319008" codeSystem="2.16.840.1.113883.6.96" displayName="Principal diagnosis" />
        <value xsi:type="CD" code="76571007" codeSystem="2.16.840.1.113883.6.96" displayName="Septic shock (disorder)">
          <originalText><reference value="#conditions-desc-6"/></originalText>
        </value>
          </observation>
        </entryRelationship>
      </act>
    </entry>
    <entry typeCode="DRIV">
      <act classCode="ACT" moodCode="EVN">
        <templateId root="2.16.840.1.113883.10.20.22.4.3"/>
        <templateId root="2.16.840.1.113883.10.20.22.4.3" extension="2015-08-01"/>
        <!-- Problem act template -->
        <id root="b374b074-d383-8d84-215d-6e34820982ed"/>
        <code nullFlavor="NA"/>
        <statusCode code="active"/>
        <effectiveTime>
          <low value="20040223060909"/>
          
        </effectiveTime>
        <entryRelationship typeCode="SUBJ" inversionInd="false">
          <observation classCode="OBS" moodCode="EVN">
            <templateId root="2.16.840.1.113883.10.20.22.4.4"/>
            <templateId root="2.16.840.1.113883.10.20.22.4.4" extension="2015-08-01"/>
            <!--Problem observation template - NOT episode template-->
            <id root="7d6244b3-ee20-bc26-f6a3-bff8f28317bd"/>
            <code code="64572001" displayName="Condition" codeSystem="2.16.840.1.113883.6.96" codeSystemName="SNOMED-CT">
              <translation code="75323-6" displayName="Condition" codeSystem="2.16.840.1.113883.6.1" codeSystemName="LOINC"/>
            </code>
            <text>
              <reference value="#conditions-desc-7"/>
            </text>
            <statusCode code="completed"/>
            <effectiveTime>
              <low value="20040223060909"/>
              
            </effectiveTime>
            <priorityCode code="8319008" codeSystem="2.16.840.1.113883.6.96" displayName="Principal diagnosis" />
        <value xsi:type="CD" code="67782005" codeSystem="2.16.840.1.113883.6.96" displayName="Acute respiratory distress syndrome (disorder)">
          <originalText><reference value="#conditions-desc-7"/></originalText>
        </value>
          </observation>
        </entryRelationship>
      </act>
    </entry>
  </section>
</component>
<component>
  <!--Surgeries-->
  <section>
    <templateId root="2.16.840.1.113883.10.20.22.2.7.1" extension="2014-06-09"/>
    <!--Surgeries section template-->
    <code code="47519-4" codeSystem="2.16.840.1.113883.6.1" codeSystemName="LOINC" displayName="List of surgeries"/>
    <title>Surgeries</title>
<text>
  <table border="1" width="100%">
    <thead>
      <tr>
        <th>Start</th>
        <th>Stop</th>
        <th>Description</th>
        <th>Code</th>
      </tr>
    </thead>
    <tbody>
        <tr>
          <td>2003-07-14T04:39:09+05:30</td>
          <td>2003-07-14T04:54:09+05:30</td>
          <td ID="procedures-desc-1">Medication Reconciliation (procedure)</td>
          <td ID="procedures-code-1">http://snomed.info/sct 430193006</td>
        </tr>
        <tr>
          <td>2003-07-14T04:39:09+05:30</td>
          <td>2003-07-14T05:10:37+05:30</td>
          <td ID="procedures-desc-2">Assessment of health and social care needs (procedure)</td>
          <td ID="procedures-code-2">http://snomed.info/sct 710824005</td>
        </tr>
        <tr>
          <td>2003-07-14T05:10:37+05:30</td>
          <td>2003-07-14T05:38:08+05:30</td>
          <td ID="procedures-desc-3">Assessment of anxiety (procedure)</td>
          <td ID="procedures-code-3">http://snomed.info/sct 710841007</td>
        </tr>
        <tr>
          <td>2003-07-14T05:38:08+05:30</td>
          <td>2003-07-14T05:52:19+05:30</td>
          <td ID="procedures-desc-4">Depression screening (procedure)</td>
          <td ID="procedures-code-4">http://snomed.info/sct 171207006</td>
        </tr>
        <tr>
          <td>2003-07-14T05:52:19+05:30</td>
          <td>2003-07-14T06:21:00+05:30</td>
          <td ID="procedures-desc-5">Depression screening using Patient Health Questionnaire Two-Item score (procedure)</td>
          <td ID="procedures-code-5">http://snomed.info/sct 454711000124102</td>
        </tr>
        <tr>
          <td>2004-02-23T04:39:09+05:30</td>
          <td>2004-02-23T05:09:09+05:30</td>
          <td ID="procedures-desc-6">Resuscitation using intravenous fluid (procedure)</td>
          <td ID="procedures-code-6">http://snomed.info/sct 430701006</td>
        </tr>
        <tr>
          <td>2004-02-23T05:09:09+05:30</td>
          <td>2004-02-23T05:39:09+05:30</td>
          <td ID="procedures-desc-7">Admission to intensive care unit (procedure)</td>
          <td ID="procedures-code-7">http://snomed.info/sct 305351004</td>
        </tr>
        <tr>
          <td>2004-02-23T05:39:09+05:30</td>
          <td>2004-02-23T06:09:09+05:30</td>
          <td ID="procedures-desc-8">Resuscitation using intravenous fluid (procedure)</td>
          <td ID="procedures-code-8">http://snomed.info/sct 430701006</td>
        </tr>
        <tr>
          <td>2004-02-23T06:09:09+05:30</td>
          <td>2004-02-23T06:39:09+05:30</td>
          <td ID="procedures-desc-9">Artificial respiration (procedure)</td>
          <td ID="procedures-code-9">http://snomed.info/sct 40617009</td>
        </tr>
        <tr>
          <td>2004-02-23T06:39:09+05:30</td>
          <td>2004-03-02T16:39:09+05:30</td>
          <td ID="procedures-desc-10">Weaning from mechanically assisted ventilation (procedure)</td>
          <td ID="procedures-code-10">http://snomed.info/sct 243174005</td>
        </tr>
        <tr>
          <td>2004-03-04T01:39:09+05:30</td>
          <td>2004-03-04T02:09:09+05:30</td>
          <td ID="procedures-desc-11">Transfer to stepdown unit (procedure)</td>
          <td ID="procedures-code-11">http://snomed.info/sct 449214001</td>
        </tr>
        <tr>
          <td>2004-03-10T08:09:09+05:30</td>
          <td>2004-03-10T08:39:09+05:30</td>
          <td ID="procedures-desc-12">Admission to intensive care unit (procedure)</td>
          <td ID="procedures-code-12">http://snomed.info/sct 305351004</td>
        </tr>
        <tr>
          <td>2004-03-10T08:39:09+05:30</td>
          <td>2004-03-10T09:09:09+05:30</td>
          <td ID="procedures-desc-13">Resuscitation using intravenous fluid (procedure)</td>
          <td ID="procedures-code-13">http://snomed.info/sct 430701006</td>
        </tr>
        <tr>
          <td>2004-03-11T11:09:09+05:30</td>
          <td>2004-03-11T11:39:09+05:30</td>
          <td ID="procedures-desc-14">Transfer to stepdown unit (procedure)</td>
          <td ID="procedures-code-14">http://snomed.info/sct 449214001</td>
        </tr>
        <tr>
          <td>2004-03-17T12:39:09+05:30</td>
          <td>2004-03-17T13:09:09+05:30</td>
          <td ID="procedures-desc-15">Admission to intensive care unit (procedure)</td>
          <td ID="procedures-code-15">http://snomed.info/sct 305351004</td>
        </tr>
        <tr>
          <td>2004-03-17T13:09:09+05:30</td>
          <td>2004-03-17T13:39:09+05:30</td>
          <td ID="procedures-desc-16">Resuscitation using intravenous fluid (procedure)</td>
          <td ID="procedures-code-16">http://snomed.info/sct 430701006</td>
        </tr>
        <tr>
          <td>2004-03-18T13:39:09+05:30</td>
          <td>2004-03-18T14:09:09+05:30</td>
          <td ID="procedures-desc-17">Transfer to stepdown unit (procedure)</td>
          <td ID="procedures-code-17">http://snomed.info/sct 449214001</td>
        </tr>
        <tr>
          <td>2004-03-28T08:09:09+05:30</td>
          <td>2004-03-28T08:39:09+05:30</td>
          <td ID="procedures-desc-18">Admission to intensive care unit (procedure)</td>
          <td ID="procedures-code-18">http://snomed.info/sct 305351004</td>
        </tr>
        <tr>
          <td>2004-03-28T08:39:09+05:30</td>
          <td>2004-03-28T09:09:09+05:30</td>
          <td ID="procedures-desc-19">Resuscitation using intravenous fluid (procedure)</td>
          <td ID="procedures-code-19">http://snomed.info/sct 430701006</td>
        </tr>
    </tbody>
  </table>
</text>
    <entry typeCode="DRIV">
      <procedure classCode="PROC" moodCode="EVN">
        <templateId root="2.16.840.1.113883.10.20.22.4.14"/>
        <!-- Procedure activity template -->
        <id root="fe5cc5fb-b8c1-af16-83f8-073df9fefae5"/>
        <code  code="430193006" codeSystem="2.16.840.1.113883.6.96" displayName="Medication Reconciliation (procedure)">
          <originalText><reference value="#procedures-desc-1"/></originalText>
        </code>
        <text>
          <reference value="#procedures-desc-1"/>
        </text>
        <statusCode code="completed"/>
        <effectiveTime value="20030714043909"/>
      </procedure>
    </entry>
    <entry typeCode="DRIV">
      <procedure classCode="PROC" moodCode="EVN">
        <templateId root="2.16.840.1.113883.10.20.22.4.14"/>
        <!-- Procedure activity template -->
        <id root="52c7ad7a-4c76-dc46-f9f2-f2cb34fdb249"/>
        <code  code="710824005" codeSystem="2.16.840.1.113883.6.96" displayName="Assessment of health and social care needs (procedure)">
          <originalText><reference value="#procedures-desc-2"/></originalText>
        </code>
        <text>
          <reference value="#procedures-desc-2"/>
        </text>
        <statusCode code="completed"/>
        <effectiveTime value="20030714043909"/>
      </procedure>
    </entry>
    <entry typeCode="DRIV">
      <procedure classCode="PROC" moodCode="EVN">
        <templateId root="2.16.840.1.113883.10.20.22.4.14"/>
        <!-- Procedure activity template -->
        <id root="d35cf7d5-dbba-b062-5c65-ac2746a6528f"/>
        <code  code="710841007" codeSystem="2.16.840.1.113883.6.96" displayName="Assessment of anxiety (procedure)">
          <originalText><reference value="#procedures-desc-3"/></originalText>
        </code>
        <text>
          <reference value="#procedures-desc-3"/>
        </text>
        <statusCode code="completed"/>
        <effectiveTime value="20030714051037"/>
      </procedure>
    </entry>
    <entry typeCode="DRIV">
      <procedure classCode="PROC" moodCode="EVN">
        <templateId root="2.16.840.1.113883.10.20.22.4.14"/>
        <!-- Procedure activity template -->
        <id root="6ac4128d-f81d-db1f-c2e3-de990639df24"/>
        <code  code="171207006" codeSystem="2.16.840.1.113883.6.96" displayName="Depression screening (procedure)">
          <originalText><reference value="#procedures-desc-4"/></originalText>
        </code>
        <text>
          <reference value="#procedures-desc-4"/>
        </text>
        <statusCode code="completed"/>
        <effectiveTime value="20030714053808"/>
      </procedure>
    </entry>
    <entry typeCode="DRIV">
      <procedure classCode="PROC" moodCode="EVN">
        <templateId root="2.16.840.1.113883.10.20.22.4.14"/>
        <!-- Procedure activity template -->
        <id root="beaa3316-6d36-f762-8f4c-cfdb78699a45"/>
        <code  code="454711000124102" codeSystem="2.16.840.1.113883.6.96" displayName="Depression screening using Patient Health Questionnaire Two-Item score (procedure)">
          <originalText><reference value="#procedures-desc-5"/></originalText>
        </code>
        <text>
          <reference value="#procedures-desc-5"/>
        </text>
        <statusCode code="completed"/>
        <effectiveTime value="20030714055219"/>
      </procedure>
    </entry>
    <entry typeCode="DRIV">
      <procedure classCode="PROC" moodCode="EVN">
        <templateId root="2.16.840.1.113883.10.20.22.4.14"/>
        <!-- Procedure activity template -->
        <id root="df765d96-f18c-b178-e884-43a2749e09d9"/>
        <code  code="430701006" codeSystem="2.16.840.1.113883.6.96" displayName="Resuscitation using intravenous fluid (procedure)">
          <originalText><reference value="#procedures-desc-6"/></originalText>
        </code>
        <text>
          <reference value="#procedures-desc-6"/>
        </text>
        <statusCode code="completed"/>
        <effectiveTime value="20040223043909"/>
      </procedure>
    </entry>
    <entry typeCode="DRIV">
      <procedure classCode="PROC" moodCode="EVN">
        <templateId root="2.16.840.1.113883.10.20.22.4.14"/>
        <!-- Procedure activity template -->
        <id root="1357983f-c981-da88-8e3a-f0be586f512f"/>
        <code  code="305351004" codeSystem="2.16.840.1.113883.6.96" displayName="Admission to intensive care unit (procedure)">
          <originalText><reference value="#procedures-desc-7"/></originalText>
        </code>
        <text>
          <reference value="#procedures-desc-7"/>
        </text>
        <statusCode code="completed"/>
        <effectiveTime value="20040223050909"/>
      </procedure>
    </entry>
    <entry typeCode="DRIV">
      <procedure classCode="PROC" moodCode="EVN">
        <templateId root="2.16.840.1.113883.10.20.22.4.14"/>
        <!-- Procedure activity template -->
        <id root="b2e96be4-d4cf-73e5-50d8-22b3e01be5d7"/>
        <code  code="430701006" codeSystem="2.16.840.1.113883.6.96" displayName="Resuscitation using intravenous fluid (procedure)">
          <originalText><reference value="#procedures-desc-8"/></originalText>
        </code>
        <text>
          <reference value="#procedures-desc-8"/>
        </text>
        <statusCode code="completed"/>
        <effectiveTime value="20040223053909"/>
      </procedure>
    </entry>
    <entry typeCode="DRIV">
      <procedure classCode="PROC" moodCode="EVN">
        <templateId root="2.16.840.1.113883.10.20.22.4.14"/>
        <!-- Procedure activity template -->
        <id root="a64c896d-a98c-6abf-9062-13ed3fbd40b5"/>
        <code  code="40617009" codeSystem="2.16.840.1.113883.6.96" displayName="Artificial respiration (procedure)">
          <originalText><reference value="#procedures-desc-9"/></originalText>
        </code>
        <text>
          <reference value="#procedures-desc-9"/>
        </text>
        <statusCode code="completed"/>
        <effectiveTime value="20040223060909"/>
      </procedure>
    </entry>
    <entry typeCode="DRIV">
      <procedure classCode="PROC" moodCode="EVN">
        <templateId root="2.16.840.1.113883.10.20.22.4.14"/>
        <!-- Procedure activity template -->
        <id root="994fc2a1-b52f-6d75-622c-43b0d9f82787"/>
        <code  code="243174005" codeSystem="2.16.840.1.113883.6.96" displayName="Weaning from mechanically assisted ventilation (procedure)">
          <originalText><reference value="#procedures-desc-10"/></originalText>
        </code>
        <text>
          <reference value="#procedures-desc-10"/>
        </text>
        <statusCode code="completed"/>
        <effectiveTime value="20040223063909"/>
      </procedure>
    </entry>
    <entry typeCode="DRIV">
      <procedure classCode="PROC" moodCode="EVN">
        <templateId root="2.16.840.1.113883.10.20.22.4.14"/>
        <!-- Procedure activity template -->
        <id root="f0674b66-68a1-37e1-d235-0cdc0a6e9558"/>
        <code  code="449214001" codeSystem="2.16.840.1.113883.6.96" displayName="Transfer to stepdown unit (procedure)">
          <originalText><reference value="#procedures-desc-11"/></originalText>
        </code>
        <text>
          <reference value="#procedures-desc-11"/>
        </text>
        <statusCode code="completed"/>
        <effectiveTime value="20040304013909"/>
      </procedure>
    </entry>
    <entry typeCode="DRIV">
      <procedure classCode="PROC" moodCode="EVN">
        <templateId root="2.16.840.1.113883.10.20.22.4.14"/>
        <!-- Procedure activity template -->
        <id root="fbc2cdff-a267-4db4-a131-035c4b75ccd9"/>
        <code  code="305351004" codeSystem="2.16.840.1.113883.6.96" displayName="Admission to intensive care unit (procedure)">
          <originalText><reference value="#procedures-desc-12"/></originalText>
        </code>
        <text>
          <reference value="#procedures-desc-12"/>
        </text>
        <statusCode code="completed"/>
        <effectiveTime value="20040310080909"/>
      </procedure>
    </entry>
    <entry typeCode="DRIV">
      <procedure classCode="PROC" moodCode="EVN">
        <templateId root="2.16.840.1.113883.10.20.22.4.14"/>
        <!-- Procedure activity template -->
        <id root="2f21ef8e-9da9-0f80-98ae-0909c792fa28"/>
        <code  code="430701006" codeSystem="2.16.840.1.113883.6.96" displayName="Resuscitation using intravenous fluid (procedure)">
          <originalText><reference value="#procedures-desc-13"/></originalText>
        </code>
        <text>
          <reference value="#procedures-desc-13"/>
        </text>
        <statusCode code="completed"/>
        <effectiveTime value="20040310083909"/>
      </procedure>
    </entry>
    <entry typeCode="DRIV">
      <procedure classCode="PROC" moodCode="EVN">
        <templateId root="2.16.840.1.113883.10.20.22.4.14"/>
        <!-- Procedure activity template -->
        <id root="a32e7fdd-23bc-d8b8-f686-5635961ceae8"/>
        <code  code="449214001" codeSystem="2.16.840.1.113883.6.96" displayName="Transfer to stepdown unit (procedure)">
          <originalText><reference value="#procedures-desc-14"/></originalText>
        </code>
        <text>
          <reference value="#procedures-desc-14"/>
        </text>
        <statusCode code="completed"/>
        <effectiveTime value="20040311110909"/>
      </procedure>
    </entry>
    <entry typeCode="DRIV">
      <procedure classCode="PROC" moodCode="EVN">
        <templateId root="2.16.840.1.113883.10.20.22.4.14"/>
        <!-- Procedure activity template -->
        <id root="3eeaeefd-2bae-2f52-a400-b1855b9716ff"/>
        <code  code="305351004" codeSystem="2.16.840.1.113883.6.96" displayName="Admission to intensive care unit (procedure)">
          <originalText><reference value="#procedures-desc-15"/></originalText>
        </code>
        <text>
          <reference value="#procedures-desc-15"/>
        </text>
        <statusCode code="completed"/>
        <effectiveTime value="20040317123909"/>
      </procedure>
    </entry>
    <entry typeCode="DRIV">
      <procedure classCode="PROC" moodCode="EVN">
        <templateId root="2.16.840.1.113883.10.20.22.4.14"/>
        <!-- Procedure activity template -->
        <id root="28ad698f-a8f4-ef09-fe3f-38dc1af91b56"/>
        <code  code="430701006" codeSystem="2.16.840.1.113883.6.96" displayName="Resuscitation using intravenous fluid (procedure)">
          <originalText><reference value="#procedures-desc-16"/></originalText>
        </code>
        <text>
          <reference value="#procedures-desc-16"/>
        </text>
        <statusCode code="completed"/>
        <effectiveTime value="20040317130909"/>
      </procedure>
    </entry>
    <entry typeCode="DRIV">
      <procedure classCode="PROC" moodCode="EVN">
        <templateId root="2.16.840.1.113883.10.20.22.4.14"/>
        <!-- Procedure activity template -->
        <id root="269f8f87-33a7-1c74-3df2-2f13e9ccfea9"/>
        <code  code="449214001" codeSystem="2.16.840.1.113883.6.96" displayName="Transfer to stepdown unit (procedure)">
          <originalText><reference value="#procedures-desc-17"/></originalText>
        </code>
        <text>
          <reference value="#procedures-desc-17"/>
        </text>
        <statusCode code="completed"/>
        <effectiveTime value="20040318133909"/>
      </procedure>
    </entry>
    <entry typeCode="DRIV">
      <procedure classCode="PROC" moodCode="EVN">
        <templateId root="2.16.840.1.113883.10.20.22.4.14"/>
        <!-- Procedure activity template -->
        <id root="d4dcda55-fa49-4b11-df5b-4c56c0e51781"/>
        <code  code="305351004" codeSystem="2.16.840.1.113883.6.96" displayName="Admission to intensive care unit (procedure)">
          <originalText><reference value="#procedures-desc-18"/></originalText>
        </code>
        <text>
          <reference value="#procedures-desc-18"/>
        </text>
        <statusCode code="completed"/>
        <effectiveTime value="20040328080909"/>
      </procedure>
    </entry>
    <entry typeCode="DRIV">
      <procedure classCode="PROC" moodCode="EVN">
        <templateId root="2.16.840.1.113883.10.20.22.4.14"/>
        <!-- Procedure activity template -->
        <id root="59f70fc2-93f4-2066-17df-2feb1e4cbf0b"/>
        <code  code="430701006" codeSystem="2.16.840.1.113883.6.96" displayName="Resuscitation using intravenous fluid (procedure)">
          <originalText><reference value="#procedures-desc-19"/></originalText>
        </code>
        <text>
          <reference value="#procedures-desc-19"/>
        </text>
        <statusCode code="completed"/>
        <effectiveTime value="20040328083909"/>
      </procedure>
    </entry>
  </section>
</component>
<component>
  <!--Encounters-->
  <section>
    <templateId root="2.16.840.1.113883.10.20.22.2.22" extension="2015-08-01"/> <!-- CCDA Template id -->
    <!--Encounters section template-->
    <code code="46240-8" codeSystem="2.16.840.1.113883.6.1" codeSystemName="LOINC" displayName="History of encounters"/>
    <title>Encounters</title>
<text>
  <table border="1" width="100%">
    <thead>
      <tr>
        <th>Start</th>
        <th>Stop</th>
        <th>Description</th>
        <th>Code</th>
      </tr>
    </thead>
    <tbody>
        <tr>
          <td>1999-07-05T04:39:09+05:30</td>
          <td>1999-07-05T05:33:11+05:30</td>
          <td ID="encounters-desc-1">General examination of patient (procedure)</td>
          <td ID="encounters-code-1">http://snomed.info/sct 162673000</td>
        </tr>
        <tr>
          <td>2000-07-10T04:39:09+05:30</td>
          <td>2000-07-10T05:21:11+05:30</td>
          <td ID="encounters-desc-2">General examination of patient (procedure)</td>
          <td ID="encounters-code-2">http://snomed.info/sct 162673000</td>
        </tr>
        <tr>
          <td>2002-04-04T04:39:09+05:30</td>
          <td>2002-04-04T04:54:09+05:30</td>
          <td ID="encounters-desc-3">Consultation for treatment</td>
          <td ID="encounters-code-3">http://snomed.info/sct 698314001</td>
        </tr>
        <tr>
          <td>2003-03-30T04:39:09+05:30</td>
          <td>2003-03-30T04:54:09+05:30</td>
          <td ID="encounters-desc-4">Consultation for treatment</td>
          <td ID="encounters-code-4">http://snomed.info/sct 698314001</td>
        </tr>
        <tr>
          <td>2003-07-14T04:39:09+05:30</td>
          <td>2003-07-14T05:10:37+05:30</td>
          <td ID="encounters-desc-5">General examination of patient (procedure)</td>
          <td ID="encounters-code-5">http://snomed.info/sct 162673000</td>
        </tr>
        <tr>
          <td>2004-02-23T04:39:09+05:30</td>
          <td>2004-03-29T21:09:09+05:30</td>
          <td ID="encounters-desc-6">Encounter for problem</td>
          <td ID="encounters-code-6">http://snomed.info/sct 185347001</td>
        </tr>
    </tbody>
  </table>
</text>
    <entry typeCode="DRIV">
      <encounter classCode="ENC" moodCode="EVN">
		    <templateId root="2.16.840.1.113883.10.20.22.4.49"/>
        <!-- Encounter activity template -->
        <id root="ca1b31b2-7a62-6582-3568-4e8a764a2d06"/>
        <code  code="162673000" codeSystem="2.16.840.1.113883.6.96" displayName="General examination of patient (procedure)">
          <originalText><reference value="#encounters-desc-1"/></originalText>
        </code>
        <text>
          <reference value="#encounters-desc-1"/>
        </text>
        <effectiveTime>
          <low value="19990705043909"/>
          <high value="19990705053311"/>
        </effectiveTime>
      </encounter>
    </entry>
    <entry typeCode="DRIV">
      <encounter classCode="ENC" moodCode="EVN">
		    <templateId root="2.16.840.1.113883.10.20.22.4.49"/>
        <!-- Encounter activity template -->
        <id root="6a736bee-fa52-ad7c-8c4b-ab2c94eabec6"/>
        <code  code="162673000" codeSystem="2.16.840.1.113883.6.96" displayName="General examination of patient (procedure)">
          <originalText><reference value="#encounters-desc-2"/></originalText>
        </code>
        <text>
          <reference value="#encounters-desc-2"/>
        </text>
        <effectiveTime>
          <low value="20000710043909"/>
          <high value="20000710052111"/>
        </effectiveTime>
      </encounter>
    </entry>
    <entry typeCode="DRIV">
      <encounter classCode="ENC" moodCode="EVN">
		    <templateId root="2.16.840.1.113883.10.20.22.4.49"/>
        <!-- Encounter activity template -->
        <id root="e1f01e3b-9e89-2956-743e-c3f2c7e17aa4"/>
        <code  code="698314001" codeSystem="2.16.840.1.113883.6.96" displayName="Consultation for treatment">
          <originalText><reference value="#encounters-desc-3"/></originalText>
        </code>
        <text>
          <reference value="#encounters-desc-3"/>
        </text>
        <effectiveTime>
          <low value="20020404043909"/>
          <high value="20020404045409"/>
        </effectiveTime>
      </encounter>
    </entry>
    <entry typeCode="DRIV">
      <encounter classCode="ENC" moodCode="EVN">
		    <templateId root="2.16.840.1.113883.10.20.22.4.49"/>
        <!-- Encounter activity template -->
        <id root="88fbaa87-6f59-c4c0-5eff-46fd34af0a76"/>
        <code  code="698314001" codeSystem="2.16.840.1.113883.6.96" displayName="Consultation for treatment">
          <originalText><reference value="#encounters-desc-4"/></originalText>
        </code>
        <text>
          <reference value="#encounters-desc-4"/>
        </text>
        <effectiveTime>
          <low value="20030330043909"/>
          <high value="20030330045409"/>
        </effectiveTime>
      </encounter>
    </entry>
    <entry typeCode="DRIV">
      <encounter classCode="ENC" moodCode="EVN">
		    <templateId root="2.16.840.1.113883.10.20.22.4.49"/>
        <!-- Encounter activity template -->
        <id root="dc88eb01-af55-77c0-ee05-3482db47a8ed"/>
        <code  code="162673000" codeSystem="2.16.840.1.113883.6.96" displayName="General examination of patient (procedure)">
          <originalText><reference value="#encounters-desc-5"/></originalText>
        </code>
        <text>
          <reference value="#encounters-desc-5"/>
        </text>
        <effectiveTime>
          <low value="20030714043909"/>
          <high value="20030714051037"/>
        </effectiveTime>
      </encounter>
    </entry>
    <entry typeCode="DRIV">
      <encounter classCode="ENC" moodCode="EVN">
		    <templateId root="2.16.840.1.113883.10.20.22.4.49"/>
        <!-- Encounter activity template -->
        <id root="926bc097-4116-4e98-220f-64128927c3fe"/>
        <code  code="185347001" codeSystem="2.16.840.1.113883.6.96" displayName="Encounter for problem">
          <originalText><reference value="#encounters-desc-6"/></originalText>
        </code>
        <text>
          <reference value="#encounters-desc-6"/>
        </text>
        <effectiveTime>
          <low value="20040223043909"/>
          <high value="20040329210909"/>
        </effectiveTime>
      </encounter>
    </entry>
  </section>
</component>
<component>
  <!--Vital Signs-->
  <section>
    <templateId root="2.16.840.1.113883.10.20.22.2.4.1" extension="2015-08-01"/>
    <!--Vital Signs section template-->
    <code code="8716-3" codeSystem="2.16.840.1.113883.6.1" codeSystemName="LOINC" displayName="Vital signs"/>
    <title>Vital Signs</title>
<text>
  <table border="1" width="100%">
    <thead>
      <tr>
        <th>Start</th>
        <th>Stop</th>
        <th>Description</th>
        <th>Code</th>
        <th>Value</th>
      </tr>
    </thead>
    <tbody>
        <tr>
          <td>2003-07-14T04:39:09+05:30</td>
          <td></td>
          <td ID="observations-desc-1">Body Height</td>
          <td ID="observations-code-1">http://loinc.org 8302-2</td>
          <td>154.2 cm</td>
        </tr>
        <tr>
          <td>2003-07-14T04:39:09+05:30</td>
          <td></td>
          <td ID="observations-desc-2">Pain severity - 0-10 verbal numeric rating [Score] - Reported</td>
          <td ID="observations-code-2">http://loinc.org 72514-3</td>
          <td>3 {score}</td>
        </tr>
        <tr>
          <td>2003-07-14T04:39:09+05:30</td>
          <td></td>
          <td ID="observations-desc-3">Body Weight</td>
          <td ID="observations-code-3">http://loinc.org 29463-7</td>
          <td>49.8 kg</td>
        </tr>
        <tr>
          <td>2003-07-14T04:39:09+05:30</td>
          <td></td>
          <td ID="observations-desc-4">Body mass index (BMI) [Ratio]</td>
          <td ID="observations-code-4">http://loinc.org 39156-5</td>
          <td>20.95 kg/m2</td>
        </tr>
        <tr>
          <td>2003-07-14T04:39:09+05:30</td>
          <td></td>
          <td ID="observations-desc-5">Heart rate</td>
          <td ID="observations-code-5">http://loinc.org 8867-4</td>
          <td>79 /min</td>
        </tr>
        <tr>
          <td>2003-07-14T04:39:09+05:30</td>
          <td></td>
          <td ID="observations-desc-6">Respiratory rate</td>
          <td ID="observations-code-6">http://loinc.org 9279-1</td>
          <td>16 /min</td>
        </tr>
        <tr>
          <td>2004-02-23T04:39:09+05:30</td>
          <td></td>
          <td ID="observations-desc-7">Oxygen saturation Calculated from oxygen partial pressure in Blood</td>
          <td ID="observations-code-7">http://loinc.org 2713-6</td>
          <td>92 %</td>
        </tr>
        <tr>
          <td>2004-02-23T05:09:09+05:30</td>
          <td></td>
          <td ID="observations-desc-8">Mean blood pressure</td>
          <td ID="observations-code-8">http://loinc.org 8478-0</td>
          <td>30.30863263186964 mm[Hg]</td>
        </tr>
    </tbody>
  </table>
</text>
    <entry typeCode="DRIV">
      <organizer classCode="CLUSTER" moodCode="EVN">
        <templateId root="2.16.840.1.113883.10.20.22.4.26"/>
        <templateId root="2.16.840.1.113883.10.20.22.4.26" extension="2015-08-01"/>
        <!-- Vital signs organizer template -->
        <id root="f2f9a32b-3ffa-ec4e-f3f8-a38f42b5273d"/>
        <code code="46680005" codeSystem="2.16.840.1.113883.6.96" displayName="Vital signs" codeSystemName="SNOMED CT">
          <translation code="74728-7" displayName="Vital signs, weight, height, head circumference, oximetry, BMI, and BSA panel" codeSystem="2.16.840.1.113883.6.1" codeSystemName="LOINC" />
        </code>
        <statusCode code="completed"/>
        <effectiveTime value="20040412043909"/>
        <component>
          <observation classCode="OBS" moodCode="EVN">
            <templateId root="2.16.840.1.113883.10.20.22.4.27"/>
            <templateId root="2.16.840.1.113883.10.20.22.4.27" extension="2014-06-09"/>
            <!-- Result observation template -->
            <id root="a2bc31f9-496c-f082-ee79-e2e72bc3cb60"/>
        <code  code="8302-2" codeSystem="2.16.840.1.113883.6.1" displayName="Body Height">
          <originalText><reference value="#observations-desc-1"/></originalText>
        </code>
            <text>
              <reference value="#observations-desc-1"/>
            </text>
            <statusCode code="completed"/>
            <effectiveTime value="20030714043909"/>
            <value xsi:type="PQ" value="154.2" unit="cm"/>
          </observation>
        </component>
        <component>
          <observation classCode="OBS" moodCode="EVN">
            <templateId root="2.16.840.1.113883.10.20.22.4.27"/>
            <templateId root="2.16.840.1.113883.10.20.22.4.27" extension="2014-06-09"/>
            <!-- Result observation template -->
            <id root="88e2985f-7e59-eb48-def8-92bdb6e6a676"/>
        <code  code="72514-3" codeSystem="2.16.840.1.113883.6.1" displayName="Pain severity - 0-10 verbal numeric rating [Score] - Reported">
          <originalText><reference value="#observations-desc-2"/></originalText>
        </code>
            <text>
              <reference value="#observations-desc-2"/>
            </text>
            <statusCode code="completed"/>
            <effectiveTime value="20030714043909"/>
            <value xsi:type="PQ" value="3" unit="{score}"/>
          </observation>
        </component>
        <component>
          <observation classCode="OBS" moodCode="EVN">
            <templateId root="2.16.840.1.113883.10.20.22.4.27"/>
            <templateId root="2.16.840.1.113883.10.20.22.4.27" extension="2014-06-09"/>
            <!-- Result observation template -->
            <id root="b606f679-fdef-e216-c86a-d8c572098bae"/>
        <code  code="29463-7" codeSystem="2.16.840.1.113883.6.1" displayName="Body Weight">
          <originalText><reference value="#observations-desc-3"/></originalText>
        </code>
            <text>
              <reference value="#observations-desc-3"/>
            </text>
            <statusCode code="completed"/>
            <effectiveTime value="20030714043909"/>
            <value xsi:type="PQ" value="49.8" unit="kg"/>
          </observation>
        </component>
        <component>
          <observation classCode="OBS" moodCode="EVN">
            <templateId root="2.16.840.1.113883.10.20.22.4.27"/>
            <templateId root="2.16.840.1.113883.10.20.22.4.27" extension="2014-06-09"/>
            <!-- Result observation template -->
            <id root="41b206b1-0bf7-ad26-1467-ff810c636417"/>
        <code  code="39156-5" codeSystem="2.16.840.1.113883.6.1" displayName="Body mass index (BMI) [Ratio]">
          <originalText><reference value="#observations-desc-4"/></originalText>
        </code>
            <text>
              <reference value="#observations-desc-4"/>
            </text>
            <statusCode code="completed"/>
            <effectiveTime value="20030714043909"/>
            <value xsi:type="PQ" value="20.95" unit="kg/m2"/>
          </observation>
        </component>
        <component>
          <observation classCode="OBS" moodCode="EVN">
            <templateId root="2.16.840.1.113883.10.20.22.4.27"/>
            <templateId root="2.16.840.1.113883.10.20.22.4.27" extension="2014-06-09"/>
            <!-- Result observation template -->
            <id root="d8e5ac8c-aabb-6c21-ee4f-b40fcd490108"/>
        <code  code="8867-4" codeSystem="2.16.840.1.113883.6.1" displayName="Heart rate">
          <originalText><reference value="#observations-desc-5"/></originalText>
        </code>
            <text>
              <reference value="#observations-desc-5"/>
            </text>
            <statusCode code="completed"/>
            <effectiveTime value="20030714043909"/>
            <value xsi:type="PQ" value="79" unit="/min"/>
          </observation>
        </component>
        <component>
          <observation classCode="OBS" moodCode="EVN">
            <templateId root="2.16.840.1.113883.10.20.22.4.27"/>
            <templateId root="2.16.840.1.113883.10.20.22.4.27" extension="2014-06-09"/>
            <!-- Result observation template -->
            <id root="52169a66-fcd0-678d-4d46-f488cedcde11"/>
        <code  code="9279-1" codeSystem="2.16.840.1.113883.6.1" displayName="Respiratory rate">
          <originalText><reference value="#observations-desc-6"/></originalText>
        </code>
            <text>
              <reference value="#observations-desc-6"/>
            </text>
            <statusCode code="completed"/>
            <effectiveTime value="20030714043909"/>
            <value xsi:type="PQ" value="16" unit="/min"/>
          </observation>
        </component>
        <component>
          <observation classCode="OBS" moodCode="EVN">
            <templateId root="2.16.840.1.113883.10.20.22.4.27"/>
            <templateId root="2.16.840.1.113883.10.20.22.4.27" extension="2014-06-09"/>
            <!-- Result observation template -->
            <id root="a5d8434f-6ef3-9100-cc32-66e1641f3dad"/>
        <code  code="2713-6" codeSystem="2.16.840.1.113883.6.1" displayName="Oxygen saturation Calculated from oxygen partial pressure in Blood">
          <originalText><reference value="#observations-desc-7"/></originalText>
        </code>
            <text>
              <reference value="#observations-desc-7"/>
            </text>
            <statusCode code="completed"/>
            <effectiveTime value="20040223043909"/>
            <value xsi:type="PQ" value="92" unit="%"/>
          </observation>
        </component>
        <component>
          <observation classCode="OBS" moodCode="EVN">
            <templateId root="2.16.840.1.113883.10.20.22.4.27"/>
            <templateId root="2.16.840.1.113883.10.20.22.4.27" extension="2014-06-09"/>
            <!-- Result observation template -->
            <id root="e806bfe5-a5df-4061-e6c2-720c8ff16a46"/>
        <code  code="8478-0" codeSystem="2.16.840.1.113883.6.1" displayName="Mean blood pressure">
          <originalText><reference value="#observations-desc-8"/></originalText>
        </code>
            <text>
              <reference value="#observations-desc-8"/>
            </text>
            <statusCode code="completed"/>
            <effectiveTime value="20040223050909"/>
            <value xsi:type="PQ" value="30.30863263186964" unit="mm[Hg]"/>
          </observation>
        </component>
      </organizer>
    </entry>
  </section>
</component>
<component>
  <!--Immunizations-->
  <section>
    <templateId root="2.16.840.1.113883.10.20.22.2.2" extension="2015-08-01"/>
    <!--Immunizations section template-->
    <code code="11369-6" codeSystem="2.16.840.1.113883.6.1" codeSystemName="LOINC" displayName="History of immunizations"/>
    <title>Immunizations</title>
<text>
  <table border="1" width="100%">
    <thead>
      <tr>
        <th>Start</th>
        <th>Stop</th>
        <th>Description</th>
        <th>Code</th>
      </tr>
    </thead>
    <tbody>
        <tr>
          <td>2003-07-14T04:39:09+05:30</td>
          <td></td>
          <td ID="immunizations-desc-1">Influenza, seasonal, injectable, preservative free</td>
          <td ID="immunizations-code-1">http://hl7.org/fhir/sid/cvx 140</td>
        </tr>
        <tr>
          <td>2003-07-14T04:39:09+05:30</td>
          <td></td>
          <td ID="immunizations-desc-2">Td (adult), 5 Lf tetanus toxoid, preservative free, adsorbed</td>
          <td ID="immunizations-code-2">http://hl7.org/fhir/sid/cvx 113</td>
        </tr>
        <tr>
          <td>2003-07-14T04:39:09+05:30</td>
          <td></td>
          <td ID="immunizations-desc-3">Hep B, adult</td>
          <td ID="immunizations-code-3">http://hl7.org/fhir/sid/cvx 43</td>
        </tr>
    </tbody>
  </table>
</text>
    <entry typeCode="DRIV">
      <substanceAdministration classCode="SBADM" moodCode="EVN" negationInd="false">
        <templateId root="2.16.840.1.113883.10.20.22.4.52"/>
        <!-- Medication activity template -->
        <id root="d2c3a536-fc7d-7966-81c1-6548d8ef15a3"/>
        <code code='IMMUNIZ' codeSystem='2.16.840.1.113883.5.4' codeSystemName='ActCode'/>
        <text>
          <reference value="#immunizations-desc-1"/>
        </text>
        <statusCode code="completed"/>
        <effectiveTime value="20030714043909"/>
        <doseQuantity nullFlavor="UNK"/>
        <consumable>
          <manufacturedProduct classCode="MANU">
            <templateId root="2.16.840.1.113883.10.20.22.4.54"/>
            <!-- Product template -->
            <manufacturedMaterial>
        <code  code="140" codeSystem="2.16.840.1.113883.12.292" displayName="Influenza, seasonal, injectable, preservative free">
          <originalText><reference value="#immunizations-desc-1"/></originalText>
        </code>
              <name>Influenza, seasonal, injectable, preservative free</name>
            </manufacturedMaterial>
          </manufacturedProduct>
        </consumable>
      </substanceAdministration>
    </entry>
    <entry typeCode="DRIV">
      <substanceAdministration classCode="SBADM" moodCode="EVN" negationInd="false">
        <templateId root="2.16.840.1.113883.10.20.22.4.52"/>
        <!-- Medication activity template -->
        <id root="8866451c-baee-d204-9481-ff5b4af28280"/>
        <code code='IMMUNIZ' codeSystem='2.16.840.1.113883.5.4' codeSystemName='ActCode'/>
        <text>
          <reference value="#immunizations-desc-2"/>
        </text>
        <statusCode code="completed"/>
        <effectiveTime value="20030714043909"/>
        <doseQuantity nullFlavor="UNK"/>
        <consumable>
          <manufacturedProduct classCode="MANU">
            <templateId root="2.16.840.1.113883.10.20.22.4.54"/>
            <!-- Product template -->
            <manufacturedMaterial>
        <code  code="113" codeSystem="2.16.840.1.113883.12.292" displayName="Td (adult), 5 Lf tetanus toxoid, preservative free, adsorbed">
          <originalText><reference value="#immunizations-desc-2"/></originalText>
        </code>
              <name>Td (adult), 5 Lf tetanus toxoid, preservative free, adsorbed</name>
            </manufacturedMaterial>
          </manufacturedProduct>
        </consumable>
      </substanceAdministration>
    </entry>
    <entry typeCode="DRIV">
      <substanceAdministration classCode="SBADM" moodCode="EVN" negationInd="false">
        <templateId root="2.16.840.1.113883.10.20.22.4.52"/>
        <!-- Medication activity template -->
        <id root="685fde0e-7e13-390d-e7ce-67ff021fda76"/>
        <code code='IMMUNIZ' codeSystem='2.16.840.1.113883.5.4' codeSystemName='ActCode'/>
        <text>
          <reference value="#immunizations-desc-3"/>
        </text>
        <statusCode code="completed"/>
        <effectiveTime value="20030714043909"/>
        <doseQuantity nullFlavor="UNK"/>
        <consumable>
          <manufacturedProduct classCode="MANU">
            <templateId root="2.16.840.1.113883.10.20.22.4.54"/>
            <!-- Product template -->
            <manufacturedMaterial>
        <code  code="43" codeSystem="2.16.840.1.113883.12.292" displayName="Hep B, adult">
          <originalText><reference value="#immunizations-desc-3"/></originalText>
        </code>
              <name>Hep B, adult</name>
            </manufacturedMaterial>
          </manufacturedProduct>
        </consumable>
      </substanceAdministration>
    </entry>
  </section>
</component>
<component>
  <!--Social History - CCDA-->
  <section>
    <templateId root="2.16.840.1.113883.10.20.22.2.17" extension="2015-08-01"/>
    <templateId root="2.16.840.1.113883.10.20.22.2.17"/>
    <!-- Social history section template -->
    <code code="29762-2" codeSystem="2.16.840.1.113883.6.1"/>
    <title>Social History</title>
    <text>There is no current social history except smoking status.</text>
    <entry typeCode="DRIV">
      <observation classCode="OBS" moodCode="EVN">
        <templateId root="2.16.840.1.113883.10.20.22.4.78"/>
        <templateId root="2.16.840.1.113883.10.20.22.4.78" extension="2014-06-09"/>
        <!-- Smoking Status Meaningful Use template -->
        <id root="7678bcbc-4324-797c-4237-04bbd981b634"/>
        <code code="72166-2" codeSystem="2.16.840.1.113883.6.1" displayName="Tobacco smoking status NHIS" />
        <statusCode code="completed"/>
        <effectiveTime value="20030714043909"/>
        <value xsi:type="CD" code="266919005" displayName="Never smoked tobacco (finding)" codeSystem="2.16.840.1.113883.6.96"/>
          <author>
            <time value="20040412043909"/>
            <assignedAuthor>
              <id nullFlavor="NA"/>
              <addr nullFlavor="NA" />
              <telecom nullFlavor="NA" />
              <assignedAuthoringDevice>
                <manufacturerModelName>https://github.com/synthetichealth/synthea</manufacturerModelName>
                <softwareName>https://github.com/synthetichealth/synthea</softwareName>
              </assignedAuthoringDevice>
              <representedOrganization>
                <id nullFlavor="NA"/>
                <name>OUTER CAPE HEALTH SERVICES INC</name>
                <telecom nullFlavor="NA"/>
                <addr>
                  <streetAddressLine>710 MAIN STREET</streetAddressLine>
                  <city>HARWICH PORT</city>
                  <state>MA</state>
                  <postalCode>026461931</postalCode>
                </addr>
              </representedOrganization>
            </assignedAuthor>
          </author>
      </observation>
    </entry>
  </section>
</component><component>
<!--Survey Responses in Functional Status-->
    <section>
        <templateId root="2.16.840.1.113883.10.20.22.2.14" extension="2014-06-09" />
        <templateId root="2.16.840.1.113883.10.20.22.2.14" />
        <!-- Functional Status Section template V2-->
        <code code="47420-5" codeSystem="2.16.840.1.113883.6.1" codeSystemName="LOINC" displayName="Functional Status" />
        <title>Functional Status</title>
<text>
  <table border="1" width="100%">
    <thead>
      <tr>
        <th>Start</th>
        <th>Stop</th>
        <th>Description</th>
        <th>Code</th>
        <th>Value</th>
      </tr>
    </thead>
    <tbody>
        <tr>
          <td>2003-07-14T05:38:08+05:30</td>
          <td></td>
          <td ID="functional-status-desc-1">Generalized anxiety disorder 7 item (GAD-7) total score [Reported.PHQ]</td>
          <td ID="functional-status-code-1">http://loinc.org 70274-6</td>
          <td>8 {score}</td>
        </tr>
        <tr>
          <td>2003-07-14T06:21:00+05:30</td>
          <td></td>
          <td ID="functional-status-desc-2">Patient Health Questionnaire 2 item (PHQ-2) total score [Reported]</td>
          <td ID="functional-status-code-2">http://loinc.org 55758-7</td>
          <td>1 {score}</td>
        </tr>
    </tbody>
  </table>
</text>
        <entry>
         <observation classCode="OBS" moodCode="EVN">
             <templateId root="2.16.840.1.113883.10.20.22.4.69"/>
             <id root="6abc9e56-8d33-af5b-953c-3f76769040ad"/>
        <code  code="70274-6" codeSystem="2.16.840.1.113883.6.1" displayName="Generalized anxiety disorder 7 item (GAD-7) total score [Reported.PHQ]">
          <originalText><reference value="#functional-status-desc-1"/></originalText>
        </code>
             <text>
               <reference value="#functional-status-desc-1"/>
             </text>
             <statusCode code="completed"/>
             <effectiveTime value="20030714053808"/>
             <value xsi:type="INT" value="8"/>
         </observation>
        </entry>
        <entry>
         <observation classCode="OBS" moodCode="EVN">
             <templateId root="2.16.840.1.113883.10.20.22.4.69"/>
             <id root="cbb127e1-63e4-cb12-9235-b1aead6a5396"/>
        <code  code="55758-7" codeSystem="2.16.840.1.113883.6.1" displayName="Patient Health Questionnaire 2 item (PHQ-2) total score [Reported]">
          <originalText><reference value="#functional-status-desc-2"/></originalText>
        </code>
             <text>
               <reference value="#functional-status-desc-2"/>
             </text>
             <statusCode code="completed"/>
             <effectiveTime value="20030714062100"/>
             <value xsi:type="INT" value="1"/>
         </observation>
        </entry>
    </section>
</component>    </structuredBody>
  </component>
</ClinicalDocument>
