<?xml version="1.0" encoding="UTF-8"?>
<ClinicalDocument xmlns="urn:hl7-org:v3" xmlns:sdtc="urn:hl7-org:sdtc" xmlns:xsi="http://www.w3.org/2001/XMLSchema-instance" xsi:schemaLocation="urn:hl7-org:v3 http://xreg2.nist.gov:8080/hitspValidation/schema/cdar2c32/infrastructure/cda/C32_CDA.xsd">
  <realmCode code="US"/>
  <typeId root="2.16.840.1.113883.1.3" extension="POCD_HD000040"/>
  <templateId root="2.16.840.1.113883.10.20.22.1.1" extension="2015-08-01"/>
  <templateId root="2.16.840.1.113883.10.20.22.1.2" extension="2015-08-01"/>
  <id root="2.16.840.1.113883.19.5" extension="4b3a254a-a1a7-a253-36d5-c867b84f19f7" assigningAuthorityName="https://github.com/synthetichealth/synthea"/>
  <code code="34133-9" displayName="Summarization of episode note" codeSystem="2.16.840.1.113883.6.1" codeSystemName="LOINC"/>
  <title>C-CDA R2.1 Patient Record: Felton646 Treutel973</title>
  <effectiveTime value="20250608070136"/>
  <confidentialityCode code="N"/>
  <languageCode code="en-US"/>
  <recordTarget>
    <patientRole>
      <id root="2.16.840.1.113883.19.5" extension="4b3a254a-a1a7-a253-36d5-c867b84f19f7" assigningAuthorityName="https://github.com/synthetichealth/synthea"/>
      <addr use="HP">
        <streetAddressLine>678 Leannon Green</streetAddressLine>
        <city>Leominster</city>
        <state>Massachusetts</state>
        <postalCode>01420</postalCode>
      </addr>
      <telecom nullFlavor="NI"/>
      <patient>
        <name>
          <given>Felton646</given>
          <family>Treutel973</family>
        </name>
        <administrativeGenderCode code="M" codeSystem="2.16.840.1.113883.5.1" codeSystemName="HL7 AdministrativeGender"/>
        <birthTime value="20130519070136"/>
        <raceCode code="2106-3" displayName="white" codeSystemName="CDC Race and Ethnicity" codeSystem="2.16.840.1.113883.6.238"/>
        <ethnicGroupCode code="2186-5" displayName="non-hispanic" codeSystemName="CDC Race and Ethnicity" codeSystem="2.16.840.1.113883.6.238"/>
        <languageCommunication>
          <languageCode code="en-US"/>
        </languageCommunication>
      </patient>
    </patientRole>
  </recordTarget>
  <author>
    <time value="20250608070136"/>
    <assignedAuthor>
      <id nullFlavor="NA"/>
      <addr nullFlavor="NA" />
      <telecom nullFlavor="NA" />
      <assignedAuthoringDevice>
        <manufacturerModelName>https://github.com/synthetichealth/synthea</manufacturerModelName>
        <softwareName>https://github.com/synthetichealth/synthea</softwareName>
      </assignedAuthoringDevice>
      <representedOrganization>
        <id nullFlavor="NA"/>
        <name>LEOMINSTER COMUNITY HEALTH CENTER</name>
        <telecom nullFlavor="NA"/>
        <addr>
          <streetAddressLine>14 MANNING AVENUE</streetAddressLine>
          <city>LEOMINSTER</city>
          <state>MA</state>
          <postalCode>014535768</postalCode>
        </addr>
      </representedOrganization>
    </assignedAuthor>
  </author>
  <custodian>
    <assignedCustodian>
      <representedCustodianOrganization>
        <id nullFlavor="NA"/>
        <name>LEOMINSTER COMUNITY HEALTH CENTER</name>
        <telecom nullFlavor="NA"/>
        <addr>
          <streetAddressLine>14 MANNING AVENUE</streetAddressLine>
          <city>LEOMINSTER</city>
          <state>MA</state>
          <postalCode>014535768</postalCode>
        </addr>
      </representedCustodianOrganization>
    </assignedCustodian>
  </custodian>
  <documentationOf>
    <serviceEvent classCode="PCPR">
      <effectiveTime>
        <low value="20130519070136"/>
        <high value="20250608070136"/>
      </effectiveTime>
    </serviceEvent>
  </documentationOf>
  <component>
    <structuredBody>
<component>
  <!-- Allergies: patient has no allergies -->
  <section nullFlavor="NI">
    <templateId root="2.16.840.1.113883.10.20.22.2.6.1" extension="2015-08-01"/>
    <code code="48765-2" codeSystem="2.16.840.1.113883.6.1" codeSystemName="LOINC" displayName="Allergy List"/>
    <title>Allergies</title>                
    <text>There are no current allergies at the time of this document's creation.</text>
  </section>
</component><component>
  <!--Medications-->
  <section>
	<templateId root="2.16.840.1.113883.10.20.22.2.1.1" extension="2014-06-09"/>
    <code code="10160-0" displayName="History of medication use" codeSystem="2.16.840.1.113883.6.1" codeSystemName="LOINC"/>
    <title>Medications</title>
<text>
  <table border="1" width="100%">
    <thead>
      <tr>
        <th>Start</th>
        <th>Stop</th>
        <th>Description</th>
        <th>Code</th>
      </tr>
    </thead>
    <tbody>
        <tr>
          <td>2023-09-15T07:01:36+05:30</td>
          <td></td>
          <td ID="medications-desc-1">Methylphenidate Hydrochloride 20 MG Oral Tablet</td>
          <td ID="medications-code-1">http://www.nlm.nih.gov/research/umls/rxnorm 1091392</td>
        </tr>
    </tbody>
  </table>
</text>
    <entry>
      <!--CCD Medication activity - Required-->
      <substanceAdministration classCode="SBADM" moodCode="EVN">
        <templateId root="2.16.840.1.113883.10.20.22.4.16"/>
        <templateId root="2.16.840.1.113883.10.20.22.4.16" extension="2014-06-09"/>
        <id root="38fbc250-930f-aee5-01c0-5f4fb9bfc374"/>
        <statusCode code="completed"/>
        <effectiveTime xsi:type="IVL_TS">
          <low value="20230915070136"/>
          <high nullFlavor="UNK"/>
        </effectiveTime>
        <doseQuantity value="1"/>
        <consumable>
          <!--CCD Product - Required-->
          <manufacturedProduct classCode="MANU">
            <templateId root="2.16.840.1.113883.10.20.22.4.23"/>
            <templateId root="2.16.840.1.113883.10.20.22.4.23" extension="2014-06-09"/>
            <manufacturedMaterial>
        <code  code="1091392" codeSystem="2.16.840.1.113883.6.88" displayName="Methylphenidate Hydrochloride 20 MG Oral Tablet">
          <originalText><reference value="#medications-desc-1"/></originalText>
        </code>
              <name>Methylphenidate Hydrochloride 20 MG Oral Tablet</name>
            </manufacturedMaterial>
          </manufacturedProduct>
        </consumable>
      </substanceAdministration>
    </entry>
  </section>
</component>
<component>
  <!--Diagnostic Results-->
  <section>
    <templateId root="2.16.840.1.113883.10.20.22.2.3.1" extension="2015-08-01"/>
    <templateId root="2.16.840.1.113883.10.20.22.2.3.1"/>
    <!--Diagnostic Results section template-->
    <code code="30954-2" codeSystem="2.16.840.1.113883.6.1" codeSystemName="LOINC" displayName="Results"/>
    <title>Diagnostic Results</title>
<text>
  <table border="1" width="100%">
    <thead>
      <tr>
        <th>Start</th>
        <th>Stop</th>
        <th>Description</th>
        <th>Code</th>
      </tr>
    </thead>
    <tbody>
        <tr>
          <td>2024-06-02T07:01:36+05:30</td>
          <td></td>
          <td ID="reports-desc-1">CBC panel - Blood by Automated count</td>
          <td ID="reports-code-1">http://loinc.org 58410-2</td>
        </tr>
    </tbody>
  </table>
</text>
    <entry typeCode="DRIV">
      <organizer classCode="BATTERY" moodCode="EVN">
        <templateId root="2.16.840.1.113883.10.20.22.4.1" extension="2015-08-01"/>
        <templateId root="2.16.840.1.113883.10.20.22.4.1"/>
        <!--Result organizer template -->
        <id root="8bd2a8f4-ce92-16d5-41f2-8e82c058c821"/>
        <code code="58410-2" codeSystem="2.16.840.1.113883.6.1" codeSystemName="LOINC" displayName="CBC panel - Blood by Automated count"/>
        <statusCode code="completed"/>
        <effectiveTime>
          <low value="20240602070136"/>
          <high value="20240602070136"/>
        </effectiveTime>
        <component>
          <observation classCode="OBS" moodCode="EVN">
            <templateId root="2.16.840.1.113883.10.20.22.4.2" extension="2015-08-01"/>
            <templateId root="2.16.840.1.113883.10.20.22.4.2"/>
            <id root="841869fd-cc3a-db20-3ec4-979efd752188"/>
        <code  code="6690-2" codeSystem="2.16.840.1.113883.6.1" displayName="Leukocytes [#/volume] in Blood by Automated count">
          <originalText><reference value="#reports-desc-1"/></originalText>
        </code>
            <text>
              <reference value="#reports-desc-1"/>
            </text>
            <statusCode code="completed"/>
            <effectiveTime value="20240602070136"/>
            <value xsi:type="PQ" value="9.86994373289578" unit="10*3/uL"/>
          </observation>
        </component>
        <component>
          <observation classCode="OBS" moodCode="EVN">
            <templateId root="2.16.840.1.113883.10.20.22.4.2" extension="2015-08-01"/>
            <templateId root="2.16.840.1.113883.10.20.22.4.2"/>
            <id root="a744efb1-87f8-e873-12ac-ab309624bb9d"/>
        <code  code="789-8" codeSystem="2.16.840.1.113883.6.1" displayName="Erythrocytes [#/volume] in Blood by Automated count">
          <originalText><reference value="#reports-desc-1"/></originalText>
        </code>
            <text>
              <reference value="#reports-desc-1"/>
            </text>
            <statusCode code="completed"/>
            <effectiveTime value="20240602070136"/>
            <value xsi:type="PQ" value="4.935156218370906" unit="10*6/uL"/>
          </observation>
        </component>
        <component>
          <observation classCode="OBS" moodCode="EVN">
            <templateId root="2.16.840.1.113883.10.20.22.4.2" extension="2015-08-01"/>
            <templateId root="2.16.840.1.113883.10.20.22.4.2"/>
            <id root="162512ef-e812-c683-c140-2e98fa9f2edb"/>
        <code  code="718-7" codeSystem="2.16.840.1.113883.6.1" displayName="Hemoglobin [Mass/volume] in Blood">
          <originalText><reference value="#reports-desc-1"/></originalText>
        </code>
            <text>
              <reference value="#reports-desc-1"/>
            </text>
            <statusCode code="completed"/>
            <effectiveTime value="20240602070136"/>
            <value xsi:type="PQ" value="13.0294736769251" unit="g/dL"/>
          </observation>
        </component>
        <component>
          <observation classCode="OBS" moodCode="EVN">
            <templateId root="2.16.840.1.113883.10.20.22.4.2" extension="2015-08-01"/>
            <templateId root="2.16.840.1.113883.10.20.22.4.2"/>
            <id root="d7c9d389-46d2-ac3d-f1e2-c1795c1386f2"/>
        <code  code="4544-3" codeSystem="2.16.840.1.113883.6.1" displayName="Hematocrit [Volume Fraction] of Blood by Automated count">
          <originalText><reference value="#reports-desc-1"/></originalText>
        </code>
            <text>
              <reference value="#reports-desc-1"/>
            </text>
            <statusCode code="completed"/>
            <effectiveTime value="20240602070136"/>
            <value xsi:type="PQ" value="44.079750599051366" unit="%"/>
          </observation>
        </component>
        <component>
          <observation classCode="OBS" moodCode="EVN">
            <templateId root="2.16.840.1.113883.10.20.22.4.2" extension="2015-08-01"/>
            <templateId root="2.16.840.1.113883.10.20.22.4.2"/>
            <id root="8906a5c5-6d82-7679-e462-07c7c6bcae41"/>
        <code  code="787-2" codeSystem="2.16.840.1.113883.6.1" displayName="MCV [Entitic volume] by Automated count">
          <originalText><reference value="#reports-desc-1"/></originalText>
        </code>
            <text>
              <reference value="#reports-desc-1"/>
            </text>
            <statusCode code="completed"/>
            <effectiveTime value="20240602070136"/>
            <value xsi:type="PQ" value="84.45344700430638" unit="fL"/>
          </observation>
        </component>
        <component>
          <observation classCode="OBS" moodCode="EVN">
            <templateId root="2.16.840.1.113883.10.20.22.4.2" extension="2015-08-01"/>
            <templateId root="2.16.840.1.113883.10.20.22.4.2"/>
            <id root="055b96be-65c9-6e2e-d18d-dc33896976fd"/>
        <code  code="785-6" codeSystem="2.16.840.1.113883.6.1" displayName="MCH [Entitic mass] by Automated count">
          <originalText><reference value="#reports-desc-1"/></originalText>
        </code>
            <text>
              <reference value="#reports-desc-1"/>
            </text>
            <statusCode code="completed"/>
            <effectiveTime value="20240602070136"/>
            <value xsi:type="PQ" value="31.341383987350227" unit="pg"/>
          </observation>
        </component>
        <component>
          <observation classCode="OBS" moodCode="EVN">
            <templateId root="2.16.840.1.113883.10.20.22.4.2" extension="2015-08-01"/>
            <templateId root="2.16.840.1.113883.10.20.22.4.2"/>
            <id root="8d150d08-9115-3032-c5c9-469df445661c"/>
        <code  code="786-4" codeSystem="2.16.840.1.113883.6.1" displayName="MCHC [Mass/volume] by Automated count">
          <originalText><reference value="#reports-desc-1"/></originalText>
        </code>
            <text>
              <reference value="#reports-desc-1"/>
            </text>
            <statusCode code="completed"/>
            <effectiveTime value="20240602070136"/>
            <value xsi:type="PQ" value="33.32710856649436" unit="g/dL"/>
          </observation>
        </component>
        <component>
          <observation classCode="OBS" moodCode="EVN">
            <templateId root="2.16.840.1.113883.10.20.22.4.2" extension="2015-08-01"/>
            <templateId root="2.16.840.1.113883.10.20.22.4.2"/>
            <id root="3f164ae2-9762-11d4-4813-5d99eb0bd9f4"/>
        <code  code="21000-5" codeSystem="2.16.840.1.113883.6.1" displayName="Erythrocyte distribution width [Entitic volume] by Automated count">
          <originalText><reference value="#reports-desc-1"/></originalText>
        </code>
            <text>
              <reference value="#reports-desc-1"/>
            </text>
            <statusCode code="completed"/>
            <effectiveTime value="20240602070136"/>
            <value xsi:type="PQ" value="42.14826089014042" unit="fL"/>
          </observation>
        </component>
        <component>
          <observation classCode="OBS" moodCode="EVN">
            <templateId root="2.16.840.1.113883.10.20.22.4.2" extension="2015-08-01"/>
            <templateId root="2.16.840.1.113883.10.20.22.4.2"/>
            <id root="a54a6e20-9ae9-43b9-7923-c2fe624516d0"/>
        <code  code="777-3" codeSystem="2.16.840.1.113883.6.1" displayName="Platelets [#/volume] in Blood by Automated count">
          <originalText><reference value="#reports-desc-1"/></originalText>
        </code>
            <text>
              <reference value="#reports-desc-1"/>
            </text>
            <statusCode code="completed"/>
            <effectiveTime value="20240602070136"/>
            <value xsi:type="PQ" value="175.5153816486201" unit="10*3/uL"/>
          </observation>
        </component>
        <component>
          <observation classCode="OBS" moodCode="EVN">
            <templateId root="2.16.840.1.113883.10.20.22.4.2" extension="2015-08-01"/>
            <templateId root="2.16.840.1.113883.10.20.22.4.2"/>
            <id root="eb8b878a-4037-a8c2-83c0-aae446dd31ee"/>
        <code  code="32207-3" codeSystem="2.16.840.1.113883.6.1" displayName="Platelet distribution width [Entitic volume] in Blood by Automated count">
          <originalText><reference value="#reports-desc-1"/></originalText>
        </code>
            <text>
              <reference value="#reports-desc-1"/>
            </text>
            <statusCode code="completed"/>
            <effectiveTime value="20240602070136"/>
            <value xsi:type="PQ" value="225.76117133394905" unit="fL"/>
          </observation>
        </component>
        <component>
          <observation classCode="OBS" moodCode="EVN">
            <templateId root="2.16.840.1.113883.10.20.22.4.2" extension="2015-08-01"/>
            <templateId root="2.16.840.1.113883.10.20.22.4.2"/>
            <id root="4b76566b-28d1-68df-7b6e-a1b0722bcf95"/>
        <code  code="32623-1" codeSystem="2.16.840.1.113883.6.1" displayName="Platelet mean volume [Entitic volume] in Blood by Automated count">
          <originalText><reference value="#reports-desc-1"/></originalText>
        </code>
            <text>
              <reference value="#reports-desc-1"/>
            </text>
            <statusCode code="completed"/>
            <effectiveTime value="20240602070136"/>
            <value xsi:type="PQ" value="10.761811649309484" unit="fL"/>
          </observation>
        </component>
      </organizer>
    </entry>
  </section>
</component><component>
  <!--Problems-->
  <section>
    <templateId root="2.16.840.1.113883.10.20.22.2.5.1" extension="2015-08-01"/>
    <!--Problems section template-->
    <code code="11450-4" codeSystem="2.16.840.1.113883.6.1" codeSystemName="LOINC" displayName="Problem list"/>
    <title>Problems</title>
<text>
  <table border="1" width="100%">
    <thead>
      <tr>
        <th>Start</th>
        <th>Stop</th>
        <th>Description</th>
        <th>Code</th>
      </tr>
    </thead>
    <tbody>
        <tr>
          <td>2013-05-19T07:01:36+05:30</td>
          <td>2013-05-19T07:01:36+05:30</td>
          <td ID="conditions-desc-1">Medication review due (situation)</td>
          <td ID="conditions-code-1">http://snomed.info/sct 314529007</td>
        </tr>
        <tr>
          <td>2013-06-23T07:01:36+05:30</td>
          <td>2013-06-23T07:01:36+05:30</td>
          <td ID="conditions-desc-2">Medication review due (situation)</td>
          <td ID="conditions-code-2">http://snomed.info/sct 314529007</td>
        </tr>
        <tr>
          <td>2013-08-25T07:01:36+05:30</td>
          <td>2013-10-27T07:01:36+05:30</td>
          <td ID="conditions-desc-3">Medication review due (situation)</td>
          <td ID="conditions-code-3">http://snomed.info/sct 314529007</td>
        </tr>
        <tr>
          <td>2014-01-26T07:01:36+05:30</td>
          <td>2014-01-26T07:01:36+05:30</td>
          <td ID="conditions-desc-4">Medication review due (situation)</td>
          <td ID="conditions-code-4">http://snomed.info/sct 314529007</td>
        </tr>
        <tr>
          <td>2014-04-27T07:01:36+05:30</td>
          <td>2018-04-29T07:01:36+05:30</td>
          <td ID="conditions-desc-5">Medication review due (situation)</td>
          <td ID="conditions-code-5">http://snomed.info/sct 314529007</td>
        </tr>
        <tr>
          <td>2019-05-05T07:01:36+05:30</td>
          <td>2021-05-16T07:01:36+05:30</td>
          <td ID="conditions-desc-6">Medication review due (situation)</td>
          <td ID="conditions-code-6">http://snomed.info/sct 314529007</td>
        </tr>
        <tr>
          <td>2022-05-22T07:01:36+05:30</td>
          <td>2023-05-28T07:01:36+05:30</td>
          <td ID="conditions-desc-7">Medication review due (situation)</td>
          <td ID="conditions-code-7">http://snomed.info/sct 314529007</td>
        </tr>
        <tr>
          <td>2023-09-15T07:01:36+05:30</td>
          <td></td>
          <td ID="conditions-desc-8">Child attention deficit disorder</td>
          <td ID="conditions-code-8">http://snomed.info/sct 192127007</td>
        </tr>
        <tr>
          <td>2024-06-02T07:01:36+05:30</td>
          <td></td>
          <td ID="conditions-desc-9">Medication review due (situation)</td>
          <td ID="conditions-code-9">http://snomed.info/sct 314529007</td>
        </tr>
    </tbody>
  </table>
</text>
    <entry typeCode="DRIV">
      <act classCode="ACT" moodCode="EVN">
        <templateId root="2.16.840.1.113883.10.20.22.4.3"/>
        <templateId root="2.16.840.1.113883.10.20.22.4.3" extension="2015-08-01"/>
        <!-- Problem act template -->
        <id root="a60fc67a-3585-858a-359b-ec1cfda1c549"/>
        <code nullFlavor="NA"/>
        <statusCode code="completed"/>
        <effectiveTime>
          <low value="20130519070136"/>
          <high value="20130519070136"/>
        </effectiveTime>
        <entryRelationship typeCode="SUBJ" inversionInd="false">
          <observation classCode="OBS" moodCode="EVN">
            <templateId root="2.16.840.1.113883.10.20.22.4.4"/>
            <templateId root="2.16.840.1.113883.10.20.22.4.4" extension="2015-08-01"/>
            <!--Problem observation template - NOT episode template-->
            <id root="b0e1eda2-0de5-ed00-466b-745d29e77dcd"/>
            <code code="64572001" displayName="Condition" codeSystem="2.16.840.1.113883.6.96" codeSystemName="SNOMED-CT">
              <translation code="75323-6" displayName="Condition" codeSystem="2.16.840.1.113883.6.1" codeSystemName="LOINC"/>
            </code>
            <text>
              <reference value="#conditions-desc-1"/>
            </text>
            <statusCode code="completed"/>
            <effectiveTime>
              <low value="20130519070136"/>
              <high value="20130519070136"/>
            </effectiveTime>
            <priorityCode code="8319008" codeSystem="2.16.840.1.113883.6.96" displayName="Principal diagnosis" />
        <value xsi:type="CD" code="314529007" codeSystem="2.16.840.1.113883.6.96" displayName="Medication review due (situation)">
          <originalText><reference value="#conditions-desc-1"/></originalText>
        </value>
          </observation>
        </entryRelationship>
      </act>
    </entry>
    <entry typeCode="DRIV">
      <act classCode="ACT" moodCode="EVN">
        <templateId root="2.16.840.1.113883.10.20.22.4.3"/>
        <templateId root="2.16.840.1.113883.10.20.22.4.3" extension="2015-08-01"/>
        <!-- Problem act template -->
        <id root="3815ff0d-0e59-1a47-09c5-c1555db034af"/>
        <code nullFlavor="NA"/>
        <statusCode code="completed"/>
        <effectiveTime>
          <low value="20130623070136"/>
          <high value="20130623070136"/>
        </effectiveTime>
        <entryRelationship typeCode="SUBJ" inversionInd="false">
          <observation classCode="OBS" moodCode="EVN">
            <templateId root="2.16.840.1.113883.10.20.22.4.4"/>
            <templateId root="2.16.840.1.113883.10.20.22.4.4" extension="2015-08-01"/>
            <!--Problem observation template - NOT episode template-->
            <id root="635c600a-06dd-7702-ed21-102b20e4aea1"/>
            <code code="64572001" displayName="Condition" codeSystem="2.16.840.1.113883.6.96" codeSystemName="SNOMED-CT">
              <translation code="75323-6" displayName="Condition" codeSystem="2.16.840.1.113883.6.1" codeSystemName="LOINC"/>
            </code>
            <text>
              <reference value="#conditions-desc-2"/>
            </text>
            <statusCode code="completed"/>
            <effectiveTime>
              <low value="20130623070136"/>
              <high value="20130623070136"/>
            </effectiveTime>
            <priorityCode code="8319008" codeSystem="2.16.840.1.113883.6.96" displayName="Principal diagnosis" />
        <value xsi:type="CD" code="314529007" codeSystem="2.16.840.1.113883.6.96" displayName="Medication review due (situation)">
          <originalText><reference value="#conditions-desc-2"/></originalText>
        </value>
          </observation>
        </entryRelationship>
      </act>
    </entry>
    <entry typeCode="DRIV">
      <act classCode="ACT" moodCode="EVN">
        <templateId root="2.16.840.1.113883.10.20.22.4.3"/>
        <templateId root="2.16.840.1.113883.10.20.22.4.3" extension="2015-08-01"/>
        <!-- Problem act template -->
        <id root="698846e5-bb65-fda1-86de-952880e5f905"/>
        <code nullFlavor="NA"/>
        <statusCode code="completed"/>
        <effectiveTime>
          <low value="20130825070136"/>
          <high value="20131027070136"/>
        </effectiveTime>
        <entryRelationship typeCode="SUBJ" inversionInd="false">
          <observation classCode="OBS" moodCode="EVN">
            <templateId root="2.16.840.1.113883.10.20.22.4.4"/>
            <templateId root="2.16.840.1.113883.10.20.22.4.4" extension="2015-08-01"/>
            <!--Problem observation template - NOT episode template-->
            <id root="95bc763a-5cdb-e67a-dfee-986ea6d32e6e"/>
            <code code="64572001" displayName="Condition" codeSystem="2.16.840.1.113883.6.96" codeSystemName="SNOMED-CT">
              <translation code="75323-6" displayName="Condition" codeSystem="2.16.840.1.113883.6.1" codeSystemName="LOINC"/>
            </code>
            <text>
              <reference value="#conditions-desc-3"/>
            </text>
            <statusCode code="completed"/>
            <effectiveTime>
              <low value="20130825070136"/>
              <high value="20131027070136"/>
            </effectiveTime>
            <priorityCode code="8319008" codeSystem="2.16.840.1.113883.6.96" displayName="Principal diagnosis" />
        <value xsi:type="CD" code="314529007" codeSystem="2.16.840.1.113883.6.96" displayName="Medication review due (situation)">
          <originalText><reference value="#conditions-desc-3"/></originalText>
        </value>
          </observation>
        </entryRelationship>
      </act>
    </entry>
    <entry typeCode="DRIV">
      <act classCode="ACT" moodCode="EVN">
        <templateId root="2.16.840.1.113883.10.20.22.4.3"/>
        <templateId root="2.16.840.1.113883.10.20.22.4.3" extension="2015-08-01"/>
        <!-- Problem act template -->
        <id root="27c593f8-98ad-3060-81eb-be9e3a620427"/>
        <code nullFlavor="NA"/>
        <statusCode code="completed"/>
        <effectiveTime>
          <low value="20140126070136"/>
          <high value="20140126070136"/>
        </effectiveTime>
        <entryRelationship typeCode="SUBJ" inversionInd="false">
          <observation classCode="OBS" moodCode="EVN">
            <templateId root="2.16.840.1.113883.10.20.22.4.4"/>
            <templateId root="2.16.840.1.113883.10.20.22.4.4" extension="2015-08-01"/>
            <!--Problem observation template - NOT episode template-->
            <id root="4427dd6f-44ad-c198-c634-0332f5a5670b"/>
            <code code="64572001" displayName="Condition" codeSystem="2.16.840.1.113883.6.96" codeSystemName="SNOMED-CT">
              <translation code="75323-6" displayName="Condition" codeSystem="2.16.840.1.113883.6.1" codeSystemName="LOINC"/>
            </code>
            <text>
              <reference value="#conditions-desc-4"/>
            </text>
            <statusCode code="completed"/>
            <effectiveTime>
              <low value="20140126070136"/>
              <high value="20140126070136"/>
            </effectiveTime>
            <priorityCode code="8319008" codeSystem="2.16.840.1.113883.6.96" displayName="Principal diagnosis" />
        <value xsi:type="CD" code="314529007" codeSystem="2.16.840.1.113883.6.96" displayName="Medication review due (situation)">
          <originalText><reference value="#conditions-desc-4"/></originalText>
        </value>
          </observation>
        </entryRelationship>
      </act>
    </entry>
    <entry typeCode="DRIV">
      <act classCode="ACT" moodCode="EVN">
        <templateId root="2.16.840.1.113883.10.20.22.4.3"/>
        <templateId root="2.16.840.1.113883.10.20.22.4.3" extension="2015-08-01"/>
        <!-- Problem act template -->
        <id root="3f96b964-9e39-58ae-4bad-7c1600c98485"/>
        <code nullFlavor="NA"/>
        <statusCode code="completed"/>
        <effectiveTime>
          <low value="20140427070136"/>
          <high value="20180429070136"/>
        </effectiveTime>
        <entryRelationship typeCode="SUBJ" inversionInd="false">
          <observation classCode="OBS" moodCode="EVN">
            <templateId root="2.16.840.1.113883.10.20.22.4.4"/>
            <templateId root="2.16.840.1.113883.10.20.22.4.4" extension="2015-08-01"/>
            <!--Problem observation template - NOT episode template-->
            <id root="6aca60ab-33d0-7307-61f5-30e6c46053cb"/>
            <code code="64572001" displayName="Condition" codeSystem="2.16.840.1.113883.6.96" codeSystemName="SNOMED-CT">
              <translation code="75323-6" displayName="Condition" codeSystem="2.16.840.1.113883.6.1" codeSystemName="LOINC"/>
            </code>
            <text>
              <reference value="#conditions-desc-5"/>
            </text>
            <statusCode code="completed"/>
            <effectiveTime>
              <low value="20140427070136"/>
              <high value="20180429070136"/>
            </effectiveTime>
            <priorityCode code="8319008" codeSystem="2.16.840.1.113883.6.96" displayName="Principal diagnosis" />
        <value xsi:type="CD" code="314529007" codeSystem="2.16.840.1.113883.6.96" displayName="Medication review due (situation)">
          <originalText><reference value="#conditions-desc-5"/></originalText>
        </value>
          </observation>
        </entryRelationship>
      </act>
    </entry>
    <entry typeCode="DRIV">
      <act classCode="ACT" moodCode="EVN">
        <templateId root="2.16.840.1.113883.10.20.22.4.3"/>
        <templateId root="2.16.840.1.113883.10.20.22.4.3" extension="2015-08-01"/>
        <!-- Problem act template -->
        <id root="024a9c5f-d7bb-b708-8589-65cbf93fd2df"/>
        <code nullFlavor="NA"/>
        <statusCode code="completed"/>
        <effectiveTime>
          <low value="20190505070136"/>
          <high value="20210516070136"/>
        </effectiveTime>
        <entryRelationship typeCode="SUBJ" inversionInd="false">
          <observation classCode="OBS" moodCode="EVN">
            <templateId root="2.16.840.1.113883.10.20.22.4.4"/>
            <templateId root="2.16.840.1.113883.10.20.22.4.4" extension="2015-08-01"/>
            <!--Problem observation template - NOT episode template-->
            <id root="d9eaf7cb-5765-ad76-1693-e398b4527a96"/>
            <code code="64572001" displayName="Condition" codeSystem="2.16.840.1.113883.6.96" codeSystemName="SNOMED-CT">
              <translation code="75323-6" displayName="Condition" codeSystem="2.16.840.1.113883.6.1" codeSystemName="LOINC"/>
            </code>
            <text>
              <reference value="#conditions-desc-6"/>
            </text>
            <statusCode code="completed"/>
            <effectiveTime>
              <low value="20190505070136"/>
              <high value="20210516070136"/>
            </effectiveTime>
            <priorityCode code="8319008" codeSystem="2.16.840.1.113883.6.96" displayName="Principal diagnosis" />
        <value xsi:type="CD" code="314529007" codeSystem="2.16.840.1.113883.6.96" displayName="Medication review due (situation)">
          <originalText><reference value="#conditions-desc-6"/></originalText>
        </value>
          </observation>
        </entryRelationship>
      </act>
    </entry>
    <entry typeCode="DRIV">
      <act classCode="ACT" moodCode="EVN">
        <templateId root="2.16.840.1.113883.10.20.22.4.3"/>
        <templateId root="2.16.840.1.113883.10.20.22.4.3" extension="2015-08-01"/>
        <!-- Problem act template -->
        <id root="bbc8dce0-1a3e-d846-b86b-db6671861231"/>
        <code nullFlavor="NA"/>
        <statusCode code="completed"/>
        <effectiveTime>
          <low value="20220522070136"/>
          <high value="20230528070136"/>
        </effectiveTime>
        <entryRelationship typeCode="SUBJ" inversionInd="false">
          <observation classCode="OBS" moodCode="EVN">
            <templateId root="2.16.840.1.113883.10.20.22.4.4"/>
            <templateId root="2.16.840.1.113883.10.20.22.4.4" extension="2015-08-01"/>
            <!--Problem observation template - NOT episode template-->
            <id root="ff5a33d8-42fb-0353-86d5-7561865ed355"/>
            <code code="64572001" displayName="Condition" codeSystem="2.16.840.1.113883.6.96" codeSystemName="SNOMED-CT">
              <translation code="75323-6" displayName="Condition" codeSystem="2.16.840.1.113883.6.1" codeSystemName="LOINC"/>
            </code>
            <text>
              <reference value="#conditions-desc-7"/>
            </text>
            <statusCode code="completed"/>
            <effectiveTime>
              <low value="20220522070136"/>
              <high value="20230528070136"/>
            </effectiveTime>
            <priorityCode code="8319008" codeSystem="2.16.840.1.113883.6.96" displayName="Principal diagnosis" />
        <value xsi:type="CD" code="314529007" codeSystem="2.16.840.1.113883.6.96" displayName="Medication review due (situation)">
          <originalText><reference value="#conditions-desc-7"/></originalText>
        </value>
          </observation>
        </entryRelationship>
      </act>
    </entry>
    <entry typeCode="DRIV">
      <act classCode="ACT" moodCode="EVN">
        <templateId root="2.16.840.1.113883.10.20.22.4.3"/>
        <templateId root="2.16.840.1.113883.10.20.22.4.3" extension="2015-08-01"/>
        <!-- Problem act template -->
        <id root="f2c8009a-0c02-f775-232b-d5f4e3c9a77b"/>
        <code nullFlavor="NA"/>
        <statusCode code="active"/>
        <effectiveTime>
          <low value="20230915070136"/>
          
        </effectiveTime>
        <entryRelationship typeCode="SUBJ" inversionInd="false">
          <observation classCode="OBS" moodCode="EVN">
            <templateId root="2.16.840.1.113883.10.20.22.4.4"/>
            <templateId root="2.16.840.1.113883.10.20.22.4.4" extension="2015-08-01"/>
            <!--Problem observation template - NOT episode template-->
            <id root="eb6a9c9b-cecc-b6d9-79e9-0222b2044193"/>
            <code code="64572001" displayName="Condition" codeSystem="2.16.840.1.113883.6.96" codeSystemName="SNOMED-CT">
              <translation code="75323-6" displayName="Condition" codeSystem="2.16.840.1.113883.6.1" codeSystemName="LOINC"/>
            </code>
            <text>
              <reference value="#conditions-desc-8"/>
            </text>
            <statusCode code="completed"/>
            <effectiveTime>
              <low value="20230915070136"/>
              
            </effectiveTime>
            <priorityCode code="8319008" codeSystem="2.16.840.1.113883.6.96" displayName="Principal diagnosis" />
        <value xsi:type="CD" code="192127007" codeSystem="2.16.840.1.113883.6.96" displayName="Child attention deficit disorder">
          <originalText><reference value="#conditions-desc-8"/></originalText>
        </value>
          </observation>
        </entryRelationship>
      </act>
    </entry>
    <entry typeCode="DRIV">
      <act classCode="ACT" moodCode="EVN">
        <templateId root="2.16.840.1.113883.10.20.22.4.3"/>
        <templateId root="2.16.840.1.113883.10.20.22.4.3" extension="2015-08-01"/>
        <!-- Problem act template -->
        <id root="5f5add76-6d29-c988-459d-e5b213e47364"/>
        <code nullFlavor="NA"/>
        <statusCode code="active"/>
        <effectiveTime>
          <low value="20240602070136"/>
          
        </effectiveTime>
        <entryRelationship typeCode="SUBJ" inversionInd="false">
          <observation classCode="OBS" moodCode="EVN">
            <templateId root="2.16.840.1.113883.10.20.22.4.4"/>
            <templateId root="2.16.840.1.113883.10.20.22.4.4" extension="2015-08-01"/>
            <!--Problem observation template - NOT episode template-->
            <id root="b198d378-4217-064c-3139-f87157308460"/>
            <code code="64572001" displayName="Condition" codeSystem="2.16.840.1.113883.6.96" codeSystemName="SNOMED-CT">
              <translation code="75323-6" displayName="Condition" codeSystem="2.16.840.1.113883.6.1" codeSystemName="LOINC"/>
            </code>
            <text>
              <reference value="#conditions-desc-9"/>
            </text>
            <statusCode code="completed"/>
            <effectiveTime>
              <low value="20240602070136"/>
              
            </effectiveTime>
            <priorityCode code="8319008" codeSystem="2.16.840.1.113883.6.96" displayName="Principal diagnosis" />
        <value xsi:type="CD" code="314529007" codeSystem="2.16.840.1.113883.6.96" displayName="Medication review due (situation)">
          <originalText><reference value="#conditions-desc-9"/></originalText>
        </value>
          </observation>
        </entryRelationship>
      </act>
    </entry>
  </section>
</component>
<component>
  <!--Surgeries-->
  <section>
    <templateId root="2.16.840.1.113883.10.20.22.2.7.1" extension="2014-06-09"/>
    <!--Surgeries section template-->
    <code code="47519-4" codeSystem="2.16.840.1.113883.6.1" codeSystemName="LOINC" displayName="List of surgeries"/>
    <title>Surgeries</title>
<text>
  <table border="1" width="100%">
    <thead>
      <tr>
        <th>Start</th>
        <th>Stop</th>
        <th>Description</th>
        <th>Code</th>
      </tr>
    </thead>
    <tbody>
        <tr>
          <td>2023-10-23T07:01:36+05:30</td>
          <td>2023-10-23T08:01:36+05:30</td>
          <td ID="procedures-desc-1">Cognitive and behavioral therapy (regime/therapy)</td>
          <td ID="procedures-code-1">http://snomed.info/sct 228557008</td>
        </tr>
        <tr>
          <td>2023-12-03T08:01:36+05:30</td>
          <td>2023-12-03T09:01:36+05:30</td>
          <td ID="procedures-desc-2">Cognitive and behavioral therapy (regime/therapy)</td>
          <td ID="procedures-code-2">http://snomed.info/sct 228557008</td>
        </tr>
        <tr>
          <td>2024-01-11T09:01:36+05:30</td>
          <td>2024-01-11T10:01:36+05:30</td>
          <td ID="procedures-desc-3">Cognitive and behavioral therapy (regime/therapy)</td>
          <td ID="procedures-code-3">http://snomed.info/sct 228557008</td>
        </tr>
        <tr>
          <td>2024-02-11T10:01:36+05:30</td>
          <td>2024-02-11T11:01:36+05:30</td>
          <td ID="procedures-desc-4">Cognitive and behavioral therapy (regime/therapy)</td>
          <td ID="procedures-code-4">http://snomed.info/sct 228557008</td>
        </tr>
        <tr>
          <td>2024-03-19T11:01:36+05:30</td>
          <td>2024-03-19T12:01:36+05:30</td>
          <td ID="procedures-desc-5">Cognitive and behavioral therapy (regime/therapy)</td>
          <td ID="procedures-code-5">http://snomed.info/sct 228557008</td>
        </tr>
        <tr>
          <td>2024-04-26T12:01:36+05:30</td>
          <td>2024-04-26T13:01:36+05:30</td>
          <td ID="procedures-desc-6">Cognitive and behavioral therapy (regime/therapy)</td>
          <td ID="procedures-code-6">http://snomed.info/sct 228557008</td>
        </tr>
        <tr>
          <td>2024-06-06T13:01:36+05:30</td>
          <td>2024-06-06T14:01:36+05:30</td>
          <td ID="procedures-desc-7">Cognitive and behavioral therapy (regime/therapy)</td>
          <td ID="procedures-code-7">http://snomed.info/sct 228557008</td>
        </tr>
        <tr>
          <td>2024-07-13T14:01:36+05:30</td>
          <td>2024-07-13T15:01:36+05:30</td>
          <td ID="procedures-desc-8">Cognitive and behavioral therapy (regime/therapy)</td>
          <td ID="procedures-code-8">http://snomed.info/sct 228557008</td>
        </tr>
        <tr>
          <td>2024-08-16T15:01:36+05:30</td>
          <td>2024-08-16T16:01:36+05:30</td>
          <td ID="procedures-desc-9">Cognitive and behavioral therapy (regime/therapy)</td>
          <td ID="procedures-code-9">http://snomed.info/sct 228557008</td>
        </tr>
        <tr>
          <td>2024-09-25T16:01:36+05:30</td>
          <td>2024-09-25T17:01:36+05:30</td>
          <td ID="procedures-desc-10">Cognitive and behavioral therapy (regime/therapy)</td>
          <td ID="procedures-code-10">http://snomed.info/sct 228557008</td>
        </tr>
        <tr>
          <td>2024-11-05T17:01:36+05:30</td>
          <td>2024-11-05T18:01:36+05:30</td>
          <td ID="procedures-desc-11">Cognitive and behavioral therapy (regime/therapy)</td>
          <td ID="procedures-code-11">http://snomed.info/sct 228557008</td>
        </tr>
        <tr>
          <td>2024-12-09T18:01:36+05:30</td>
          <td>2024-12-09T19:01:36+05:30</td>
          <td ID="procedures-desc-12">Cognitive and behavioral therapy (regime/therapy)</td>
          <td ID="procedures-code-12">http://snomed.info/sct 228557008</td>
        </tr>
        <tr>
          <td>2025-01-18T19:01:36+05:30</td>
          <td>2025-01-18T20:01:36+05:30</td>
          <td ID="procedures-desc-13">Cognitive and behavioral therapy (regime/therapy)</td>
          <td ID="procedures-code-13">http://snomed.info/sct 228557008</td>
        </tr>
        <tr>
          <td>2025-02-22T20:01:36+05:30</td>
          <td>2025-02-22T21:01:36+05:30</td>
          <td ID="procedures-desc-14">Cognitive and behavioral therapy (regime/therapy)</td>
          <td ID="procedures-code-14">http://snomed.info/sct 228557008</td>
        </tr>
        <tr>
          <td>2025-03-24T21:01:36+05:30</td>
          <td>2025-03-24T22:01:36+05:30</td>
          <td ID="procedures-desc-15">Cognitive and behavioral therapy (regime/therapy)</td>
          <td ID="procedures-code-15">http://snomed.info/sct 228557008</td>
        </tr>
        <tr>
          <td>2025-04-24T22:01:36+05:30</td>
          <td>2025-04-24T23:01:36+05:30</td>
          <td ID="procedures-desc-16">Cognitive and behavioral therapy (regime/therapy)</td>
          <td ID="procedures-code-16">http://snomed.info/sct 228557008</td>
        </tr>
        <tr>
          <td>2025-05-28T23:01:36+05:30</td>
          <td>2025-05-29T00:01:36+05:30</td>
          <td ID="procedures-desc-17">Cognitive and behavioral therapy (regime/therapy)</td>
          <td ID="procedures-code-17">http://snomed.info/sct 228557008</td>
        </tr>
    </tbody>
  </table>
</text>
    <entry typeCode="DRIV">
      <procedure classCode="PROC" moodCode="EVN">
        <templateId root="2.16.840.1.113883.10.20.22.4.14"/>
        <!-- Procedure activity template -->
        <id root="8c92bb77-9b9e-8d67-7c11-855d775eef37"/>
        <code  code="228557008" codeSystem="2.16.840.1.113883.6.96" displayName="Cognitive and behavioral therapy (regime/therapy)">
          <originalText><reference value="#procedures-desc-1"/></originalText>
        </code>
        <text>
          <reference value="#procedures-desc-1"/>
        </text>
        <statusCode code="completed"/>
        <effectiveTime value="20231023070136"/>
      </procedure>
    </entry>
    <entry typeCode="DRIV">
      <procedure classCode="PROC" moodCode="EVN">
        <templateId root="2.16.840.1.113883.10.20.22.4.14"/>
        <!-- Procedure activity template -->
        <id root="5c217a71-8e93-5a2f-f0e9-4b302165a3d7"/>
        <code  code="228557008" codeSystem="2.16.840.1.113883.6.96" displayName="Cognitive and behavioral therapy (regime/therapy)">
          <originalText><reference value="#procedures-desc-2"/></originalText>
        </code>
        <text>
          <reference value="#procedures-desc-2"/>
        </text>
        <statusCode code="completed"/>
        <effectiveTime value="20231203080136"/>
      </procedure>
    </entry>
    <entry typeCode="DRIV">
      <procedure classCode="PROC" moodCode="EVN">
        <templateId root="2.16.840.1.113883.10.20.22.4.14"/>
        <!-- Procedure activity template -->
        <id root="c101c7cf-71f6-7488-003e-37f38ff67ec0"/>
        <code  code="228557008" codeSystem="2.16.840.1.113883.6.96" displayName="Cognitive and behavioral therapy (regime/therapy)">
          <originalText><reference value="#procedures-desc-3"/></originalText>
        </code>
        <text>
          <reference value="#procedures-desc-3"/>
        </text>
        <statusCode code="completed"/>
        <effectiveTime value="20240111090136"/>
      </procedure>
    </entry>
    <entry typeCode="DRIV">
      <procedure classCode="PROC" moodCode="EVN">
        <templateId root="2.16.840.1.113883.10.20.22.4.14"/>
        <!-- Procedure activity template -->
        <id root="f6db7a75-1b3f-7474-3c08-1106bb851c71"/>
        <code  code="228557008" codeSystem="2.16.840.1.113883.6.96" displayName="Cognitive and behavioral therapy (regime/therapy)">
          <originalText><reference value="#procedures-desc-4"/></originalText>
        </code>
        <text>
          <reference value="#procedures-desc-4"/>
        </text>
        <statusCode code="completed"/>
        <effectiveTime value="20240211100136"/>
      </procedure>
    </entry>
    <entry typeCode="DRIV">
      <procedure classCode="PROC" moodCode="EVN">
        <templateId root="2.16.840.1.113883.10.20.22.4.14"/>
        <!-- Procedure activity template -->
        <id root="c92cf51c-0fb0-4598-494b-87b46979d585"/>
        <code  code="228557008" codeSystem="2.16.840.1.113883.6.96" displayName="Cognitive and behavioral therapy (regime/therapy)">
          <originalText><reference value="#procedures-desc-5"/></originalText>
        </code>
        <text>
          <reference value="#procedures-desc-5"/>
        </text>
        <statusCode code="completed"/>
        <effectiveTime value="20240319110136"/>
      </procedure>
    </entry>
    <entry typeCode="DRIV">
      <procedure classCode="PROC" moodCode="EVN">
        <templateId root="2.16.840.1.113883.10.20.22.4.14"/>
        <!-- Procedure activity template -->
        <id root="610f9ab2-c4af-cc78-a52e-7fa750e22dcc"/>
        <code  code="228557008" codeSystem="2.16.840.1.113883.6.96" displayName="Cognitive and behavioral therapy (regime/therapy)">
          <originalText><reference value="#procedures-desc-6"/></originalText>
        </code>
        <text>
          <reference value="#procedures-desc-6"/>
        </text>
        <statusCode code="completed"/>
        <effectiveTime value="20240426120136"/>
      </procedure>
    </entry>
    <entry typeCode="DRIV">
      <procedure classCode="PROC" moodCode="EVN">
        <templateId root="2.16.840.1.113883.10.20.22.4.14"/>
        <!-- Procedure activity template -->
        <id root="aafd8eeb-c632-393e-979b-641a2d38baf3"/>
        <code  code="228557008" codeSystem="2.16.840.1.113883.6.96" displayName="Cognitive and behavioral therapy (regime/therapy)">
          <originalText><reference value="#procedures-desc-7"/></originalText>
        </code>
        <text>
          <reference value="#procedures-desc-7"/>
        </text>
        <statusCode code="completed"/>
        <effectiveTime value="20240606130136"/>
      </procedure>
    </entry>
    <entry typeCode="DRIV">
      <procedure classCode="PROC" moodCode="EVN">
        <templateId root="2.16.840.1.113883.10.20.22.4.14"/>
        <!-- Procedure activity template -->
        <id root="df516208-5529-c668-34f8-2d9c146ebaf3"/>
        <code  code="228557008" codeSystem="2.16.840.1.113883.6.96" displayName="Cognitive and behavioral therapy (regime/therapy)">
          <originalText><reference value="#procedures-desc-8"/></originalText>
        </code>
        <text>
          <reference value="#procedures-desc-8"/>
        </text>
        <statusCode code="completed"/>
        <effectiveTime value="20240713140136"/>
      </procedure>
    </entry>
    <entry typeCode="DRIV">
      <procedure classCode="PROC" moodCode="EVN">
        <templateId root="2.16.840.1.113883.10.20.22.4.14"/>
        <!-- Procedure activity template -->
        <id root="3eec9495-bff7-543c-2000-04e3f1b6b522"/>
        <code  code="228557008" codeSystem="2.16.840.1.113883.6.96" displayName="Cognitive and behavioral therapy (regime/therapy)">
          <originalText><reference value="#procedures-desc-9"/></originalText>
        </code>
        <text>
          <reference value="#procedures-desc-9"/>
        </text>
        <statusCode code="completed"/>
        <effectiveTime value="20240816150136"/>
      </procedure>
    </entry>
    <entry typeCode="DRIV">
      <procedure classCode="PROC" moodCode="EVN">
        <templateId root="2.16.840.1.113883.10.20.22.4.14"/>
        <!-- Procedure activity template -->
        <id root="0ffe43c6-6444-3be0-3bee-f18eb356ed01"/>
        <code  code="228557008" codeSystem="2.16.840.1.113883.6.96" displayName="Cognitive and behavioral therapy (regime/therapy)">
          <originalText><reference value="#procedures-desc-10"/></originalText>
        </code>
        <text>
          <reference value="#procedures-desc-10"/>
        </text>
        <statusCode code="completed"/>
        <effectiveTime value="20240925160136"/>
      </procedure>
    </entry>
    <entry typeCode="DRIV">
      <procedure classCode="PROC" moodCode="EVN">
        <templateId root="2.16.840.1.113883.10.20.22.4.14"/>
        <!-- Procedure activity template -->
        <id root="a034e5dd-d15b-97c1-24ab-828207dfef99"/>
        <code  code="228557008" codeSystem="2.16.840.1.113883.6.96" displayName="Cognitive and behavioral therapy (regime/therapy)">
          <originalText><reference value="#procedures-desc-11"/></originalText>
        </code>
        <text>
          <reference value="#procedures-desc-11"/>
        </text>
        <statusCode code="completed"/>
        <effectiveTime value="20241105170136"/>
      </procedure>
    </entry>
    <entry typeCode="DRIV">
      <procedure classCode="PROC" moodCode="EVN">
        <templateId root="2.16.840.1.113883.10.20.22.4.14"/>
        <!-- Procedure activity template -->
        <id root="dca30cda-8378-2a8e-3233-6a469d6ecc3e"/>
        <code  code="228557008" codeSystem="2.16.840.1.113883.6.96" displayName="Cognitive and behavioral therapy (regime/therapy)">
          <originalText><reference value="#procedures-desc-12"/></originalText>
        </code>
        <text>
          <reference value="#procedures-desc-12"/>
        </text>
        <statusCode code="completed"/>
        <effectiveTime value="20241209180136"/>
      </procedure>
    </entry>
    <entry typeCode="DRIV">
      <procedure classCode="PROC" moodCode="EVN">
        <templateId root="2.16.840.1.113883.10.20.22.4.14"/>
        <!-- Procedure activity template -->
        <id root="cf301522-8323-5a64-734a-7b9582fbae1c"/>
        <code  code="228557008" codeSystem="2.16.840.1.113883.6.96" displayName="Cognitive and behavioral therapy (regime/therapy)">
          <originalText><reference value="#procedures-desc-13"/></originalText>
        </code>
        <text>
          <reference value="#procedures-desc-13"/>
        </text>
        <statusCode code="completed"/>
        <effectiveTime value="20250118190136"/>
      </procedure>
    </entry>
    <entry typeCode="DRIV">
      <procedure classCode="PROC" moodCode="EVN">
        <templateId root="2.16.840.1.113883.10.20.22.4.14"/>
        <!-- Procedure activity template -->
        <id root="c04522c7-e90b-29c0-54f6-e729ec226f22"/>
        <code  code="228557008" codeSystem="2.16.840.1.113883.6.96" displayName="Cognitive and behavioral therapy (regime/therapy)">
          <originalText><reference value="#procedures-desc-14"/></originalText>
        </code>
        <text>
          <reference value="#procedures-desc-14"/>
        </text>
        <statusCode code="completed"/>
        <effectiveTime value="20250222200136"/>
      </procedure>
    </entry>
    <entry typeCode="DRIV">
      <procedure classCode="PROC" moodCode="EVN">
        <templateId root="2.16.840.1.113883.10.20.22.4.14"/>
        <!-- Procedure activity template -->
        <id root="7fbdd03b-4a90-8453-b31d-5464dbb9eca8"/>
        <code  code="228557008" codeSystem="2.16.840.1.113883.6.96" displayName="Cognitive and behavioral therapy (regime/therapy)">
          <originalText><reference value="#procedures-desc-15"/></originalText>
        </code>
        <text>
          <reference value="#procedures-desc-15"/>
        </text>
        <statusCode code="completed"/>
        <effectiveTime value="20250324210136"/>
      </procedure>
    </entry>
    <entry typeCode="DRIV">
      <procedure classCode="PROC" moodCode="EVN">
        <templateId root="2.16.840.1.113883.10.20.22.4.14"/>
        <!-- Procedure activity template -->
        <id root="b2151543-5c6a-88e6-8129-91dd8a1dbeed"/>
        <code  code="228557008" codeSystem="2.16.840.1.113883.6.96" displayName="Cognitive and behavioral therapy (regime/therapy)">
          <originalText><reference value="#procedures-desc-16"/></originalText>
        </code>
        <text>
          <reference value="#procedures-desc-16"/>
        </text>
        <statusCode code="completed"/>
        <effectiveTime value="20250424220136"/>
      </procedure>
    </entry>
    <entry typeCode="DRIV">
      <procedure classCode="PROC" moodCode="EVN">
        <templateId root="2.16.840.1.113883.10.20.22.4.14"/>
        <!-- Procedure activity template -->
        <id root="a9a6f751-1ffc-22bd-a42c-c1f09ed653d4"/>
        <code  code="228557008" codeSystem="2.16.840.1.113883.6.96" displayName="Cognitive and behavioral therapy (regime/therapy)">
          <originalText><reference value="#procedures-desc-17"/></originalText>
        </code>
        <text>
          <reference value="#procedures-desc-17"/>
        </text>
        <statusCode code="completed"/>
        <effectiveTime value="20250528230136"/>
      </procedure>
    </entry>
  </section>
</component>
<component>
  <!--Encounters-->
  <section>
    <templateId root="2.16.840.1.113883.10.20.22.2.22" extension="2015-08-01"/> <!-- CCDA Template id -->
    <!--Encounters section template-->
    <code code="46240-8" codeSystem="2.16.840.1.113883.6.1" codeSystemName="LOINC" displayName="History of encounters"/>
    <title>Encounters</title>
<text>
  <table border="1" width="100%">
    <thead>
      <tr>
        <th>Start</th>
        <th>Stop</th>
        <th>Description</th>
        <th>Code</th>
      </tr>
    </thead>
    <tbody>
        <tr>
          <td>2013-05-19T07:01:36+05:30</td>
          <td>2013-05-19T07:16:36+05:30</td>
          <td ID="encounters-desc-1">Well child visit (procedure)</td>
          <td ID="encounters-code-1">http://snomed.info/sct 410620009</td>
        </tr>
        <tr>
          <td>2013-06-23T07:01:36+05:30</td>
          <td>2013-06-23T07:16:36+05:30</td>
          <td ID="encounters-desc-2">Well child visit (procedure)</td>
          <td ID="encounters-code-2">http://snomed.info/sct 410620009</td>
        </tr>
        <tr>
          <td>2013-08-25T07:01:36+05:30</td>
          <td>2013-08-25T07:16:36+05:30</td>
          <td ID="encounters-desc-3">Well child visit (procedure)</td>
          <td ID="encounters-code-3">http://snomed.info/sct 410620009</td>
        </tr>
        <tr>
          <td>2014-01-26T07:01:36+05:30</td>
          <td>2014-01-26T07:16:36+05:30</td>
          <td ID="encounters-desc-4">Well child visit (procedure)</td>
          <td ID="encounters-code-4">http://snomed.info/sct 410620009</td>
        </tr>
        <tr>
          <td>2014-04-27T07:01:36+05:30</td>
          <td>2014-04-27T07:16:36+05:30</td>
          <td ID="encounters-desc-5">Well child visit (procedure)</td>
          <td ID="encounters-code-5">http://snomed.info/sct 410620009</td>
        </tr>
        <tr>
          <td>2019-05-05T07:01:36+05:30</td>
          <td>2019-05-05T07:16:36+05:30</td>
          <td ID="encounters-desc-6">Well child visit (procedure)</td>
          <td ID="encounters-code-6">http://snomed.info/sct 410620009</td>
        </tr>
        <tr>
          <td>2022-05-22T07:01:36+05:30</td>
          <td>2022-05-22T07:16:36+05:30</td>
          <td ID="encounters-desc-7">Well child visit (procedure)</td>
          <td ID="encounters-code-7">http://snomed.info/sct 410620009</td>
        </tr>
        <tr>
          <td>2023-09-15T07:01:36+05:30</td>
          <td>2023-09-15T07:16:36+05:30</td>
          <td ID="encounters-desc-8">Encounter for problem</td>
          <td ID="encounters-code-8">http://snomed.info/sct 185347001</td>
        </tr>
        <tr>
          <td>2023-10-23T07:01:36+05:30</td>
          <td>2023-10-23T08:01:36+05:30</td>
          <td ID="encounters-desc-9">Encounter for problem</td>
          <td ID="encounters-code-9">http://snomed.info/sct 185347001</td>
        </tr>
        <tr>
          <td>2023-12-03T08:01:36+05:30</td>
          <td>2023-12-03T09:01:36+05:30</td>
          <td ID="encounters-desc-10">Encounter for problem</td>
          <td ID="encounters-code-10">http://snomed.info/sct 185347001</td>
        </tr>
        <tr>
          <td>2024-01-11T09:01:36+05:30</td>
          <td>2024-01-11T10:01:36+05:30</td>
          <td ID="encounters-desc-11">Encounter for problem</td>
          <td ID="encounters-code-11">http://snomed.info/sct 185347001</td>
        </tr>
        <tr>
          <td>2024-02-11T10:01:36+05:30</td>
          <td>2024-02-11T11:01:36+05:30</td>
          <td ID="encounters-desc-12">Encounter for problem</td>
          <td ID="encounters-code-12">http://snomed.info/sct 185347001</td>
        </tr>
        <tr>
          <td>2024-03-19T11:01:36+05:30</td>
          <td>2024-03-19T12:01:36+05:30</td>
          <td ID="encounters-desc-13">Encounter for problem</td>
          <td ID="encounters-code-13">http://snomed.info/sct 185347001</td>
        </tr>
        <tr>
          <td>2024-04-26T12:01:36+05:30</td>
          <td>2024-04-26T13:01:36+05:30</td>
          <td ID="encounters-desc-14">Encounter for problem</td>
          <td ID="encounters-code-14">http://snomed.info/sct 185347001</td>
        </tr>
        <tr>
          <td>2024-06-02T07:01:36+05:30</td>
          <td>2024-06-02T07:16:36+05:30</td>
          <td ID="encounters-desc-15">Well child visit (procedure)</td>
          <td ID="encounters-code-15">http://snomed.info/sct 410620009</td>
        </tr>
        <tr>
          <td>2024-06-06T13:01:36+05:30</td>
          <td>2024-06-06T14:01:36+05:30</td>
          <td ID="encounters-desc-16">Encounter for problem</td>
          <td ID="encounters-code-16">http://snomed.info/sct 185347001</td>
        </tr>
        <tr>
          <td>2024-07-13T14:01:36+05:30</td>
          <td>2024-07-13T15:01:36+05:30</td>
          <td ID="encounters-desc-17">Encounter for problem</td>
          <td ID="encounters-code-17">http://snomed.info/sct 185347001</td>
        </tr>
        <tr>
          <td>2024-08-16T15:01:36+05:30</td>
          <td>2024-08-16T16:01:36+05:30</td>
          <td ID="encounters-desc-18">Encounter for problem</td>
          <td ID="encounters-code-18">http://snomed.info/sct 185347001</td>
        </tr>
        <tr>
          <td>2024-09-25T16:01:36+05:30</td>
          <td>2024-09-25T17:01:36+05:30</td>
          <td ID="encounters-desc-19">Encounter for problem</td>
          <td ID="encounters-code-19">http://snomed.info/sct 185347001</td>
        </tr>
        <tr>
          <td>2024-11-05T17:01:36+05:30</td>
          <td>2024-11-05T18:01:36+05:30</td>
          <td ID="encounters-desc-20">Encounter for problem</td>
          <td ID="encounters-code-20">http://snomed.info/sct 185347001</td>
        </tr>
        <tr>
          <td>2024-12-09T18:01:36+05:30</td>
          <td>2024-12-09T19:01:36+05:30</td>
          <td ID="encounters-desc-21">Encounter for problem</td>
          <td ID="encounters-code-21">http://snomed.info/sct 185347001</td>
        </tr>
        <tr>
          <td>2025-01-18T19:01:36+05:30</td>
          <td>2025-01-18T20:01:36+05:30</td>
          <td ID="encounters-desc-22">Encounter for problem</td>
          <td ID="encounters-code-22">http://snomed.info/sct 185347001</td>
        </tr>
        <tr>
          <td>2025-02-22T20:01:36+05:30</td>
          <td>2025-02-22T21:01:36+05:30</td>
          <td ID="encounters-desc-23">Encounter for problem</td>
          <td ID="encounters-code-23">http://snomed.info/sct 185347001</td>
        </tr>
        <tr>
          <td>2025-03-24T21:01:36+05:30</td>
          <td>2025-03-24T22:01:36+05:30</td>
          <td ID="encounters-desc-24">Encounter for problem</td>
          <td ID="encounters-code-24">http://snomed.info/sct 185347001</td>
        </tr>
        <tr>
          <td>2025-04-24T22:01:36+05:30</td>
          <td>2025-04-24T23:01:36+05:30</td>
          <td ID="encounters-desc-25">Encounter for problem</td>
          <td ID="encounters-code-25">http://snomed.info/sct 185347001</td>
        </tr>
        <tr>
          <td>2025-05-28T23:01:36+05:30</td>
          <td>2025-05-29T00:01:36+05:30</td>
          <td ID="encounters-desc-26">Encounter for problem</td>
          <td ID="encounters-code-26">http://snomed.info/sct 185347001</td>
        </tr>
    </tbody>
  </table>
</text>
    <entry typeCode="DRIV">
      <encounter classCode="ENC" moodCode="EVN">
		    <templateId root="2.16.840.1.113883.10.20.22.4.49"/>
        <!-- Encounter activity template -->
        <id root="7db20078-cdc0-2115-303b-2f17c1cf5920"/>
        <code  code="410620009" codeSystem="2.16.840.1.113883.6.96" displayName="Well child visit (procedure)">
          <originalText><reference value="#encounters-desc-1"/></originalText>
        </code>
        <text>
          <reference value="#encounters-desc-1"/>
        </text>
        <effectiveTime>
          <low value="20130519070136"/>
          <high value="20130519071636"/>
        </effectiveTime>
      </encounter>
    </entry>
    <entry typeCode="DRIV">
      <encounter classCode="ENC" moodCode="EVN">
		    <templateId root="2.16.840.1.113883.10.20.22.4.49"/>
        <!-- Encounter activity template -->
        <id root="f282cbe2-7568-9535-c480-e3e042eaf5c1"/>
        <code  code="410620009" codeSystem="2.16.840.1.113883.6.96" displayName="Well child visit (procedure)">
          <originalText><reference value="#encounters-desc-2"/></originalText>
        </code>
        <text>
          <reference value="#encounters-desc-2"/>
        </text>
        <effectiveTime>
          <low value="20130623070136"/>
          <high value="20130623071636"/>
        </effectiveTime>
      </encounter>
    </entry>
    <entry typeCode="DRIV">
      <encounter classCode="ENC" moodCode="EVN">
		    <templateId root="2.16.840.1.113883.10.20.22.4.49"/>
        <!-- Encounter activity template -->
        <id root="396f568e-82c7-80b6-f6a2-9b508f6d79cd"/>
        <code  code="410620009" codeSystem="2.16.840.1.113883.6.96" displayName="Well child visit (procedure)">
          <originalText><reference value="#encounters-desc-3"/></originalText>
        </code>
        <text>
          <reference value="#encounters-desc-3"/>
        </text>
        <effectiveTime>
          <low value="20130825070136"/>
          <high value="20130825071636"/>
        </effectiveTime>
      </encounter>
    </entry>
    <entry typeCode="DRIV">
      <encounter classCode="ENC" moodCode="EVN">
		    <templateId root="2.16.840.1.113883.10.20.22.4.49"/>
        <!-- Encounter activity template -->
        <id root="3382f1d6-5472-dd66-889f-fbf9c7a1f2e5"/>
        <code  code="410620009" codeSystem="2.16.840.1.113883.6.96" displayName="Well child visit (procedure)">
          <originalText><reference value="#encounters-desc-4"/></originalText>
        </code>
        <text>
          <reference value="#encounters-desc-4"/>
        </text>
        <effectiveTime>
          <low value="20140126070136"/>
          <high value="20140126071636"/>
        </effectiveTime>
      </encounter>
    </entry>
    <entry typeCode="DRIV">
      <encounter classCode="ENC" moodCode="EVN">
		    <templateId root="2.16.840.1.113883.10.20.22.4.49"/>
        <!-- Encounter activity template -->
        <id root="48ef1550-d220-9647-179e-172777aa5785"/>
        <code  code="410620009" codeSystem="2.16.840.1.113883.6.96" displayName="Well child visit (procedure)">
          <originalText><reference value="#encounters-desc-5"/></originalText>
        </code>
        <text>
          <reference value="#encounters-desc-5"/>
        </text>
        <effectiveTime>
          <low value="20140427070136"/>
          <high value="20140427071636"/>
        </effectiveTime>
      </encounter>
    </entry>
    <entry typeCode="DRIV">
      <encounter classCode="ENC" moodCode="EVN">
		    <templateId root="2.16.840.1.113883.10.20.22.4.49"/>
        <!-- Encounter activity template -->
        <id root="740f109a-b8d0-2a2c-7f70-9b9d02dc6a8c"/>
        <code  code="410620009" codeSystem="2.16.840.1.113883.6.96" displayName="Well child visit (procedure)">
          <originalText><reference value="#encounters-desc-6"/></originalText>
        </code>
        <text>
          <reference value="#encounters-desc-6"/>
        </text>
        <effectiveTime>
          <low value="20190505070136"/>
          <high value="20190505071636"/>
        </effectiveTime>
      </encounter>
    </entry>
    <entry typeCode="DRIV">
      <encounter classCode="ENC" moodCode="EVN">
		    <templateId root="2.16.840.1.113883.10.20.22.4.49"/>
        <!-- Encounter activity template -->
        <id root="d55ed503-7152-dd3d-74a7-0f84e4d900f9"/>
        <code  code="410620009" codeSystem="2.16.840.1.113883.6.96" displayName="Well child visit (procedure)">
          <originalText><reference value="#encounters-desc-7"/></originalText>
        </code>
        <text>
          <reference value="#encounters-desc-7"/>
        </text>
        <effectiveTime>
          <low value="20220522070136"/>
          <high value="20220522071636"/>
        </effectiveTime>
      </encounter>
    </entry>
    <entry typeCode="DRIV">
      <encounter classCode="ENC" moodCode="EVN">
		    <templateId root="2.16.840.1.113883.10.20.22.4.49"/>
        <!-- Encounter activity template -->
        <id root="f5197b83-35aa-b8b7-9b22-896d9ae231c1"/>
        <code  code="185347001" codeSystem="2.16.840.1.113883.6.96" displayName="Encounter for problem">
          <originalText><reference value="#encounters-desc-8"/></originalText>
        </code>
        <text>
          <reference value="#encounters-desc-8"/>
        </text>
        <effectiveTime>
          <low value="20230915070136"/>
          <high value="20230915071636"/>
        </effectiveTime>
      </encounter>
    </entry>
    <entry typeCode="DRIV">
      <encounter classCode="ENC" moodCode="EVN">
		    <templateId root="2.16.840.1.113883.10.20.22.4.49"/>
        <!-- Encounter activity template -->
        <id root="14618098-c369-42a8-c47a-f962383e7c47"/>
        <code  code="185347001" codeSystem="2.16.840.1.113883.6.96" displayName="Encounter for problem">
          <originalText><reference value="#encounters-desc-9"/></originalText>
        </code>
        <text>
          <reference value="#encounters-desc-9"/>
        </text>
        <effectiveTime>
          <low value="20231023070136"/>
          <high value="20231023080136"/>
        </effectiveTime>
      </encounter>
    </entry>
    <entry typeCode="DRIV">
      <encounter classCode="ENC" moodCode="EVN">
		    <templateId root="2.16.840.1.113883.10.20.22.4.49"/>
        <!-- Encounter activity template -->
        <id root="fc3276a8-13d2-87c7-e7a6-fac1c3b76cd8"/>
        <code  code="185347001" codeSystem="2.16.840.1.113883.6.96" displayName="Encounter for problem">
          <originalText><reference value="#encounters-desc-10"/></originalText>
        </code>
        <text>
          <reference value="#encounters-desc-10"/>
        </text>
        <effectiveTime>
          <low value="20231203080136"/>
          <high value="20231203090136"/>
        </effectiveTime>
      </encounter>
    </entry>
    <entry typeCode="DRIV">
      <encounter classCode="ENC" moodCode="EVN">
		    <templateId root="2.16.840.1.113883.10.20.22.4.49"/>
        <!-- Encounter activity template -->
        <id root="d8527943-6d22-468a-e793-61d721d57365"/>
        <code  code="185347001" codeSystem="2.16.840.1.113883.6.96" displayName="Encounter for problem">
          <originalText><reference value="#encounters-desc-11"/></originalText>
        </code>
        <text>
          <reference value="#encounters-desc-11"/>
        </text>
        <effectiveTime>
          <low value="20240111090136"/>
          <high value="20240111100136"/>
        </effectiveTime>
      </encounter>
    </entry>
    <entry typeCode="DRIV">
      <encounter classCode="ENC" moodCode="EVN">
		    <templateId root="2.16.840.1.113883.10.20.22.4.49"/>
        <!-- Encounter activity template -->
        <id root="a728f023-8ce8-793d-49aa-6b220ca0b699"/>
        <code  code="185347001" codeSystem="2.16.840.1.113883.6.96" displayName="Encounter for problem">
          <originalText><reference value="#encounters-desc-12"/></originalText>
        </code>
        <text>
          <reference value="#encounters-desc-12"/>
        </text>
        <effectiveTime>
          <low value="20240211100136"/>
          <high value="20240211110136"/>
        </effectiveTime>
      </encounter>
    </entry>
    <entry typeCode="DRIV">
      <encounter classCode="ENC" moodCode="EVN">
		    <templateId root="2.16.840.1.113883.10.20.22.4.49"/>
        <!-- Encounter activity template -->
        <id root="84e24c51-393f-5761-ce1e-bd04c834ce77"/>
        <code  code="185347001" codeSystem="2.16.840.1.113883.6.96" displayName="Encounter for problem">
          <originalText><reference value="#encounters-desc-13"/></originalText>
        </code>
        <text>
          <reference value="#encounters-desc-13"/>
        </text>
        <effectiveTime>
          <low value="20240319110136"/>
          <high value="20240319120136"/>
        </effectiveTime>
      </encounter>
    </entry>
    <entry typeCode="DRIV">
      <encounter classCode="ENC" moodCode="EVN">
		    <templateId root="2.16.840.1.113883.10.20.22.4.49"/>
        <!-- Encounter activity template -->
        <id root="1a6a5c84-7ca4-602b-9a26-e7acdf0ef0c4"/>
        <code  code="185347001" codeSystem="2.16.840.1.113883.6.96" displayName="Encounter for problem">
          <originalText><reference value="#encounters-desc-14"/></originalText>
        </code>
        <text>
          <reference value="#encounters-desc-14"/>
        </text>
        <effectiveTime>
          <low value="20240426120136"/>
          <high value="20240426130136"/>
        </effectiveTime>
      </encounter>
    </entry>
    <entry typeCode="DRIV">
      <encounter classCode="ENC" moodCode="EVN">
		    <templateId root="2.16.840.1.113883.10.20.22.4.49"/>
        <!-- Encounter activity template -->
        <id root="eac9cd73-1bb1-228d-bb6a-9a1a138a5aeb"/>
        <code  code="410620009" codeSystem="2.16.840.1.113883.6.96" displayName="Well child visit (procedure)">
          <originalText><reference value="#encounters-desc-15"/></originalText>
        </code>
        <text>
          <reference value="#encounters-desc-15"/>
        </text>
        <effectiveTime>
          <low value="20240602070136"/>
          <high value="20240602071636"/>
        </effectiveTime>
      </encounter>
    </entry>
    <entry typeCode="DRIV">
      <encounter classCode="ENC" moodCode="EVN">
		    <templateId root="2.16.840.1.113883.10.20.22.4.49"/>
        <!-- Encounter activity template -->
        <id root="246b909f-c38b-2328-577e-886365fda61e"/>
        <code  code="185347001" codeSystem="2.16.840.1.113883.6.96" displayName="Encounter for problem">
          <originalText><reference value="#encounters-desc-16"/></originalText>
        </code>
        <text>
          <reference value="#encounters-desc-16"/>
        </text>
        <effectiveTime>
          <low value="20240606130136"/>
          <high value="20240606140136"/>
        </effectiveTime>
      </encounter>
    </entry>
    <entry typeCode="DRIV">
      <encounter classCode="ENC" moodCode="EVN">
		    <templateId root="2.16.840.1.113883.10.20.22.4.49"/>
        <!-- Encounter activity template -->
        <id root="ca3657f4-f456-7c47-44b1-d718f60b033d"/>
        <code  code="185347001" codeSystem="2.16.840.1.113883.6.96" displayName="Encounter for problem">
          <originalText><reference value="#encounters-desc-17"/></originalText>
        </code>
        <text>
          <reference value="#encounters-desc-17"/>
        </text>
        <effectiveTime>
          <low value="20240713140136"/>
          <high value="20240713150136"/>
        </effectiveTime>
      </encounter>
    </entry>
    <entry typeCode="DRIV">
      <encounter classCode="ENC" moodCode="EVN">
		    <templateId root="2.16.840.1.113883.10.20.22.4.49"/>
        <!-- Encounter activity template -->
        <id root="3e6fcace-154a-0830-8b43-3e1b87f6729d"/>
        <code  code="185347001" codeSystem="2.16.840.1.113883.6.96" displayName="Encounter for problem">
          <originalText><reference value="#encounters-desc-18"/></originalText>
        </code>
        <text>
          <reference value="#encounters-desc-18"/>
        </text>
        <effectiveTime>
          <low value="20240816150136"/>
          <high value="20240816160136"/>
        </effectiveTime>
      </encounter>
    </entry>
    <entry typeCode="DRIV">
      <encounter classCode="ENC" moodCode="EVN">
		    <templateId root="2.16.840.1.113883.10.20.22.4.49"/>
        <!-- Encounter activity template -->
        <id root="47d4d20e-73f0-22f1-69b6-dbba1d52da59"/>
        <code  code="185347001" codeSystem="2.16.840.1.113883.6.96" displayName="Encounter for problem">
          <originalText><reference value="#encounters-desc-19"/></originalText>
        </code>
        <text>
          <reference value="#encounters-desc-19"/>
        </text>
        <effectiveTime>
          <low value="20240925160136"/>
          <high value="20240925170136"/>
        </effectiveTime>
      </encounter>
    </entry>
    <entry typeCode="DRIV">
      <encounter classCode="ENC" moodCode="EVN">
		    <templateId root="2.16.840.1.113883.10.20.22.4.49"/>
        <!-- Encounter activity template -->
        <id root="a0116474-50a2-1228-1fa1-a6d7d82026f2"/>
        <code  code="185347001" codeSystem="2.16.840.1.113883.6.96" displayName="Encounter for problem">
          <originalText><reference value="#encounters-desc-20"/></originalText>
        </code>
        <text>
          <reference value="#encounters-desc-20"/>
        </text>
        <effectiveTime>
          <low value="20241105170136"/>
          <high value="20241105180136"/>
        </effectiveTime>
      </encounter>
    </entry>
    <entry typeCode="DRIV">
      <encounter classCode="ENC" moodCode="EVN">
		    <templateId root="2.16.840.1.113883.10.20.22.4.49"/>
        <!-- Encounter activity template -->
        <id root="e778ab9d-efa5-da00-e5ef-0ecb00be3277"/>
        <code  code="185347001" codeSystem="2.16.840.1.113883.6.96" displayName="Encounter for problem">
          <originalText><reference value="#encounters-desc-21"/></originalText>
        </code>
        <text>
          <reference value="#encounters-desc-21"/>
        </text>
        <effectiveTime>
          <low value="20241209180136"/>
          <high value="20241209190136"/>
        </effectiveTime>
      </encounter>
    </entry>
    <entry typeCode="DRIV">
      <encounter classCode="ENC" moodCode="EVN">
		    <templateId root="2.16.840.1.113883.10.20.22.4.49"/>
        <!-- Encounter activity template -->
        <id root="899891ec-61d9-55d0-58cf-e75b8519d3a8"/>
        <code  code="185347001" codeSystem="2.16.840.1.113883.6.96" displayName="Encounter for problem">
          <originalText><reference value="#encounters-desc-22"/></originalText>
        </code>
        <text>
          <reference value="#encounters-desc-22"/>
        </text>
        <effectiveTime>
          <low value="20250118190136"/>
          <high value="20250118200136"/>
        </effectiveTime>
      </encounter>
    </entry>
    <entry typeCode="DRIV">
      <encounter classCode="ENC" moodCode="EVN">
		    <templateId root="2.16.840.1.113883.10.20.22.4.49"/>
        <!-- Encounter activity template -->
        <id root="f0cfec88-65ad-e925-0444-7e259a088ad1"/>
        <code  code="185347001" codeSystem="2.16.840.1.113883.6.96" displayName="Encounter for problem">
          <originalText><reference value="#encounters-desc-23"/></originalText>
        </code>
        <text>
          <reference value="#encounters-desc-23"/>
        </text>
        <effectiveTime>
          <low value="20250222200136"/>
          <high value="20250222210136"/>
        </effectiveTime>
      </encounter>
    </entry>
    <entry typeCode="DRIV">
      <encounter classCode="ENC" moodCode="EVN">
		    <templateId root="2.16.840.1.113883.10.20.22.4.49"/>
        <!-- Encounter activity template -->
        <id root="bb28a07c-6519-6f17-7bd7-5e8609d9ab63"/>
        <code  code="185347001" codeSystem="2.16.840.1.113883.6.96" displayName="Encounter for problem">
          <originalText><reference value="#encounters-desc-24"/></originalText>
        </code>
        <text>
          <reference value="#encounters-desc-24"/>
        </text>
        <effectiveTime>
          <low value="20250324210136"/>
          <high value="20250324220136"/>
        </effectiveTime>
      </encounter>
    </entry>
    <entry typeCode="DRIV">
      <encounter classCode="ENC" moodCode="EVN">
		    <templateId root="2.16.840.1.113883.10.20.22.4.49"/>
        <!-- Encounter activity template -->
        <id root="6b89a14d-d062-39bd-d7e1-4f0aa13d23bb"/>
        <code  code="185347001" codeSystem="2.16.840.1.113883.6.96" displayName="Encounter for problem">
          <originalText><reference value="#encounters-desc-25"/></originalText>
        </code>
        <text>
          <reference value="#encounters-desc-25"/>
        </text>
        <effectiveTime>
          <low value="20250424220136"/>
          <high value="20250424230136"/>
        </effectiveTime>
      </encounter>
    </entry>
    <entry typeCode="DRIV">
      <encounter classCode="ENC" moodCode="EVN">
		    <templateId root="2.16.840.1.113883.10.20.22.4.49"/>
        <!-- Encounter activity template -->
        <id root="34cf4a12-4213-c598-3ccd-0b10a63898e5"/>
        <code  code="185347001" codeSystem="2.16.840.1.113883.6.96" displayName="Encounter for problem">
          <originalText><reference value="#encounters-desc-26"/></originalText>
        </code>
        <text>
          <reference value="#encounters-desc-26"/>
        </text>
        <effectiveTime>
          <low value="20250528230136"/>
          <high value="20250529000136"/>
        </effectiveTime>
      </encounter>
    </entry>
  </section>
</component>
<component>
  <!--Vital Signs-->
  <section>
    <templateId root="2.16.840.1.113883.10.20.22.2.4.1" extension="2015-08-01"/>
    <!--Vital Signs section template-->
    <code code="8716-3" codeSystem="2.16.840.1.113883.6.1" codeSystemName="LOINC" displayName="Vital signs"/>
    <title>Vital Signs</title>
<text>
  <table border="1" width="100%">
    <thead>
      <tr>
        <th>Start</th>
        <th>Stop</th>
        <th>Description</th>
        <th>Code</th>
        <th>Value</th>
      </tr>
    </thead>
    <tbody>
        <tr>
          <td>2024-06-02T07:01:36+05:30</td>
          <td></td>
          <td ID="observations-desc-1">Body Height</td>
          <td ID="observations-code-1">http://loinc.org 8302-2</td>
          <td>158.5 cm</td>
        </tr>
        <tr>
          <td>2024-06-02T07:01:36+05:30</td>
          <td></td>
          <td ID="observations-desc-2">Pain severity - 0-10 verbal numeric rating [Score] - Reported</td>
          <td ID="observations-code-2">http://loinc.org 72514-3</td>
          <td>1 {score}</td>
        </tr>
        <tr>
          <td>2024-06-02T07:01:36+05:30</td>
          <td></td>
          <td ID="observations-desc-3">Body Weight</td>
          <td ID="observations-code-3">http://loinc.org 29463-7</td>
          <td>51.8 kg</td>
        </tr>
        <tr>
          <td>2024-06-02T07:01:36+05:30</td>
          <td></td>
          <td ID="observations-desc-4">Body mass index (BMI) [Ratio]</td>
          <td ID="observations-code-4">http://loinc.org 39156-5</td>
          <td>20.61 kg/m2</td>
        </tr>
        <tr>
          <td>2024-06-02T07:01:36+05:30</td>
          <td></td>
          <td ID="observations-desc-5">Body mass index (BMI) [Percentile] Per age and sex</td>
          <td ID="observations-code-5">http://loinc.org 59576-9</td>
          <td>87.25157359875719 %</td>
        </tr>
        <tr>
          <td>2024-06-02T07:01:36+05:30</td>
          <td></td>
          <td ID="observations-desc-6">Heart rate</td>
          <td ID="observations-code-6">http://loinc.org 8867-4</td>
          <td>98 /min</td>
        </tr>
        <tr>
          <td>2024-06-02T07:01:36+05:30</td>
          <td></td>
          <td ID="observations-desc-7">Respiratory rate</td>
          <td ID="observations-code-7">http://loinc.org 9279-1</td>
          <td>13 /min</td>
        </tr>
    </tbody>
  </table>
</text>
    <entry typeCode="DRIV">
      <organizer classCode="CLUSTER" moodCode="EVN">
        <templateId root="2.16.840.1.113883.10.20.22.4.26"/>
        <templateId root="2.16.840.1.113883.10.20.22.4.26" extension="2015-08-01"/>
        <!-- Vital signs organizer template -->
        <id root="c1128f75-0579-7883-9526-45cccb77c079"/>
        <code code="46680005" codeSystem="2.16.840.1.113883.6.96" displayName="Vital signs" codeSystemName="SNOMED CT">
          <translation code="74728-7" displayName="Vital signs, weight, height, head circumference, oximetry, BMI, and BSA panel" codeSystem="2.16.840.1.113883.6.1" codeSystemName="LOINC" />
        </code>
        <statusCode code="completed"/>
        <effectiveTime value="20250608070136"/>
        <component>
          <observation classCode="OBS" moodCode="EVN">
            <templateId root="2.16.840.1.113883.10.20.22.4.27"/>
            <templateId root="2.16.840.1.113883.10.20.22.4.27" extension="2014-06-09"/>
            <!-- Result observation template -->
            <id root="ab585d08-e9b3-c0b9-f33b-1d88ce4bb051"/>
        <code  code="8302-2" codeSystem="2.16.840.1.113883.6.1" displayName="Body Height">
          <originalText><reference value="#observations-desc-1"/></originalText>
        </code>
            <text>
              <reference value="#observations-desc-1"/>
            </text>
            <statusCode code="completed"/>
            <effectiveTime value="20240602070136"/>
            <value xsi:type="PQ" value="158.5" unit="cm"/>
          </observation>
        </component>
        <component>
          <observation classCode="OBS" moodCode="EVN">
            <templateId root="2.16.840.1.113883.10.20.22.4.27"/>
            <templateId root="2.16.840.1.113883.10.20.22.4.27" extension="2014-06-09"/>
            <!-- Result observation template -->
            <id root="2e58f0b5-bf44-9168-e0ad-72a215fb9672"/>
        <code  code="72514-3" codeSystem="2.16.840.1.113883.6.1" displayName="Pain severity - 0-10 verbal numeric rating [Score] - Reported">
          <originalText><reference value="#observations-desc-2"/></originalText>
        </code>
            <text>
              <reference value="#observations-desc-2"/>
            </text>
            <statusCode code="completed"/>
            <effectiveTime value="20240602070136"/>
            <value xsi:type="PQ" value="1" unit="{score}"/>
          </observation>
        </component>
        <component>
          <observation classCode="OBS" moodCode="EVN">
            <templateId root="2.16.840.1.113883.10.20.22.4.27"/>
            <templateId root="2.16.840.1.113883.10.20.22.4.27" extension="2014-06-09"/>
            <!-- Result observation template -->
            <id root="a9cb385f-df3a-6d0c-bbfc-239338256aee"/>
        <code  code="29463-7" codeSystem="2.16.840.1.113883.6.1" displayName="Body Weight">
          <originalText><reference value="#observations-desc-3"/></originalText>
        </code>
            <text>
              <reference value="#observations-desc-3"/>
            </text>
            <statusCode code="completed"/>
            <effectiveTime value="20240602070136"/>
            <value xsi:type="PQ" value="51.8" unit="kg"/>
          </observation>
        </component>
        <component>
          <observation classCode="OBS" moodCode="EVN">
            <templateId root="2.16.840.1.113883.10.20.22.4.27"/>
            <templateId root="2.16.840.1.113883.10.20.22.4.27" extension="2014-06-09"/>
            <!-- Result observation template -->
            <id root="af3ce8a0-b4ed-d6b6-fb75-98aa2abe46b5"/>
        <code  code="39156-5" codeSystem="2.16.840.1.113883.6.1" displayName="Body mass index (BMI) [Ratio]">
          <originalText><reference value="#observations-desc-4"/></originalText>
        </code>
            <text>
              <reference value="#observations-desc-4"/>
            </text>
            <statusCode code="completed"/>
            <effectiveTime value="20240602070136"/>
            <value xsi:type="PQ" value="20.61" unit="kg/m2"/>
          </observation>
        </component>
        <component>
          <observation classCode="OBS" moodCode="EVN">
            <templateId root="2.16.840.1.113883.10.20.22.4.27"/>
            <templateId root="2.16.840.1.113883.10.20.22.4.27" extension="2014-06-09"/>
            <!-- Result observation template -->
            <id root="259a3cdb-defd-8b8b-ff87-8c5267e6ca26"/>
        <code  code="59576-9" codeSystem="2.16.840.1.113883.6.1" displayName="Body mass index (BMI) [Percentile] Per age and sex">
          <originalText><reference value="#observations-desc-5"/></originalText>
        </code>
            <text>
              <reference value="#observations-desc-5"/>
            </text>
            <statusCode code="completed"/>
            <effectiveTime value="20240602070136"/>
            <value xsi:type="PQ" value="87.25157359875719" unit="%"/>
          </observation>
        </component>
        <component>
          <observation classCode="OBS" moodCode="EVN">
            <templateId root="2.16.840.1.113883.10.20.22.4.27"/>
            <templateId root="2.16.840.1.113883.10.20.22.4.27" extension="2014-06-09"/>
            <!-- Result observation template -->
            <id root="b2a395af-7982-2aaa-73fc-47626bb83d4d"/>
        <code  code="8867-4" codeSystem="2.16.840.1.113883.6.1" displayName="Heart rate">
          <originalText><reference value="#observations-desc-6"/></originalText>
        </code>
            <text>
              <reference value="#observations-desc-6"/>
            </text>
            <statusCode code="completed"/>
            <effectiveTime value="20240602070136"/>
            <value xsi:type="PQ" value="98" unit="/min"/>
          </observation>
        </component>
        <component>
          <observation classCode="OBS" moodCode="EVN">
            <templateId root="2.16.840.1.113883.10.20.22.4.27"/>
            <templateId root="2.16.840.1.113883.10.20.22.4.27" extension="2014-06-09"/>
            <!-- Result observation template -->
            <id root="10a8eaad-0cf8-3601-e9e7-66cd7898547d"/>
        <code  code="9279-1" codeSystem="2.16.840.1.113883.6.1" displayName="Respiratory rate">
          <originalText><reference value="#observations-desc-7"/></originalText>
        </code>
            <text>
              <reference value="#observations-desc-7"/>
            </text>
            <statusCode code="completed"/>
            <effectiveTime value="20240602070136"/>
            <value xsi:type="PQ" value="13" unit="/min"/>
          </observation>
        </component>
      </organizer>
    </entry>
  </section>
</component>
<component>
  <!--Immunizations-->
  <section>
    <templateId root="2.16.840.1.113883.10.20.22.2.2" extension="2015-08-01"/>
    <!--Immunizations section template-->
    <code code="11369-6" codeSystem="2.16.840.1.113883.6.1" codeSystemName="LOINC" displayName="History of immunizations"/>
    <title>Immunizations</title>
<text>
  <table border="1" width="100%">
    <thead>
      <tr>
        <th>Start</th>
        <th>Stop</th>
        <th>Description</th>
        <th>Code</th>
      </tr>
    </thead>
    <tbody>
        <tr>
          <td>2024-06-02T07:01:36+05:30</td>
          <td></td>
          <td ID="immunizations-desc-1">Tdap</td>
          <td ID="immunizations-code-1">http://hl7.org/fhir/sid/cvx 115</td>
        </tr>
        <tr>
          <td>2024-06-02T07:01:36+05:30</td>
          <td></td>
          <td ID="immunizations-desc-2">Influenza, seasonal, injectable, preservative free</td>
          <td ID="immunizations-code-2">http://hl7.org/fhir/sid/cvx 140</td>
        </tr>
        <tr>
          <td>2024-06-02T07:01:36+05:30</td>
          <td></td>
          <td ID="immunizations-desc-3">HPV, quadrivalent</td>
          <td ID="immunizations-code-3">http://hl7.org/fhir/sid/cvx 62</td>
        </tr>
        <tr>
          <td>2024-06-02T07:01:36+05:30</td>
          <td></td>
          <td ID="immunizations-desc-4">meningococcal MCV4P</td>
          <td ID="immunizations-code-4">http://hl7.org/fhir/sid/cvx 114</td>
        </tr>
    </tbody>
  </table>
</text>
    <entry typeCode="DRIV">
      <substanceAdministration classCode="SBADM" moodCode="EVN" negationInd="false">
        <templateId root="2.16.840.1.113883.10.20.22.4.52"/>
        <!-- Medication activity template -->
        <id root="1182e4da-c258-cbba-cec0-8829265c461e"/>
        <code code='IMMUNIZ' codeSystem='2.16.840.1.113883.5.4' codeSystemName='ActCode'/>
        <text>
          <reference value="#immunizations-desc-1"/>
        </text>
        <statusCode code="completed"/>
        <effectiveTime value="20240602070136"/>
        <doseQuantity nullFlavor="UNK"/>
        <consumable>
          <manufacturedProduct classCode="MANU">
            <templateId root="2.16.840.1.113883.10.20.22.4.54"/>
            <!-- Product template -->
            <manufacturedMaterial>
        <code  code="115" codeSystem="2.16.840.1.113883.12.292" displayName="Tdap">
          <originalText><reference value="#immunizations-desc-1"/></originalText>
        </code>
              <name>Tdap</name>
            </manufacturedMaterial>
          </manufacturedProduct>
        </consumable>
      </substanceAdministration>
    </entry>
    <entry typeCode="DRIV">
      <substanceAdministration classCode="SBADM" moodCode="EVN" negationInd="false">
        <templateId root="2.16.840.1.113883.10.20.22.4.52"/>
        <!-- Medication activity template -->
        <id root="a3e2f492-8392-9e5c-5d0c-32b5904fde29"/>
        <code code='IMMUNIZ' codeSystem='2.16.840.1.113883.5.4' codeSystemName='ActCode'/>
        <text>
          <reference value="#immunizations-desc-2"/>
        </text>
        <statusCode code="completed"/>
        <effectiveTime value="20240602070136"/>
        <doseQuantity nullFlavor="UNK"/>
        <consumable>
          <manufacturedProduct classCode="MANU">
            <templateId root="2.16.840.1.113883.10.20.22.4.54"/>
            <!-- Product template -->
            <manufacturedMaterial>
        <code  code="140" codeSystem="2.16.840.1.113883.12.292" displayName="Influenza, seasonal, injectable, preservative free">
          <originalText><reference value="#immunizations-desc-2"/></originalText>
        </code>
              <name>Influenza, seasonal, injectable, preservative free</name>
            </manufacturedMaterial>
          </manufacturedProduct>
        </consumable>
      </substanceAdministration>
    </entry>
    <entry typeCode="DRIV">
      <substanceAdministration classCode="SBADM" moodCode="EVN" negationInd="false">
        <templateId root="2.16.840.1.113883.10.20.22.4.52"/>
        <!-- Medication activity template -->
        <id root="97952285-5f2a-8e6b-85f9-c21c8e4ca789"/>
        <code code='IMMUNIZ' codeSystem='2.16.840.1.113883.5.4' codeSystemName='ActCode'/>
        <text>
          <reference value="#immunizations-desc-3"/>
        </text>
        <statusCode code="completed"/>
        <effectiveTime value="20240602070136"/>
        <doseQuantity nullFlavor="UNK"/>
        <consumable>
          <manufacturedProduct classCode="MANU">
            <templateId root="2.16.840.1.113883.10.20.22.4.54"/>
            <!-- Product template -->
            <manufacturedMaterial>
        <code  code="62" codeSystem="2.16.840.1.113883.12.292" displayName="HPV, quadrivalent">
          <originalText><reference value="#immunizations-desc-3"/></originalText>
        </code>
              <name>HPV, quadrivalent</name>
            </manufacturedMaterial>
          </manufacturedProduct>
        </consumable>
      </substanceAdministration>
    </entry>
    <entry typeCode="DRIV">
      <substanceAdministration classCode="SBADM" moodCode="EVN" negationInd="false">
        <templateId root="2.16.840.1.113883.10.20.22.4.52"/>
        <!-- Medication activity template -->
        <id root="59b2a343-4ac5-9c0e-8108-f48cdfb6b1e4"/>
        <code code='IMMUNIZ' codeSystem='2.16.840.1.113883.5.4' codeSystemName='ActCode'/>
        <text>
          <reference value="#immunizations-desc-4"/>
        </text>
        <statusCode code="completed"/>
        <effectiveTime value="20240602070136"/>
        <doseQuantity nullFlavor="UNK"/>
        <consumable>
          <manufacturedProduct classCode="MANU">
            <templateId root="2.16.840.1.113883.10.20.22.4.54"/>
            <!-- Product template -->
            <manufacturedMaterial>
        <code  code="114" codeSystem="2.16.840.1.113883.12.292" displayName="meningococcal MCV4P">
          <originalText><reference value="#immunizations-desc-4"/></originalText>
        </code>
              <name>meningococcal MCV4P</name>
            </manufacturedMaterial>
          </manufacturedProduct>
        </consumable>
      </substanceAdministration>
    </entry>
  </section>
</component>
<component>
  <!--Plan of Care-->
  <section>
    <templateId root="2.16.840.1.113883.10.20.22.2.10"/>
    <templateId root="2.16.840.1.113883.10.20.22.2.10" extension="2014-06-09"/>
    <!--Plan of Care section template-->
    <code code="18776-5" codeSystem="2.16.840.1.113883.6.1" codeSystemName="LOINC" displayName="Treatment plan"/>
    <title>Plan of Care</title>
<text>
  <table border="1" width="100%">
    <thead>
      <tr>
        <th>Start</th>
        <th>Stop</th>
        <th>Description</th>
        <th>Code</th>
      </tr>
    </thead>
    <tbody>
        <tr>
          <td>2023-09-15T07:01:36+05:30</td>
          <td></td>
          <td ID="careplans-desc-1">Overactivity/inattention behavior management</td>
          <td ID="careplans-code-1">http://snomed.info/sct 386522008</td>
        </tr>
    </tbody>
  </table>
</text>
  </section>
</component>
<component>
  <!--Social History - CCDA-->
  <section>
    <templateId root="2.16.840.1.113883.10.20.22.2.17" extension="2015-08-01"/>
    <templateId root="2.16.840.1.113883.10.20.22.2.17"/>
    <!-- Social history section template -->
    <code code="29762-2" codeSystem="2.16.840.1.113883.6.1"/>
    <title>Social History</title>
    <text>There is no current social history except smoking status.</text>
    <entry typeCode="DRIV">
      <observation classCode="OBS" moodCode="EVN">
        <templateId root="2.16.840.1.113883.10.20.22.4.78"/>
        <templateId root="2.16.840.1.113883.10.20.22.4.78" extension="2014-06-09"/>
        <!-- Smoking Status Meaningful Use template -->
        <id root="a77460eb-9cdc-c352-5252-8c3ea2bb466b"/>
        <code code="72166-2" codeSystem="2.16.840.1.113883.6.1" displayName="Tobacco smoking status NHIS" />
        <statusCode code="completed"/>
        <effectiveTime value="20240602070136"/>
        <value xsi:type="CD" code="266919005" displayName="Never smoked tobacco (finding)" codeSystem="2.16.840.1.113883.6.96"/>
          <author>
            <time value="20250608070136"/>
            <assignedAuthor>
              <id nullFlavor="NA"/>
              <addr nullFlavor="NA" />
              <telecom nullFlavor="NA" />
              <assignedAuthoringDevice>
                <manufacturerModelName>https://github.com/synthetichealth/synthea</manufacturerModelName>
                <softwareName>https://github.com/synthetichealth/synthea</softwareName>
              </assignedAuthoringDevice>
              <representedOrganization>
                <id nullFlavor="NA"/>
                <name>LEOMINSTER COMUNITY HEALTH CENTER</name>
                <telecom nullFlavor="NA"/>
                <addr>
                  <streetAddressLine>14 MANNING AVENUE</streetAddressLine>
                  <city>LEOMINSTER</city>
                  <state>MA</state>
                  <postalCode>014535768</postalCode>
                </addr>
              </representedOrganization>
            </assignedAuthor>
          </author>
      </observation>
    </entry>
  </section>
</component>    </structuredBody>
  </component>
</ClinicalDocument>
