<?xml version="1.0" encoding="UTF-8"?>
<ClinicalDocument xmlns="urn:hl7-org:v3" xmlns:sdtc="urn:hl7-org:sdtc" xmlns:xsi="http://www.w3.org/2001/XMLSchema-instance" xsi:schemaLocation="urn:hl7-org:v3 http://xreg2.nist.gov:8080/hitspValidation/schema/cdar2c32/infrastructure/cda/C32_CDA.xsd">
  <realmCode code="US"/>
  <typeId root="2.16.840.1.113883.1.3" extension="POCD_HD000040"/>
  <templateId root="2.16.840.1.113883.10.20.22.1.1" extension="2015-08-01"/>
  <templateId root="2.16.840.1.113883.10.20.22.1.2" extension="2015-08-01"/>
  <id root="2.16.840.1.113883.19.5" extension="0998f5d3-a19b-0d81-b581-7ef073fefc67" assigningAuthorityName="https://github.com/synthetichealth/synthea"/>
  <code code="34133-9" displayName="Summarization of episode note" codeSystem="2.16.840.1.113883.6.1" codeSystemName="LOINC"/>
  <title>C-CDA R2.1 Patient Record: Hubert238 Johns824</title>
  <effectiveTime value="20250607035009"/>
  <confidentialityCode code="N"/>
  <languageCode code="en-US"/>
  <recordTarget>
    <patientRole>
      <id root="2.16.840.1.113883.19.5" extension="0998f5d3-a19b-0d81-b581-7ef073fefc67" assigningAuthorityName="https://github.com/synthetichealth/synthea"/>
      <addr use="HP">
        <streetAddressLine>1025 Moen Highlands</streetAddressLine>
        <city>Norton</city>
        <state>Massachusetts</state>
        <postalCode>00000</postalCode>
      </addr>
      <telecom nullFlavor="NI"/>
      <patient>
        <name>
          <given>Hubert238</given>
          <family>Johns824</family>
        </name>
        <administrativeGenderCode code="M" codeSystem="2.16.840.1.113883.5.1" codeSystemName="HL7 AdministrativeGender"/>
        <birthTime value="20080726035009"/>
        <raceCode code="2106-3" displayName="white" codeSystemName="CDC Race and Ethnicity" codeSystem="2.16.840.1.113883.6.238"/>
        <ethnicGroupCode code="2186-5" displayName="non-hispanic" codeSystemName="CDC Race and Ethnicity" codeSystem="2.16.840.1.113883.6.238"/>
        <languageCommunication>
          <languageCode code="en-US"/>
        </languageCommunication>
      </patient>
    </patientRole>
  </recordTarget>
  <author>
    <time value="20250607035009"/>
    <assignedAuthor>
      <id nullFlavor="NA"/>
      <addr nullFlavor="NA" />
      <telecom nullFlavor="NA" />
      <assignedAuthoringDevice>
        <manufacturerModelName>https://github.com/synthetichealth/synthea</manufacturerModelName>
        <softwareName>https://github.com/synthetichealth/synthea</softwareName>
      </assignedAuthoringDevice>
      <representedOrganization>
        <id nullFlavor="NA"/>
        <name>NORTON HEALTH CARE PC</name>
        <telecom nullFlavor="NA"/>
        <addr>
          <streetAddressLine>85 E MAIN ST STE A</streetAddressLine>
          <city>NORTON</city>
          <state>MA</state>
          <postalCode>027662307</postalCode>
        </addr>
      </representedOrganization>
    </assignedAuthor>
  </author>
  <custodian>
    <assignedCustodian>
      <representedCustodianOrganization>
        <id nullFlavor="NA"/>
        <name>NORTON HEALTH CARE PC</name>
        <telecom nullFlavor="NA"/>
        <addr>
          <streetAddressLine>85 E MAIN ST STE A</streetAddressLine>
          <city>NORTON</city>
          <state>MA</state>
          <postalCode>027662307</postalCode>
        </addr>
      </representedCustodianOrganization>
    </assignedCustodian>
  </custodian>
  <documentationOf>
    <serviceEvent classCode="PCPR">
      <effectiveTime>
        <low value="20080726035009"/>
        <high value="20250607035009"/>
      </effectiveTime>
    </serviceEvent>
  </documentationOf>
  <component>
    <structuredBody>
<component>
  <!-- Allergies: patient has no allergies -->
  <section nullFlavor="NI">
    <templateId root="2.16.840.1.113883.10.20.22.2.6.1" extension="2015-08-01"/>
    <code code="48765-2" codeSystem="2.16.840.1.113883.6.1" codeSystemName="LOINC" displayName="Allergy List"/>
    <title>Allergies</title>                
    <text>There are no current allergies at the time of this document's creation.</text>
  </section>
</component><component>
  <!-- Medications: patient has no medications -->
  <section nullFlavor="NI">
		<templateId root="2.16.840.1.113883.10.20.22.2.1.1" extension="2014-06-09"/>
    <code code="10160-0" codeSystem="2.16.840.1.113883.6.1" codeSystemName="LOINC" displayName="History of medication use"/>
    <title>Medications</title>
    <text>There are no current medications at the time of this document's creation.</text>
  </section>
</component><component>
  <!--Diagnostic Results-->
  <section>
    <templateId root="2.16.840.1.113883.10.20.22.2.3.1" extension="2015-08-01"/>
    <templateId root="2.16.840.1.113883.10.20.22.2.3.1"/>
    <!--Diagnostic Results section template-->
    <code code="30954-2" codeSystem="2.16.840.1.113883.6.1" codeSystemName="LOINC" displayName="Results"/>
    <title>Diagnostic Results</title>
<text>
  <table border="1" width="100%">
    <thead>
      <tr>
        <th>Start</th>
        <th>Stop</th>
        <th>Description</th>
        <th>Code</th>
      </tr>
    </thead>
    <tbody>
        <tr>
          <td>2023-09-02T04:23:10+05:30</td>
          <td></td>
          <td ID="reports-desc-1">Patient Health Questionnaire-9: Modified for Teens [Reported.PHQ.Teen]</td>
          <td ID="reports-code-1">http://loinc.org 89206-7</td>
        </tr>
        <tr>
          <td>2024-09-07T03:50:09+05:30</td>
          <td></td>
          <td ID="reports-desc-2">CBC panel - Blood by Automated count</td>
          <td ID="reports-code-2">http://loinc.org 58410-2</td>
        </tr>
        <tr>
          <td>2024-09-07T04:19:01+05:30</td>
          <td></td>
          <td ID="reports-desc-3">Generalized anxiety disorder 7 item (GAD-7)</td>
          <td ID="reports-code-3">http://loinc.org 69737-5</td>
        </tr>
        <tr>
          <td>2024-09-07T04:52:54+05:30</td>
          <td></td>
          <td ID="reports-desc-4">Patient Health Questionnaire-9: Modified for Teens [Reported.PHQ.Teen]</td>
          <td ID="reports-code-4">http://loinc.org 89206-7</td>
        </tr>
    </tbody>
  </table>
</text>
    <entry typeCode="DRIV">
      <organizer classCode="BATTERY" moodCode="EVN">
        <templateId root="2.16.840.1.113883.10.20.22.4.1" extension="2015-08-01"/>
        <templateId root="2.16.840.1.113883.10.20.22.4.1"/>
        <!--Result organizer template -->
        <id root="a06031e7-0076-b9b5-2c75-be2fe835b220"/>
        <code code="89206-7" codeSystem="2.16.840.1.113883.6.1" codeSystemName="LOINC" displayName="Patient Health Questionnaire-9: Modified for Teens [Reported.PHQ.Teen]"/>
        <statusCode code="completed"/>
        <effectiveTime>
          <low value="20230902042310"/>
          <high value="20230902042310"/>
        </effectiveTime>
        <component>
          <observation classCode="OBS" moodCode="EVN">
            <templateId root="2.16.840.1.113883.10.20.22.4.2" extension="2015-08-01"/>
            <templateId root="2.16.840.1.113883.10.20.22.4.2"/>
            <id root="91bab5db-00d1-2efc-fcfd-60837b9782ae"/>
        <code  code="89204-2" codeSystem="2.16.840.1.113883.6.1" displayName="Patient Health Questionnaire-9: Modified for Teens total score [Reported.PHQ.Teen]">
          <originalText><reference value="#reports-desc-1"/></originalText>
        </code>
            <text>
              <reference value="#reports-desc-1"/>
            </text>
            <statusCode code="completed"/>
            <effectiveTime value="20230902042310"/>
            <value xsi:type="PQ" value="3" unit="{score}"/>
          </observation>
        </component>
      </organizer>
    </entry>
    <entry typeCode="DRIV">
      <organizer classCode="BATTERY" moodCode="EVN">
        <templateId root="2.16.840.1.113883.10.20.22.4.1" extension="2015-08-01"/>
        <templateId root="2.16.840.1.113883.10.20.22.4.1"/>
        <!--Result organizer template -->
        <id root="c872bb04-efca-3079-6e0c-c6964d597ae8"/>
        <code code="58410-2" codeSystem="2.16.840.1.113883.6.1" codeSystemName="LOINC" displayName="CBC panel - Blood by Automated count"/>
        <statusCode code="completed"/>
        <effectiveTime>
          <low value="20240907035009"/>
          <high value="20240907035009"/>
        </effectiveTime>
        <component>
          <observation classCode="OBS" moodCode="EVN">
            <templateId root="2.16.840.1.113883.10.20.22.4.2" extension="2015-08-01"/>
            <templateId root="2.16.840.1.113883.10.20.22.4.2"/>
            <id root="0a129cf5-d84e-08aa-3f0f-8481e8159125"/>
        <code  code="6690-2" codeSystem="2.16.840.1.113883.6.1" displayName="Leukocytes [#/volume] in Blood by Automated count">
          <originalText><reference value="#reports-desc-2"/></originalText>
        </code>
            <text>
              <reference value="#reports-desc-2"/>
            </text>
            <statusCode code="completed"/>
            <effectiveTime value="20240907035009"/>
            <value xsi:type="PQ" value="5.539931879627944" unit="10*3/uL"/>
          </observation>
        </component>
        <component>
          <observation classCode="OBS" moodCode="EVN">
            <templateId root="2.16.840.1.113883.10.20.22.4.2" extension="2015-08-01"/>
            <templateId root="2.16.840.1.113883.10.20.22.4.2"/>
            <id root="28f00673-a2a5-19dd-bd8b-461faf6a6760"/>
        <code  code="789-8" codeSystem="2.16.840.1.113883.6.1" displayName="Erythrocytes [#/volume] in Blood by Automated count">
          <originalText><reference value="#reports-desc-2"/></originalText>
        </code>
            <text>
              <reference value="#reports-desc-2"/>
            </text>
            <statusCode code="completed"/>
            <effectiveTime value="20240907035009"/>
            <value xsi:type="PQ" value="5.21517518307448" unit="10*6/uL"/>
          </observation>
        </component>
        <component>
          <observation classCode="OBS" moodCode="EVN">
            <templateId root="2.16.840.1.113883.10.20.22.4.2" extension="2015-08-01"/>
            <templateId root="2.16.840.1.113883.10.20.22.4.2"/>
            <id root="30b1c416-7ff6-53ae-e134-9164ae53bf44"/>
        <code  code="718-7" codeSystem="2.16.840.1.113883.6.1" displayName="Hemoglobin [Mass/volume] in Blood">
          <originalText><reference value="#reports-desc-2"/></originalText>
        </code>
            <text>
              <reference value="#reports-desc-2"/>
            </text>
            <statusCode code="completed"/>
            <effectiveTime value="20240907035009"/>
            <value xsi:type="PQ" value="16.099972100784317" unit="g/dL"/>
          </observation>
        </component>
        <component>
          <observation classCode="OBS" moodCode="EVN">
            <templateId root="2.16.840.1.113883.10.20.22.4.2" extension="2015-08-01"/>
            <templateId root="2.16.840.1.113883.10.20.22.4.2"/>
            <id root="aa58ef82-e7bf-b4fe-0f82-4bdf90868110"/>
        <code  code="4544-3" codeSystem="2.16.840.1.113883.6.1" displayName="Hematocrit [Volume Fraction] of Blood by Automated count">
          <originalText><reference value="#reports-desc-2"/></originalText>
        </code>
            <text>
              <reference value="#reports-desc-2"/>
            </text>
            <statusCode code="completed"/>
            <effectiveTime value="20240907035009"/>
            <value xsi:type="PQ" value="39.22265048938275" unit="%"/>
          </observation>
        </component>
        <component>
          <observation classCode="OBS" moodCode="EVN">
            <templateId root="2.16.840.1.113883.10.20.22.4.2" extension="2015-08-01"/>
            <templateId root="2.16.840.1.113883.10.20.22.4.2"/>
            <id root="5346230f-c18a-7b1f-c487-5c70bcb01ae0"/>
        <code  code="787-2" codeSystem="2.16.840.1.113883.6.1" displayName="MCV [Entitic volume] by Automated count">
          <originalText><reference value="#reports-desc-2"/></originalText>
        </code>
            <text>
              <reference value="#reports-desc-2"/>
            </text>
            <statusCode code="completed"/>
            <effectiveTime value="20240907035009"/>
            <value xsi:type="PQ" value="89.32428963770053" unit="fL"/>
          </observation>
        </component>
        <component>
          <observation classCode="OBS" moodCode="EVN">
            <templateId root="2.16.840.1.113883.10.20.22.4.2" extension="2015-08-01"/>
            <templateId root="2.16.840.1.113883.10.20.22.4.2"/>
            <id root="f669e4fa-442c-e26e-44b3-1267d49872ed"/>
        <code  code="785-6" codeSystem="2.16.840.1.113883.6.1" displayName="MCH [Entitic mass] by Automated count">
          <originalText><reference value="#reports-desc-2"/></originalText>
        </code>
            <text>
              <reference value="#reports-desc-2"/>
            </text>
            <statusCode code="completed"/>
            <effectiveTime value="20240907035009"/>
            <value xsi:type="PQ" value="29.938130061560894" unit="pg"/>
          </observation>
        </component>
        <component>
          <observation classCode="OBS" moodCode="EVN">
            <templateId root="2.16.840.1.113883.10.20.22.4.2" extension="2015-08-01"/>
            <templateId root="2.16.840.1.113883.10.20.22.4.2"/>
            <id root="421733ba-4975-4125-9cbb-c69fcce03ecd"/>
        <code  code="786-4" codeSystem="2.16.840.1.113883.6.1" displayName="MCHC [Mass/volume] by Automated count">
          <originalText><reference value="#reports-desc-2"/></originalText>
        </code>
            <text>
              <reference value="#reports-desc-2"/>
            </text>
            <statusCode code="completed"/>
            <effectiveTime value="20240907035009"/>
            <value xsi:type="PQ" value="34.05639644867155" unit="g/dL"/>
          </observation>
        </component>
        <component>
          <observation classCode="OBS" moodCode="EVN">
            <templateId root="2.16.840.1.113883.10.20.22.4.2" extension="2015-08-01"/>
            <templateId root="2.16.840.1.113883.10.20.22.4.2"/>
            <id root="2ff352d8-6c90-b287-3b6e-4ec96330df9a"/>
        <code  code="21000-5" codeSystem="2.16.840.1.113883.6.1" displayName="Erythrocyte distribution width [Entitic volume] by Automated count">
          <originalText><reference value="#reports-desc-2"/></originalText>
        </code>
            <text>
              <reference value="#reports-desc-2"/>
            </text>
            <statusCode code="completed"/>
            <effectiveTime value="20240907035009"/>
            <value xsi:type="PQ" value="40.08569634238682" unit="fL"/>
          </observation>
        </component>
        <component>
          <observation classCode="OBS" moodCode="EVN">
            <templateId root="2.16.840.1.113883.10.20.22.4.2" extension="2015-08-01"/>
            <templateId root="2.16.840.1.113883.10.20.22.4.2"/>
            <id root="7683bc05-1f45-97b8-f724-d95cdc87a402"/>
        <code  code="777-3" codeSystem="2.16.840.1.113883.6.1" displayName="Platelets [#/volume] in Blood by Automated count">
          <originalText><reference value="#reports-desc-2"/></originalText>
        </code>
            <text>
              <reference value="#reports-desc-2"/>
            </text>
            <statusCode code="completed"/>
            <effectiveTime value="20240907035009"/>
            <value xsi:type="PQ" value="268.6333999371989" unit="10*3/uL"/>
          </observation>
        </component>
        <component>
          <observation classCode="OBS" moodCode="EVN">
            <templateId root="2.16.840.1.113883.10.20.22.4.2" extension="2015-08-01"/>
            <templateId root="2.16.840.1.113883.10.20.22.4.2"/>
            <id root="ccbcba6f-1cf1-c8d8-2589-d4f37b8708b2"/>
        <code  code="32207-3" codeSystem="2.16.840.1.113883.6.1" displayName="Platelet distribution width [Entitic volume] in Blood by Automated count">
          <originalText><reference value="#reports-desc-2"/></originalText>
        </code>
            <text>
              <reference value="#reports-desc-2"/>
            </text>
            <statusCode code="completed"/>
            <effectiveTime value="20240907035009"/>
            <value xsi:type="PQ" value="505.8390402547145" unit="fL"/>
          </observation>
        </component>
        <component>
          <observation classCode="OBS" moodCode="EVN">
            <templateId root="2.16.840.1.113883.10.20.22.4.2" extension="2015-08-01"/>
            <templateId root="2.16.840.1.113883.10.20.22.4.2"/>
            <id root="a881c682-cf89-3c3f-3067-2ff0ec758c97"/>
        <code  code="32623-1" codeSystem="2.16.840.1.113883.6.1" displayName="Platelet mean volume [Entitic volume] in Blood by Automated count">
          <originalText><reference value="#reports-desc-2"/></originalText>
        </code>
            <text>
              <reference value="#reports-desc-2"/>
            </text>
            <statusCode code="completed"/>
            <effectiveTime value="20240907035009"/>
            <value xsi:type="PQ" value="12.069626310760068" unit="fL"/>
          </observation>
        </component>
      </organizer>
    </entry>
    <entry typeCode="DRIV">
      <organizer classCode="BATTERY" moodCode="EVN">
        <templateId root="2.16.840.1.113883.10.20.22.4.1" extension="2015-08-01"/>
        <templateId root="2.16.840.1.113883.10.20.22.4.1"/>
        <!--Result organizer template -->
        <id root="2c2fb250-2af8-639d-d52b-36cfe5a390ac"/>
        <code code="69737-5" codeSystem="2.16.840.1.113883.6.1" codeSystemName="LOINC" displayName="Generalized anxiety disorder 7 item (GAD-7)"/>
        <statusCode code="completed"/>
        <effectiveTime>
          <low value="20240907041901"/>
          <high value="20240907041901"/>
        </effectiveTime>
        <component>
          <observation classCode="OBS" moodCode="EVN">
            <templateId root="2.16.840.1.113883.10.20.22.4.2" extension="2015-08-01"/>
            <templateId root="2.16.840.1.113883.10.20.22.4.2"/>
            <id root="e7a0c6e0-bd49-6a69-1af5-d326abff30a0"/>
        <code  code="70274-6" codeSystem="2.16.840.1.113883.6.1" displayName="Generalized anxiety disorder 7 item (GAD-7) total score [Reported.PHQ]">
          <originalText><reference value="#reports-desc-3"/></originalText>
        </code>
            <text>
              <reference value="#reports-desc-3"/>
            </text>
            <statusCode code="completed"/>
            <effectiveTime value="20240907041901"/>
            <value xsi:type="PQ" value="18" unit="{score}"/>
          </observation>
        </component>
      </organizer>
    </entry>
    <entry typeCode="DRIV">
      <organizer classCode="BATTERY" moodCode="EVN">
        <templateId root="2.16.840.1.113883.10.20.22.4.1" extension="2015-08-01"/>
        <templateId root="2.16.840.1.113883.10.20.22.4.1"/>
        <!--Result organizer template -->
        <id root="da6e43d7-72c5-ef91-a1fb-53e77c1bc038"/>
        <code code="89206-7" codeSystem="2.16.840.1.113883.6.1" codeSystemName="LOINC" displayName="Patient Health Questionnaire-9: Modified for Teens [Reported.PHQ.Teen]"/>
        <statusCode code="completed"/>
        <effectiveTime>
          <low value="20240907045254"/>
          <high value="20240907045254"/>
        </effectiveTime>
        <component>
          <observation classCode="OBS" moodCode="EVN">
            <templateId root="2.16.840.1.113883.10.20.22.4.2" extension="2015-08-01"/>
            <templateId root="2.16.840.1.113883.10.20.22.4.2"/>
            <id root="5d6e7f1f-422e-1fb7-eeea-676008d3a462"/>
        <code  code="89204-2" codeSystem="2.16.840.1.113883.6.1" displayName="Patient Health Questionnaire-9: Modified for Teens total score [Reported.PHQ.Teen]">
          <originalText><reference value="#reports-desc-4"/></originalText>
        </code>
            <text>
              <reference value="#reports-desc-4"/>
            </text>
            <statusCode code="completed"/>
            <effectiveTime value="20240907045254"/>
            <value xsi:type="PQ" value="1" unit="{score}"/>
          </observation>
        </component>
      </organizer>
    </entry>
  </section>
</component><component>
  <!--Problems-->
  <section>
    <templateId root="2.16.840.1.113883.10.20.22.2.5.1" extension="2015-08-01"/>
    <!--Problems section template-->
    <code code="11450-4" codeSystem="2.16.840.1.113883.6.1" codeSystemName="LOINC" displayName="Problem list"/>
    <title>Problems</title>
<text>
  <table border="1" width="100%">
    <thead>
      <tr>
        <th>Start</th>
        <th>Stop</th>
        <th>Description</th>
        <th>Code</th>
      </tr>
    </thead>
    <tbody>
        <tr>
          <td>2008-07-26T03:50:09+05:30</td>
          <td>2008-08-30T03:50:09+05:30</td>
          <td ID="conditions-desc-1">Medication review due (situation)</td>
          <td ID="conditions-code-1">http://snomed.info/sct 314529007</td>
        </tr>
        <tr>
          <td>2008-11-01T03:50:09+05:30</td>
          <td>2008-11-01T03:50:09+05:30</td>
          <td ID="conditions-desc-2">Medication review due (situation)</td>
          <td ID="conditions-code-2">http://snomed.info/sct 314529007</td>
        </tr>
        <tr>
          <td>2008-11-08T03:50:09+05:30</td>
          <td>2008-11-08T03:50:09+05:30</td>
          <td ID="conditions-desc-3">Medication review due (situation)</td>
          <td ID="conditions-code-3">http://snomed.info/sct 314529007</td>
        </tr>
        <tr>
          <td>2009-01-03T03:50:09+05:30</td>
          <td>2009-07-04T03:50:09+05:30</td>
          <td ID="conditions-desc-4">Medication review due (situation)</td>
          <td ID="conditions-code-4">http://snomed.info/sct 314529007</td>
        </tr>
        <tr>
          <td>2009-10-03T03:50:09+05:30</td>
          <td>2009-10-03T03:50:09+05:30</td>
          <td ID="conditions-desc-5">Medication review due (situation)</td>
          <td ID="conditions-code-5">http://snomed.info/sct 314529007</td>
        </tr>
        <tr>
          <td>2010-01-02T03:50:09+05:30</td>
          <td>2010-07-03T03:50:09+05:30</td>
          <td ID="conditions-desc-6">Medication review due (situation)</td>
          <td ID="conditions-code-6">http://snomed.info/sct 314529007</td>
        </tr>
        <tr>
          <td>2011-01-01T03:50:09+05:30</td>
          <td>2011-12-31T03:50:09+05:30</td>
          <td ID="conditions-desc-7">Medication review due (situation)</td>
          <td ID="conditions-code-7">http://snomed.info/sct 314529007</td>
        </tr>
        <tr>
          <td>2012-06-30T03:50:09+05:30</td>
          <td>2014-07-12T03:50:09+05:30</td>
          <td ID="conditions-desc-8">Medication review due (situation)</td>
          <td ID="conditions-code-8">http://snomed.info/sct 314529007</td>
        </tr>
        <tr>
          <td>2015-07-18T03:50:09+05:30</td>
          <td>2016-07-23T03:50:09+05:30</td>
          <td ID="conditions-desc-9">Medication review due (situation)</td>
          <td ID="conditions-code-9">http://snomed.info/sct 314529007</td>
        </tr>
        <tr>
          <td>2017-07-29T03:50:09+05:30</td>
          <td></td>
          <td ID="conditions-desc-10">Medication review due (situation)</td>
          <td ID="conditions-code-10">http://snomed.info/sct 314529007</td>
        </tr>
        <tr>
          <td>2023-06-27T15:50:09+05:30</td>
          <td>2023-07-04T19:50:09+05:30</td>
          <td ID="conditions-desc-11">Acute viral pharyngitis (disorder)</td>
          <td ID="conditions-code-11">http://snomed.info/sct 195662009</td>
        </tr>
        <tr>
          <td>2024-09-07T04:19:01+05:30</td>
          <td></td>
          <td ID="conditions-desc-12">Severe anxiety (panic) (finding)</td>
          <td ID="conditions-code-12">http://snomed.info/sct 80583007</td>
        </tr>
    </tbody>
  </table>
</text>
    <entry typeCode="DRIV">
      <act classCode="ACT" moodCode="EVN">
        <templateId root="2.16.840.1.113883.10.20.22.4.3"/>
        <templateId root="2.16.840.1.113883.10.20.22.4.3" extension="2015-08-01"/>
        <!-- Problem act template -->
        <id root="fe3bfccd-d880-a195-75cf-d814d105160c"/>
        <code nullFlavor="NA"/>
        <statusCode code="completed"/>
        <effectiveTime>
          <low value="20080726035009"/>
          <high value="20080830035009"/>
        </effectiveTime>
        <entryRelationship typeCode="SUBJ" inversionInd="false">
          <observation classCode="OBS" moodCode="EVN">
            <templateId root="2.16.840.1.113883.10.20.22.4.4"/>
            <templateId root="2.16.840.1.113883.10.20.22.4.4" extension="2015-08-01"/>
            <!--Problem observation template - NOT episode template-->
            <id root="13516742-b004-df39-fd76-287c1592b694"/>
            <code code="64572001" displayName="Condition" codeSystem="2.16.840.1.113883.6.96" codeSystemName="SNOMED-CT">
              <translation code="75323-6" displayName="Condition" codeSystem="2.16.840.1.113883.6.1" codeSystemName="LOINC"/>
            </code>
            <text>
              <reference value="#conditions-desc-1"/>
            </text>
            <statusCode code="completed"/>
            <effectiveTime>
              <low value="20080726035009"/>
              <high value="20080830035009"/>
            </effectiveTime>
            <priorityCode code="8319008" codeSystem="2.16.840.1.113883.6.96" displayName="Principal diagnosis" />
        <value xsi:type="CD" code="314529007" codeSystem="2.16.840.1.113883.6.96" displayName="Medication review due (situation)">
          <originalText><reference value="#conditions-desc-1"/></originalText>
        </value>
          </observation>
        </entryRelationship>
      </act>
    </entry>
    <entry typeCode="DRIV">
      <act classCode="ACT" moodCode="EVN">
        <templateId root="2.16.840.1.113883.10.20.22.4.3"/>
        <templateId root="2.16.840.1.113883.10.20.22.4.3" extension="2015-08-01"/>
        <!-- Problem act template -->
        <id root="e094caac-860f-9795-d10e-89b5be827777"/>
        <code nullFlavor="NA"/>
        <statusCode code="completed"/>
        <effectiveTime>
          <low value="20081101035009"/>
          <high value="20081101035009"/>
        </effectiveTime>
        <entryRelationship typeCode="SUBJ" inversionInd="false">
          <observation classCode="OBS" moodCode="EVN">
            <templateId root="2.16.840.1.113883.10.20.22.4.4"/>
            <templateId root="2.16.840.1.113883.10.20.22.4.4" extension="2015-08-01"/>
            <!--Problem observation template - NOT episode template-->
            <id root="c4b18626-b5c1-84d2-4a4b-147e907d4e1d"/>
            <code code="64572001" displayName="Condition" codeSystem="2.16.840.1.113883.6.96" codeSystemName="SNOMED-CT">
              <translation code="75323-6" displayName="Condition" codeSystem="2.16.840.1.113883.6.1" codeSystemName="LOINC"/>
            </code>
            <text>
              <reference value="#conditions-desc-2"/>
            </text>
            <statusCode code="completed"/>
            <effectiveTime>
              <low value="20081101035009"/>
              <high value="20081101035009"/>
            </effectiveTime>
            <priorityCode code="8319008" codeSystem="2.16.840.1.113883.6.96" displayName="Principal diagnosis" />
        <value xsi:type="CD" code="314529007" codeSystem="2.16.840.1.113883.6.96" displayName="Medication review due (situation)">
          <originalText><reference value="#conditions-desc-2"/></originalText>
        </value>
          </observation>
        </entryRelationship>
      </act>
    </entry>
    <entry typeCode="DRIV">
      <act classCode="ACT" moodCode="EVN">
        <templateId root="2.16.840.1.113883.10.20.22.4.3"/>
        <templateId root="2.16.840.1.113883.10.20.22.4.3" extension="2015-08-01"/>
        <!-- Problem act template -->
        <id root="a78dee9f-d43a-bc3e-4a4b-c80510146446"/>
        <code nullFlavor="NA"/>
        <statusCode code="completed"/>
        <effectiveTime>
          <low value="20081108035009"/>
          <high value="20081108035009"/>
        </effectiveTime>
        <entryRelationship typeCode="SUBJ" inversionInd="false">
          <observation classCode="OBS" moodCode="EVN">
            <templateId root="2.16.840.1.113883.10.20.22.4.4"/>
            <templateId root="2.16.840.1.113883.10.20.22.4.4" extension="2015-08-01"/>
            <!--Problem observation template - NOT episode template-->
            <id root="8279dbdb-ee93-a236-0076-364541abaf81"/>
            <code code="64572001" displayName="Condition" codeSystem="2.16.840.1.113883.6.96" codeSystemName="SNOMED-CT">
              <translation code="75323-6" displayName="Condition" codeSystem="2.16.840.1.113883.6.1" codeSystemName="LOINC"/>
            </code>
            <text>
              <reference value="#conditions-desc-3"/>
            </text>
            <statusCode code="completed"/>
            <effectiveTime>
              <low value="20081108035009"/>
              <high value="20081108035009"/>
            </effectiveTime>
            <priorityCode code="8319008" codeSystem="2.16.840.1.113883.6.96" displayName="Principal diagnosis" />
        <value xsi:type="CD" code="314529007" codeSystem="2.16.840.1.113883.6.96" displayName="Medication review due (situation)">
          <originalText><reference value="#conditions-desc-3"/></originalText>
        </value>
          </observation>
        </entryRelationship>
      </act>
    </entry>
    <entry typeCode="DRIV">
      <act classCode="ACT" moodCode="EVN">
        <templateId root="2.16.840.1.113883.10.20.22.4.3"/>
        <templateId root="2.16.840.1.113883.10.20.22.4.3" extension="2015-08-01"/>
        <!-- Problem act template -->
        <id root="fb76f274-6ad1-d603-d847-56b800a18647"/>
        <code nullFlavor="NA"/>
        <statusCode code="completed"/>
        <effectiveTime>
          <low value="20090103035009"/>
          <high value="20090704035009"/>
        </effectiveTime>
        <entryRelationship typeCode="SUBJ" inversionInd="false">
          <observation classCode="OBS" moodCode="EVN">
            <templateId root="2.16.840.1.113883.10.20.22.4.4"/>
            <templateId root="2.16.840.1.113883.10.20.22.4.4" extension="2015-08-01"/>
            <!--Problem observation template - NOT episode template-->
            <id root="c61136c1-1130-96a8-fbd3-6e22a8fe0d5a"/>
            <code code="64572001" displayName="Condition" codeSystem="2.16.840.1.113883.6.96" codeSystemName="SNOMED-CT">
              <translation code="75323-6" displayName="Condition" codeSystem="2.16.840.1.113883.6.1" codeSystemName="LOINC"/>
            </code>
            <text>
              <reference value="#conditions-desc-4"/>
            </text>
            <statusCode code="completed"/>
            <effectiveTime>
              <low value="20090103035009"/>
              <high value="20090704035009"/>
            </effectiveTime>
            <priorityCode code="8319008" codeSystem="2.16.840.1.113883.6.96" displayName="Principal diagnosis" />
        <value xsi:type="CD" code="314529007" codeSystem="2.16.840.1.113883.6.96" displayName="Medication review due (situation)">
          <originalText><reference value="#conditions-desc-4"/></originalText>
        </value>
          </observation>
        </entryRelationship>
      </act>
    </entry>
    <entry typeCode="DRIV">
      <act classCode="ACT" moodCode="EVN">
        <templateId root="2.16.840.1.113883.10.20.22.4.3"/>
        <templateId root="2.16.840.1.113883.10.20.22.4.3" extension="2015-08-01"/>
        <!-- Problem act template -->
        <id root="109dd74d-8d44-8852-91b9-08332fe1ef94"/>
        <code nullFlavor="NA"/>
        <statusCode code="completed"/>
        <effectiveTime>
          <low value="20091003035009"/>
          <high value="20091003035009"/>
        </effectiveTime>
        <entryRelationship typeCode="SUBJ" inversionInd="false">
          <observation classCode="OBS" moodCode="EVN">
            <templateId root="2.16.840.1.113883.10.20.22.4.4"/>
            <templateId root="2.16.840.1.113883.10.20.22.4.4" extension="2015-08-01"/>
            <!--Problem observation template - NOT episode template-->
            <id root="d0a76d28-e6b6-95ec-9c9a-6a1d1458baef"/>
            <code code="64572001" displayName="Condition" codeSystem="2.16.840.1.113883.6.96" codeSystemName="SNOMED-CT">
              <translation code="75323-6" displayName="Condition" codeSystem="2.16.840.1.113883.6.1" codeSystemName="LOINC"/>
            </code>
            <text>
              <reference value="#conditions-desc-5"/>
            </text>
            <statusCode code="completed"/>
            <effectiveTime>
              <low value="20091003035009"/>
              <high value="20091003035009"/>
            </effectiveTime>
            <priorityCode code="8319008" codeSystem="2.16.840.1.113883.6.96" displayName="Principal diagnosis" />
        <value xsi:type="CD" code="314529007" codeSystem="2.16.840.1.113883.6.96" displayName="Medication review due (situation)">
          <originalText><reference value="#conditions-desc-5"/></originalText>
        </value>
          </observation>
        </entryRelationship>
      </act>
    </entry>
    <entry typeCode="DRIV">
      <act classCode="ACT" moodCode="EVN">
        <templateId root="2.16.840.1.113883.10.20.22.4.3"/>
        <templateId root="2.16.840.1.113883.10.20.22.4.3" extension="2015-08-01"/>
        <!-- Problem act template -->
        <id root="6eae5718-6241-7289-9dcc-ef582af535fc"/>
        <code nullFlavor="NA"/>
        <statusCode code="completed"/>
        <effectiveTime>
          <low value="20100102035009"/>
          <high value="20100703035009"/>
        </effectiveTime>
        <entryRelationship typeCode="SUBJ" inversionInd="false">
          <observation classCode="OBS" moodCode="EVN">
            <templateId root="2.16.840.1.113883.10.20.22.4.4"/>
            <templateId root="2.16.840.1.113883.10.20.22.4.4" extension="2015-08-01"/>
            <!--Problem observation template - NOT episode template-->
            <id root="69748060-c4b4-28f5-3822-2a88cb3efe11"/>
            <code code="64572001" displayName="Condition" codeSystem="2.16.840.1.113883.6.96" codeSystemName="SNOMED-CT">
              <translation code="75323-6" displayName="Condition" codeSystem="2.16.840.1.113883.6.1" codeSystemName="LOINC"/>
            </code>
            <text>
              <reference value="#conditions-desc-6"/>
            </text>
            <statusCode code="completed"/>
            <effectiveTime>
              <low value="20100102035009"/>
              <high value="20100703035009"/>
            </effectiveTime>
            <priorityCode code="8319008" codeSystem="2.16.840.1.113883.6.96" displayName="Principal diagnosis" />
        <value xsi:type="CD" code="314529007" codeSystem="2.16.840.1.113883.6.96" displayName="Medication review due (situation)">
          <originalText><reference value="#conditions-desc-6"/></originalText>
        </value>
          </observation>
        </entryRelationship>
      </act>
    </entry>
    <entry typeCode="DRIV">
      <act classCode="ACT" moodCode="EVN">
        <templateId root="2.16.840.1.113883.10.20.22.4.3"/>
        <templateId root="2.16.840.1.113883.10.20.22.4.3" extension="2015-08-01"/>
        <!-- Problem act template -->
        <id root="36a152ca-84a1-6964-f076-55c7a832e8b6"/>
        <code nullFlavor="NA"/>
        <statusCode code="completed"/>
        <effectiveTime>
          <low value="20110101035009"/>
          <high value="20111231035009"/>
        </effectiveTime>
        <entryRelationship typeCode="SUBJ" inversionInd="false">
          <observation classCode="OBS" moodCode="EVN">
            <templateId root="2.16.840.1.113883.10.20.22.4.4"/>
            <templateId root="2.16.840.1.113883.10.20.22.4.4" extension="2015-08-01"/>
            <!--Problem observation template - NOT episode template-->
            <id root="ce986bf0-3b5a-85e2-2c45-acf10468aa28"/>
            <code code="64572001" displayName="Condition" codeSystem="2.16.840.1.113883.6.96" codeSystemName="SNOMED-CT">
              <translation code="75323-6" displayName="Condition" codeSystem="2.16.840.1.113883.6.1" codeSystemName="LOINC"/>
            </code>
            <text>
              <reference value="#conditions-desc-7"/>
            </text>
            <statusCode code="completed"/>
            <effectiveTime>
              <low value="20110101035009"/>
              <high value="20111231035009"/>
            </effectiveTime>
            <priorityCode code="8319008" codeSystem="2.16.840.1.113883.6.96" displayName="Principal diagnosis" />
        <value xsi:type="CD" code="314529007" codeSystem="2.16.840.1.113883.6.96" displayName="Medication review due (situation)">
          <originalText><reference value="#conditions-desc-7"/></originalText>
        </value>
          </observation>
        </entryRelationship>
      </act>
    </entry>
    <entry typeCode="DRIV">
      <act classCode="ACT" moodCode="EVN">
        <templateId root="2.16.840.1.113883.10.20.22.4.3"/>
        <templateId root="2.16.840.1.113883.10.20.22.4.3" extension="2015-08-01"/>
        <!-- Problem act template -->
        <id root="dc8a366a-1255-b2e5-2670-2f1593b2ad17"/>
        <code nullFlavor="NA"/>
        <statusCode code="completed"/>
        <effectiveTime>
          <low value="20120630035009"/>
          <high value="20140712035009"/>
        </effectiveTime>
        <entryRelationship typeCode="SUBJ" inversionInd="false">
          <observation classCode="OBS" moodCode="EVN">
            <templateId root="2.16.840.1.113883.10.20.22.4.4"/>
            <templateId root="2.16.840.1.113883.10.20.22.4.4" extension="2015-08-01"/>
            <!--Problem observation template - NOT episode template-->
            <id root="fd92251f-df68-f32b-dfad-e13cacadd888"/>
            <code code="64572001" displayName="Condition" codeSystem="2.16.840.1.113883.6.96" codeSystemName="SNOMED-CT">
              <translation code="75323-6" displayName="Condition" codeSystem="2.16.840.1.113883.6.1" codeSystemName="LOINC"/>
            </code>
            <text>
              <reference value="#conditions-desc-8"/>
            </text>
            <statusCode code="completed"/>
            <effectiveTime>
              <low value="20120630035009"/>
              <high value="20140712035009"/>
            </effectiveTime>
            <priorityCode code="8319008" codeSystem="2.16.840.1.113883.6.96" displayName="Principal diagnosis" />
        <value xsi:type="CD" code="314529007" codeSystem="2.16.840.1.113883.6.96" displayName="Medication review due (situation)">
          <originalText><reference value="#conditions-desc-8"/></originalText>
        </value>
          </observation>
        </entryRelationship>
      </act>
    </entry>
    <entry typeCode="DRIV">
      <act classCode="ACT" moodCode="EVN">
        <templateId root="2.16.840.1.113883.10.20.22.4.3"/>
        <templateId root="2.16.840.1.113883.10.20.22.4.3" extension="2015-08-01"/>
        <!-- Problem act template -->
        <id root="190c33b1-b1aa-2144-bb79-7f5e683eb71f"/>
        <code nullFlavor="NA"/>
        <statusCode code="completed"/>
        <effectiveTime>
          <low value="20150718035009"/>
          <high value="20160723035009"/>
        </effectiveTime>
        <entryRelationship typeCode="SUBJ" inversionInd="false">
          <observation classCode="OBS" moodCode="EVN">
            <templateId root="2.16.840.1.113883.10.20.22.4.4"/>
            <templateId root="2.16.840.1.113883.10.20.22.4.4" extension="2015-08-01"/>
            <!--Problem observation template - NOT episode template-->
            <id root="f2a88ebd-458e-aa17-16e3-4d10d0855208"/>
            <code code="64572001" displayName="Condition" codeSystem="2.16.840.1.113883.6.96" codeSystemName="SNOMED-CT">
              <translation code="75323-6" displayName="Condition" codeSystem="2.16.840.1.113883.6.1" codeSystemName="LOINC"/>
            </code>
            <text>
              <reference value="#conditions-desc-9"/>
            </text>
            <statusCode code="completed"/>
            <effectiveTime>
              <low value="20150718035009"/>
              <high value="20160723035009"/>
            </effectiveTime>
            <priorityCode code="8319008" codeSystem="2.16.840.1.113883.6.96" displayName="Principal diagnosis" />
        <value xsi:type="CD" code="314529007" codeSystem="2.16.840.1.113883.6.96" displayName="Medication review due (situation)">
          <originalText><reference value="#conditions-desc-9"/></originalText>
        </value>
          </observation>
        </entryRelationship>
      </act>
    </entry>
    <entry typeCode="DRIV">
      <act classCode="ACT" moodCode="EVN">
        <templateId root="2.16.840.1.113883.10.20.22.4.3"/>
        <templateId root="2.16.840.1.113883.10.20.22.4.3" extension="2015-08-01"/>
        <!-- Problem act template -->
        <id root="19c6a667-ad87-3d13-a85c-73d29e46c9d4"/>
        <code nullFlavor="NA"/>
        <statusCode code="active"/>
        <effectiveTime>
          <low value="20170729035009"/>
          
        </effectiveTime>
        <entryRelationship typeCode="SUBJ" inversionInd="false">
          <observation classCode="OBS" moodCode="EVN">
            <templateId root="2.16.840.1.113883.10.20.22.4.4"/>
            <templateId root="2.16.840.1.113883.10.20.22.4.4" extension="2015-08-01"/>
            <!--Problem observation template - NOT episode template-->
            <id root="d308651b-dee3-ec71-b74c-017478077dd5"/>
            <code code="64572001" displayName="Condition" codeSystem="2.16.840.1.113883.6.96" codeSystemName="SNOMED-CT">
              <translation code="75323-6" displayName="Condition" codeSystem="2.16.840.1.113883.6.1" codeSystemName="LOINC"/>
            </code>
            <text>
              <reference value="#conditions-desc-10"/>
            </text>
            <statusCode code="completed"/>
            <effectiveTime>
              <low value="20170729035009"/>
              
            </effectiveTime>
            <priorityCode code="8319008" codeSystem="2.16.840.1.113883.6.96" displayName="Principal diagnosis" />
        <value xsi:type="CD" code="314529007" codeSystem="2.16.840.1.113883.6.96" displayName="Medication review due (situation)">
          <originalText><reference value="#conditions-desc-10"/></originalText>
        </value>
          </observation>
        </entryRelationship>
      </act>
    </entry>
    <entry typeCode="DRIV">
      <act classCode="ACT" moodCode="EVN">
        <templateId root="2.16.840.1.113883.10.20.22.4.3"/>
        <templateId root="2.16.840.1.113883.10.20.22.4.3" extension="2015-08-01"/>
        <!-- Problem act template -->
        <id root="38815107-2700-d6be-e095-c633703ec21e"/>
        <code nullFlavor="NA"/>
        <statusCode code="completed"/>
        <effectiveTime>
          <low value="20230627155009"/>
          <high value="20230704195009"/>
        </effectiveTime>
        <entryRelationship typeCode="SUBJ" inversionInd="false">
          <observation classCode="OBS" moodCode="EVN">
            <templateId root="2.16.840.1.113883.10.20.22.4.4"/>
            <templateId root="2.16.840.1.113883.10.20.22.4.4" extension="2015-08-01"/>
            <!--Problem observation template - NOT episode template-->
            <id root="4006665d-f2f2-417a-6c60-c6b0f230e983"/>
            <code code="64572001" displayName="Condition" codeSystem="2.16.840.1.113883.6.96" codeSystemName="SNOMED-CT">
              <translation code="75323-6" displayName="Condition" codeSystem="2.16.840.1.113883.6.1" codeSystemName="LOINC"/>
            </code>
            <text>
              <reference value="#conditions-desc-11"/>
            </text>
            <statusCode code="completed"/>
            <effectiveTime>
              <low value="20230627155009"/>
              <high value="20230704195009"/>
            </effectiveTime>
            <priorityCode code="8319008" codeSystem="2.16.840.1.113883.6.96" displayName="Principal diagnosis" />
        <value xsi:type="CD" code="195662009" codeSystem="2.16.840.1.113883.6.96" displayName="Acute viral pharyngitis (disorder)">
          <originalText><reference value="#conditions-desc-11"/></originalText>
        </value>
          </observation>
        </entryRelationship>
      </act>
    </entry>
    <entry typeCode="DRIV">
      <act classCode="ACT" moodCode="EVN">
        <templateId root="2.16.840.1.113883.10.20.22.4.3"/>
        <templateId root="2.16.840.1.113883.10.20.22.4.3" extension="2015-08-01"/>
        <!-- Problem act template -->
        <id root="0058ce29-4995-7b23-86f2-355d1528684d"/>
        <code nullFlavor="NA"/>
        <statusCode code="active"/>
        <effectiveTime>
          <low value="20240907041901"/>
          
        </effectiveTime>
        <entryRelationship typeCode="SUBJ" inversionInd="false">
          <observation classCode="OBS" moodCode="EVN">
            <templateId root="2.16.840.1.113883.10.20.22.4.4"/>
            <templateId root="2.16.840.1.113883.10.20.22.4.4" extension="2015-08-01"/>
            <!--Problem observation template - NOT episode template-->
            <id root="f3253af6-2ecf-0e21-e2ae-a281343cbe64"/>
            <code code="64572001" displayName="Condition" codeSystem="2.16.840.1.113883.6.96" codeSystemName="SNOMED-CT">
              <translation code="75323-6" displayName="Condition" codeSystem="2.16.840.1.113883.6.1" codeSystemName="LOINC"/>
            </code>
            <text>
              <reference value="#conditions-desc-12"/>
            </text>
            <statusCode code="completed"/>
            <effectiveTime>
              <low value="20240907041901"/>
              
            </effectiveTime>
            <priorityCode code="8319008" codeSystem="2.16.840.1.113883.6.96" displayName="Principal diagnosis" />
        <value xsi:type="CD" code="80583007" codeSystem="2.16.840.1.113883.6.96" displayName="Severe anxiety (panic) (finding)">
          <originalText><reference value="#conditions-desc-12"/></originalText>
        </value>
          </observation>
        </entryRelationship>
      </act>
    </entry>
  </section>
</component>
<component>
  <!--Surgeries-->
  <section>
    <templateId root="2.16.840.1.113883.10.20.22.2.7.1" extension="2014-06-09"/>
    <!--Surgeries section template-->
    <code code="47519-4" codeSystem="2.16.840.1.113883.6.1" codeSystemName="LOINC" displayName="List of surgeries"/>
    <title>Surgeries</title>
<text>
  <table border="1" width="100%">
    <thead>
      <tr>
        <th>Start</th>
        <th>Stop</th>
        <th>Description</th>
        <th>Code</th>
      </tr>
    </thead>
    <tbody>
        <tr>
          <td>2023-06-27T15:50:09+05:30</td>
          <td>2023-06-27T16:05:09+05:30</td>
          <td ID="procedures-desc-1">Throat culture (procedure)</td>
          <td ID="procedures-code-1">http://snomed.info/sct 117015009</td>
        </tr>
        <tr>
          <td>2023-09-02T03:50:09+05:30</td>
          <td>2023-09-02T04:01:56+05:30</td>
          <td ID="procedures-desc-2">Depression screening (procedure)</td>
          <td ID="procedures-code-2">http://snomed.info/sct 171207006</td>
        </tr>
        <tr>
          <td>2023-09-02T04:01:56+05:30</td>
          <td>2023-09-02T04:23:10+05:30</td>
          <td ID="procedures-desc-3">Depression screening using Patient Health Questionnaire Nine Item score (procedure)</td>
          <td ID="procedures-code-3">http://snomed.info/sct 715252007</td>
        </tr>
        <tr>
          <td>2024-09-07T03:50:09+05:30</td>
          <td>2024-09-07T04:19:01+05:30</td>
          <td ID="procedures-desc-4">Assessment of anxiety (procedure)</td>
          <td ID="procedures-code-4">http://snomed.info/sct 710841007</td>
        </tr>
        <tr>
          <td>2024-09-07T04:19:01+05:30</td>
          <td>2024-09-07T04:32:05+05:30</td>
          <td ID="procedures-desc-5">Depression screening (procedure)</td>
          <td ID="procedures-code-5">http://snomed.info/sct 171207006</td>
        </tr>
        <tr>
          <td>2024-09-07T04:32:05+05:30</td>
          <td>2024-09-07T04:52:54+05:30</td>
          <td ID="procedures-desc-6">Depression screening using Patient Health Questionnaire Nine Item score (procedure)</td>
          <td ID="procedures-code-6">http://snomed.info/sct 715252007</td>
        </tr>
    </tbody>
  </table>
</text>
    <entry typeCode="DRIV">
      <procedure classCode="PROC" moodCode="EVN">
        <templateId root="2.16.840.1.113883.10.20.22.4.14"/>
        <!-- Procedure activity template -->
        <id root="e91c187d-5c49-7f4d-c854-b4acb283319d"/>
        <code  code="117015009" codeSystem="2.16.840.1.113883.6.96" displayName="Throat culture (procedure)">
          <originalText><reference value="#procedures-desc-1"/></originalText>
        </code>
        <text>
          <reference value="#procedures-desc-1"/>
        </text>
        <statusCode code="completed"/>
        <effectiveTime value="20230627155009"/>
      </procedure>
    </entry>
    <entry typeCode="DRIV">
      <procedure classCode="PROC" moodCode="EVN">
        <templateId root="2.16.840.1.113883.10.20.22.4.14"/>
        <!-- Procedure activity template -->
        <id root="377aaa6a-c209-6d3a-36e8-50263df1b222"/>
        <code  code="171207006" codeSystem="2.16.840.1.113883.6.96" displayName="Depression screening (procedure)">
          <originalText><reference value="#procedures-desc-2"/></originalText>
        </code>
        <text>
          <reference value="#procedures-desc-2"/>
        </text>
        <statusCode code="completed"/>
        <effectiveTime value="20230902035009"/>
      </procedure>
    </entry>
    <entry typeCode="DRIV">
      <procedure classCode="PROC" moodCode="EVN">
        <templateId root="2.16.840.1.113883.10.20.22.4.14"/>
        <!-- Procedure activity template -->
        <id root="6fbacdbd-10fa-82f4-9e13-9f9f1d833775"/>
        <code  code="715252007" codeSystem="2.16.840.1.113883.6.96" displayName="Depression screening using Patient Health Questionnaire Nine Item score (procedure)">
          <originalText><reference value="#procedures-desc-3"/></originalText>
        </code>
        <text>
          <reference value="#procedures-desc-3"/>
        </text>
        <statusCode code="completed"/>
        <effectiveTime value="20230902040156"/>
      </procedure>
    </entry>
    <entry typeCode="DRIV">
      <procedure classCode="PROC" moodCode="EVN">
        <templateId root="2.16.840.1.113883.10.20.22.4.14"/>
        <!-- Procedure activity template -->
        <id root="20e6e530-718b-be03-c369-518909cb0575"/>
        <code  code="710841007" codeSystem="2.16.840.1.113883.6.96" displayName="Assessment of anxiety (procedure)">
          <originalText><reference value="#procedures-desc-4"/></originalText>
        </code>
        <text>
          <reference value="#procedures-desc-4"/>
        </text>
        <statusCode code="completed"/>
        <effectiveTime value="20240907035009"/>
      </procedure>
    </entry>
    <entry typeCode="DRIV">
      <procedure classCode="PROC" moodCode="EVN">
        <templateId root="2.16.840.1.113883.10.20.22.4.14"/>
        <!-- Procedure activity template -->
        <id root="75864507-5168-ffcc-7b04-00bd2102b372"/>
        <code  code="171207006" codeSystem="2.16.840.1.113883.6.96" displayName="Depression screening (procedure)">
          <originalText><reference value="#procedures-desc-5"/></originalText>
        </code>
        <text>
          <reference value="#procedures-desc-5"/>
        </text>
        <statusCode code="completed"/>
        <effectiveTime value="20240907041901"/>
      </procedure>
    </entry>
    <entry typeCode="DRIV">
      <procedure classCode="PROC" moodCode="EVN">
        <templateId root="2.16.840.1.113883.10.20.22.4.14"/>
        <!-- Procedure activity template -->
        <id root="e6f970c9-a6da-08d3-91f6-14f02ea32fd3"/>
        <code  code="715252007" codeSystem="2.16.840.1.113883.6.96" displayName="Depression screening using Patient Health Questionnaire Nine Item score (procedure)">
          <originalText><reference value="#procedures-desc-6"/></originalText>
        </code>
        <text>
          <reference value="#procedures-desc-6"/>
        </text>
        <statusCode code="completed"/>
        <effectiveTime value="20240907043205"/>
      </procedure>
    </entry>
  </section>
</component>
<component>
  <!--Encounters-->
  <section>
    <templateId root="2.16.840.1.113883.10.20.22.2.22" extension="2015-08-01"/> <!-- CCDA Template id -->
    <!--Encounters section template-->
    <code code="46240-8" codeSystem="2.16.840.1.113883.6.1" codeSystemName="LOINC" displayName="History of encounters"/>
    <title>Encounters</title>
<text>
  <table border="1" width="100%">
    <thead>
      <tr>
        <th>Start</th>
        <th>Stop</th>
        <th>Description</th>
        <th>Code</th>
      </tr>
    </thead>
    <tbody>
        <tr>
          <td>2008-07-26T03:50:09+05:30</td>
          <td>2008-07-26T04:05:09+05:30</td>
          <td ID="encounters-desc-1">Well child visit (procedure)</td>
          <td ID="encounters-code-1">http://snomed.info/sct 410620009</td>
        </tr>
        <tr>
          <td>2008-11-01T03:50:09+05:30</td>
          <td>2008-11-01T04:05:09+05:30</td>
          <td ID="encounters-desc-2">Well child visit (procedure)</td>
          <td ID="encounters-code-2">http://snomed.info/sct 410620009</td>
        </tr>
        <tr>
          <td>2008-11-08T03:50:09+05:30</td>
          <td>2008-11-08T04:05:09+05:30</td>
          <td ID="encounters-desc-3">Urgent care clinic (environment)</td>
          <td ID="encounters-code-3">http://snomed.info/sct 702927004</td>
        </tr>
        <tr>
          <td>2009-01-03T03:50:09+05:30</td>
          <td>2009-01-03T04:05:09+05:30</td>
          <td ID="encounters-desc-4">Well child visit (procedure)</td>
          <td ID="encounters-code-4">http://snomed.info/sct 410620009</td>
        </tr>
        <tr>
          <td>2009-10-03T03:50:09+05:30</td>
          <td>2009-10-03T04:05:09+05:30</td>
          <td ID="encounters-desc-5">Well child visit (procedure)</td>
          <td ID="encounters-code-5">http://snomed.info/sct 410620009</td>
        </tr>
        <tr>
          <td>2010-01-02T03:50:09+05:30</td>
          <td>2010-01-02T04:05:09+05:30</td>
          <td ID="encounters-desc-6">Well child visit (procedure)</td>
          <td ID="encounters-code-6">http://snomed.info/sct 410620009</td>
        </tr>
        <tr>
          <td>2011-01-01T03:50:09+05:30</td>
          <td>2011-01-01T04:05:09+05:30</td>
          <td ID="encounters-desc-7">Well child visit (procedure)</td>
          <td ID="encounters-code-7">http://snomed.info/sct 410620009</td>
        </tr>
        <tr>
          <td>2012-06-30T03:50:09+05:30</td>
          <td>2012-06-30T04:05:09+05:30</td>
          <td ID="encounters-desc-8">Well child visit (procedure)</td>
          <td ID="encounters-code-8">http://snomed.info/sct 410620009</td>
        </tr>
        <tr>
          <td>2015-07-18T03:50:09+05:30</td>
          <td>2015-07-18T04:05:09+05:30</td>
          <td ID="encounters-desc-9">Well child visit (procedure)</td>
          <td ID="encounters-code-9">http://snomed.info/sct 410620009</td>
        </tr>
        <tr>
          <td>2017-07-29T03:50:09+05:30</td>
          <td>2017-07-29T04:05:09+05:30</td>
          <td ID="encounters-desc-10">Well child visit (procedure)</td>
          <td ID="encounters-code-10">http://snomed.info/sct 410620009</td>
        </tr>
        <tr>
          <td>2023-06-27T15:50:09+05:30</td>
          <td>2023-06-27T16:05:09+05:30</td>
          <td ID="encounters-desc-11">Encounter for symptom</td>
          <td ID="encounters-code-11">http://snomed.info/sct 185345009</td>
        </tr>
        <tr>
          <td>2023-09-02T03:50:09+05:30</td>
          <td>2023-09-02T04:05:09+05:30</td>
          <td ID="encounters-desc-12">Well child visit (procedure)</td>
          <td ID="encounters-code-12">http://snomed.info/sct 410620009</td>
        </tr>
        <tr>
          <td>2024-09-07T03:50:09+05:30</td>
          <td>2024-09-07T04:19:01+05:30</td>
          <td ID="encounters-desc-13">Well child visit (procedure)</td>
          <td ID="encounters-code-13">http://snomed.info/sct 410620009</td>
        </tr>
    </tbody>
  </table>
</text>
    <entry typeCode="DRIV">
      <encounter classCode="ENC" moodCode="EVN">
		    <templateId root="2.16.840.1.113883.10.20.22.4.49"/>
        <!-- Encounter activity template -->
        <id root="28ef6763-5f8e-ef74-72c7-64a12e7564a3"/>
        <code  code="410620009" codeSystem="2.16.840.1.113883.6.96" displayName="Well child visit (procedure)">
          <originalText><reference value="#encounters-desc-1"/></originalText>
        </code>
        <text>
          <reference value="#encounters-desc-1"/>
        </text>
        <effectiveTime>
          <low value="20080726035009"/>
          <high value="20080726040509"/>
        </effectiveTime>
      </encounter>
    </entry>
    <entry typeCode="DRIV">
      <encounter classCode="ENC" moodCode="EVN">
		    <templateId root="2.16.840.1.113883.10.20.22.4.49"/>
        <!-- Encounter activity template -->
        <id root="e40179a9-56eb-f329-a5cc-03efceeaf4d2"/>
        <code  code="410620009" codeSystem="2.16.840.1.113883.6.96" displayName="Well child visit (procedure)">
          <originalText><reference value="#encounters-desc-2"/></originalText>
        </code>
        <text>
          <reference value="#encounters-desc-2"/>
        </text>
        <effectiveTime>
          <low value="20081101035009"/>
          <high value="20081101040509"/>
        </effectiveTime>
      </encounter>
    </entry>
    <entry typeCode="DRIV">
      <encounter classCode="ENC" moodCode="EVN">
		    <templateId root="2.16.840.1.113883.10.20.22.4.49"/>
        <!-- Encounter activity template -->
        <id root="203a6725-2352-4e52-1ad4-9db74b8352dc"/>
        <code  code="702927004" codeSystem="2.16.840.1.113883.6.96" displayName="Urgent care clinic (environment)">
          <originalText><reference value="#encounters-desc-3"/></originalText>
        </code>
        <text>
          <reference value="#encounters-desc-3"/>
        </text>
        <effectiveTime>
          <low value="20081108035009"/>
          <high value="20081108040509"/>
        </effectiveTime>
      </encounter>
    </entry>
    <entry typeCode="DRIV">
      <encounter classCode="ENC" moodCode="EVN">
		    <templateId root="2.16.840.1.113883.10.20.22.4.49"/>
        <!-- Encounter activity template -->
        <id root="20c5ca49-0e63-3800-bd1c-989b199956b3"/>
        <code  code="410620009" codeSystem="2.16.840.1.113883.6.96" displayName="Well child visit (procedure)">
          <originalText><reference value="#encounters-desc-4"/></originalText>
        </code>
        <text>
          <reference value="#encounters-desc-4"/>
        </text>
        <effectiveTime>
          <low value="20090103035009"/>
          <high value="20090103040509"/>
        </effectiveTime>
      </encounter>
    </entry>
    <entry typeCode="DRIV">
      <encounter classCode="ENC" moodCode="EVN">
		    <templateId root="2.16.840.1.113883.10.20.22.4.49"/>
        <!-- Encounter activity template -->
        <id root="a763f163-baad-9dca-b539-e918c6f068ad"/>
        <code  code="410620009" codeSystem="2.16.840.1.113883.6.96" displayName="Well child visit (procedure)">
          <originalText><reference value="#encounters-desc-5"/></originalText>
        </code>
        <text>
          <reference value="#encounters-desc-5"/>
        </text>
        <effectiveTime>
          <low value="20091003035009"/>
          <high value="20091003040509"/>
        </effectiveTime>
      </encounter>
    </entry>
    <entry typeCode="DRIV">
      <encounter classCode="ENC" moodCode="EVN">
		    <templateId root="2.16.840.1.113883.10.20.22.4.49"/>
        <!-- Encounter activity template -->
        <id root="5f1080cf-d79d-38c4-c275-b50b21653eae"/>
        <code  code="410620009" codeSystem="2.16.840.1.113883.6.96" displayName="Well child visit (procedure)">
          <originalText><reference value="#encounters-desc-6"/></originalText>
        </code>
        <text>
          <reference value="#encounters-desc-6"/>
        </text>
        <effectiveTime>
          <low value="20100102035009"/>
          <high value="20100102040509"/>
        </effectiveTime>
      </encounter>
    </entry>
    <entry typeCode="DRIV">
      <encounter classCode="ENC" moodCode="EVN">
		    <templateId root="2.16.840.1.113883.10.20.22.4.49"/>
        <!-- Encounter activity template -->
        <id root="1f8eed6e-00d4-ca06-3900-6f684ba67534"/>
        <code  code="410620009" codeSystem="2.16.840.1.113883.6.96" displayName="Well child visit (procedure)">
          <originalText><reference value="#encounters-desc-7"/></originalText>
        </code>
        <text>
          <reference value="#encounters-desc-7"/>
        </text>
        <effectiveTime>
          <low value="20110101035009"/>
          <high value="20110101040509"/>
        </effectiveTime>
      </encounter>
    </entry>
    <entry typeCode="DRIV">
      <encounter classCode="ENC" moodCode="EVN">
		    <templateId root="2.16.840.1.113883.10.20.22.4.49"/>
        <!-- Encounter activity template -->
        <id root="10683f47-f9bf-b1ed-a9c9-1d6f20b96bba"/>
        <code  code="410620009" codeSystem="2.16.840.1.113883.6.96" displayName="Well child visit (procedure)">
          <originalText><reference value="#encounters-desc-8"/></originalText>
        </code>
        <text>
          <reference value="#encounters-desc-8"/>
        </text>
        <effectiveTime>
          <low value="20120630035009"/>
          <high value="20120630040509"/>
        </effectiveTime>
      </encounter>
    </entry>
    <entry typeCode="DRIV">
      <encounter classCode="ENC" moodCode="EVN">
		    <templateId root="2.16.840.1.113883.10.20.22.4.49"/>
        <!-- Encounter activity template -->
        <id root="cdbed6aa-06a0-0308-ca00-703b2b5d828d"/>
        <code  code="410620009" codeSystem="2.16.840.1.113883.6.96" displayName="Well child visit (procedure)">
          <originalText><reference value="#encounters-desc-9"/></originalText>
        </code>
        <text>
          <reference value="#encounters-desc-9"/>
        </text>
        <effectiveTime>
          <low value="20150718035009"/>
          <high value="20150718040509"/>
        </effectiveTime>
      </encounter>
    </entry>
    <entry typeCode="DRIV">
      <encounter classCode="ENC" moodCode="EVN">
		    <templateId root="2.16.840.1.113883.10.20.22.4.49"/>
        <!-- Encounter activity template -->
        <id root="8b7b30ff-89d1-c3a0-c9fb-42157a784256"/>
        <code  code="410620009" codeSystem="2.16.840.1.113883.6.96" displayName="Well child visit (procedure)">
          <originalText><reference value="#encounters-desc-10"/></originalText>
        </code>
        <text>
          <reference value="#encounters-desc-10"/>
        </text>
        <effectiveTime>
          <low value="20170729035009"/>
          <high value="20170729040509"/>
        </effectiveTime>
      </encounter>
    </entry>
    <entry typeCode="DRIV">
      <encounter classCode="ENC" moodCode="EVN">
		    <templateId root="2.16.840.1.113883.10.20.22.4.49"/>
        <!-- Encounter activity template -->
        <id root="4d5515f7-8d3b-4d32-6d3a-dc4c0bf42700"/>
        <code  code="185345009" codeSystem="2.16.840.1.113883.6.96" displayName="Encounter for symptom">
          <originalText><reference value="#encounters-desc-11"/></originalText>
        </code>
        <text>
          <reference value="#encounters-desc-11"/>
        </text>
        <effectiveTime>
          <low value="20230627155009"/>
          <high value="20230627160509"/>
        </effectiveTime>
      </encounter>
    </entry>
    <entry typeCode="DRIV">
      <encounter classCode="ENC" moodCode="EVN">
		    <templateId root="2.16.840.1.113883.10.20.22.4.49"/>
        <!-- Encounter activity template -->
        <id root="eb92c1ac-fef1-3e4e-64db-2a89b8414014"/>
        <code  code="410620009" codeSystem="2.16.840.1.113883.6.96" displayName="Well child visit (procedure)">
          <originalText><reference value="#encounters-desc-12"/></originalText>
        </code>
        <text>
          <reference value="#encounters-desc-12"/>
        </text>
        <effectiveTime>
          <low value="20230902035009"/>
          <high value="20230902040509"/>
        </effectiveTime>
      </encounter>
    </entry>
    <entry typeCode="DRIV">
      <encounter classCode="ENC" moodCode="EVN">
		    <templateId root="2.16.840.1.113883.10.20.22.4.49"/>
        <!-- Encounter activity template -->
        <id root="471ae0d8-e9ed-aaeb-e952-4838d4c10a29"/>
        <code  code="410620009" codeSystem="2.16.840.1.113883.6.96" displayName="Well child visit (procedure)">
          <originalText><reference value="#encounters-desc-13"/></originalText>
        </code>
        <text>
          <reference value="#encounters-desc-13"/>
        </text>
        <effectiveTime>
          <low value="20240907035009"/>
          <high value="20240907041901"/>
        </effectiveTime>
      </encounter>
    </entry>
  </section>
</component>
<component>
  <!--Vital Signs-->
  <section>
    <templateId root="2.16.840.1.113883.10.20.22.2.4.1" extension="2015-08-01"/>
    <!--Vital Signs section template-->
    <code code="8716-3" codeSystem="2.16.840.1.113883.6.1" codeSystemName="LOINC" displayName="Vital signs"/>
    <title>Vital Signs</title>
<text>
  <table border="1" width="100%">
    <thead>
      <tr>
        <th>Start</th>
        <th>Stop</th>
        <th>Description</th>
        <th>Code</th>
        <th>Value</th>
      </tr>
    </thead>
    <tbody>
        <tr>
          <td>2023-06-27T15:50:09+05:30</td>
          <td></td>
          <td ID="observations-desc-1">Body temperature</td>
          <td ID="observations-code-1">http://loinc.org 8310-5</td>
          <td>37.727827039547115 Cel</td>
        </tr>
        <tr>
          <td>2023-09-02T03:50:09+05:30</td>
          <td></td>
          <td ID="observations-desc-2">Body Height</td>
          <td ID="observations-code-2">http://loinc.org 8302-2</td>
          <td>165.7 cm</td>
        </tr>
        <tr>
          <td>2023-09-02T03:50:09+05:30</td>
          <td></td>
          <td ID="observations-desc-3">Pain severity - 0-10 verbal numeric rating [Score] - Reported</td>
          <td ID="observations-code-3">http://loinc.org 72514-3</td>
          <td>3 {score}</td>
        </tr>
        <tr>
          <td>2023-09-02T03:50:09+05:30</td>
          <td></td>
          <td ID="observations-desc-4">Body Weight</td>
          <td ID="observations-code-4">http://loinc.org 29463-7</td>
          <td>56.9 kg</td>
        </tr>
        <tr>
          <td>2023-09-02T03:50:09+05:30</td>
          <td></td>
          <td ID="observations-desc-5">Body mass index (BMI) [Ratio]</td>
          <td ID="observations-code-5">http://loinc.org 39156-5</td>
          <td>20.72 kg/m2</td>
        </tr>
        <tr>
          <td>2023-09-02T03:50:09+05:30</td>
          <td></td>
          <td ID="observations-desc-6">Body mass index (BMI) [Percentile] Per age and sex</td>
          <td ID="observations-code-6">http://loinc.org 59576-9</td>
          <td>61.09428572154313 %</td>
        </tr>
        <tr>
          <td>2023-09-02T03:50:09+05:30</td>
          <td></td>
          <td ID="observations-desc-7">Heart rate</td>
          <td ID="observations-code-7">http://loinc.org 8867-4</td>
          <td>100 /min</td>
        </tr>
        <tr>
          <td>2023-09-02T03:50:09+05:30</td>
          <td></td>
          <td ID="observations-desc-8">Respiratory rate</td>
          <td ID="observations-code-8">http://loinc.org 9279-1</td>
          <td>15 /min</td>
        </tr>
        <tr>
          <td>2024-09-07T03:50:09+05:30</td>
          <td></td>
          <td ID="observations-desc-9">Body Height</td>
          <td ID="observations-code-9">http://loinc.org 8302-2</td>
          <td>169.2 cm</td>
        </tr>
        <tr>
          <td>2024-09-07T03:50:09+05:30</td>
          <td></td>
          <td ID="observations-desc-10">Pain severity - 0-10 verbal numeric rating [Score] - Reported</td>
          <td ID="observations-code-10">http://loinc.org 72514-3</td>
          <td>3 {score}</td>
        </tr>
        <tr>
          <td>2024-09-07T03:50:09+05:30</td>
          <td></td>
          <td ID="observations-desc-11">Body Weight</td>
          <td ID="observations-code-11">http://loinc.org 29463-7</td>
          <td>59.7 kg</td>
        </tr>
        <tr>
          <td>2024-09-07T03:50:09+05:30</td>
          <td></td>
          <td ID="observations-desc-12">Body mass index (BMI) [Ratio]</td>
          <td ID="observations-code-12">http://loinc.org 39156-5</td>
          <td>20.86 kg/m2</td>
        </tr>
        <tr>
          <td>2024-09-07T03:50:09+05:30</td>
          <td></td>
          <td ID="observations-desc-13">Body mass index (BMI) [Percentile] Per age and sex</td>
          <td ID="observations-code-13">http://loinc.org 59576-9</td>
          <td>53.42541139099396 %</td>
        </tr>
        <tr>
          <td>2024-09-07T03:50:09+05:30</td>
          <td></td>
          <td ID="observations-desc-14">Heart rate</td>
          <td ID="observations-code-14">http://loinc.org 8867-4</td>
          <td>73 /min</td>
        </tr>
        <tr>
          <td>2024-09-07T03:50:09+05:30</td>
          <td></td>
          <td ID="observations-desc-15">Respiratory rate</td>
          <td ID="observations-code-15">http://loinc.org 9279-1</td>
          <td>13 /min</td>
        </tr>
    </tbody>
  </table>
</text>
    <entry typeCode="DRIV">
      <organizer classCode="CLUSTER" moodCode="EVN">
        <templateId root="2.16.840.1.113883.10.20.22.4.26"/>
        <templateId root="2.16.840.1.113883.10.20.22.4.26" extension="2015-08-01"/>
        <!-- Vital signs organizer template -->
        <id root="9e72e267-594a-fc71-0de8-1c68f6a0b81d"/>
        <code code="46680005" codeSystem="2.16.840.1.113883.6.96" displayName="Vital signs" codeSystemName="SNOMED CT">
          <translation code="74728-7" displayName="Vital signs, weight, height, head circumference, oximetry, BMI, and BSA panel" codeSystem="2.16.840.1.113883.6.1" codeSystemName="LOINC" />
        </code>
        <statusCode code="completed"/>
        <effectiveTime value="20250607035009"/>
        <component>
          <observation classCode="OBS" moodCode="EVN">
            <templateId root="2.16.840.1.113883.10.20.22.4.27"/>
            <templateId root="2.16.840.1.113883.10.20.22.4.27" extension="2014-06-09"/>
            <!-- Result observation template -->
            <id root="f5b5375f-ac18-bed9-6152-68267852fe9d"/>
        <code  code="8310-5" codeSystem="2.16.840.1.113883.6.1" displayName="Body temperature">
          <originalText><reference value="#observations-desc-1"/></originalText>
              <translation code="8331-1" codeSystem="2.16.840.1.113883.6.1" displayName="Oral temperature"/>
        </code>
            <text>
              <reference value="#observations-desc-1"/>
            </text>
            <statusCode code="completed"/>
            <effectiveTime value="20230627155009"/>
            <value xsi:type="PQ" value="37.727827039547115" unit="Cel"/>
          </observation>
        </component>
        <component>
          <observation classCode="OBS" moodCode="EVN">
            <templateId root="2.16.840.1.113883.10.20.22.4.27"/>
            <templateId root="2.16.840.1.113883.10.20.22.4.27" extension="2014-06-09"/>
            <!-- Result observation template -->
            <id root="ff77d761-1c2b-c71e-2b0c-7000f6414d94"/>
        <code  code="8302-2" codeSystem="2.16.840.1.113883.6.1" displayName="Body Height">
          <originalText><reference value="#observations-desc-2"/></originalText>
        </code>
            <text>
              <reference value="#observations-desc-2"/>
            </text>
            <statusCode code="completed"/>
            <effectiveTime value="20230902035009"/>
            <value xsi:type="PQ" value="165.7" unit="cm"/>
          </observation>
        </component>
        <component>
          <observation classCode="OBS" moodCode="EVN">
            <templateId root="2.16.840.1.113883.10.20.22.4.27"/>
            <templateId root="2.16.840.1.113883.10.20.22.4.27" extension="2014-06-09"/>
            <!-- Result observation template -->
            <id root="9ab58f96-8900-bbf2-11b9-7f205ac81553"/>
        <code  code="72514-3" codeSystem="2.16.840.1.113883.6.1" displayName="Pain severity - 0-10 verbal numeric rating [Score] - Reported">
          <originalText><reference value="#observations-desc-3"/></originalText>
        </code>
            <text>
              <reference value="#observations-desc-3"/>
            </text>
            <statusCode code="completed"/>
            <effectiveTime value="20230902035009"/>
            <value xsi:type="PQ" value="3" unit="{score}"/>
          </observation>
        </component>
        <component>
          <observation classCode="OBS" moodCode="EVN">
            <templateId root="2.16.840.1.113883.10.20.22.4.27"/>
            <templateId root="2.16.840.1.113883.10.20.22.4.27" extension="2014-06-09"/>
            <!-- Result observation template -->
            <id root="4258207c-d14b-03fd-8646-46a3ee36df4f"/>
        <code  code="29463-7" codeSystem="2.16.840.1.113883.6.1" displayName="Body Weight">
          <originalText><reference value="#observations-desc-4"/></originalText>
        </code>
            <text>
              <reference value="#observations-desc-4"/>
            </text>
            <statusCode code="completed"/>
            <effectiveTime value="20230902035009"/>
            <value xsi:type="PQ" value="56.9" unit="kg"/>
          </observation>
        </component>
        <component>
          <observation classCode="OBS" moodCode="EVN">
            <templateId root="2.16.840.1.113883.10.20.22.4.27"/>
            <templateId root="2.16.840.1.113883.10.20.22.4.27" extension="2014-06-09"/>
            <!-- Result observation template -->
            <id root="56d47908-77a5-cfe8-740a-b975aefff985"/>
        <code  code="39156-5" codeSystem="2.16.840.1.113883.6.1" displayName="Body mass index (BMI) [Ratio]">
          <originalText><reference value="#observations-desc-5"/></originalText>
        </code>
            <text>
              <reference value="#observations-desc-5"/>
            </text>
            <statusCode code="completed"/>
            <effectiveTime value="20230902035009"/>
            <value xsi:type="PQ" value="20.72" unit="kg/m2"/>
          </observation>
        </component>
        <component>
          <observation classCode="OBS" moodCode="EVN">
            <templateId root="2.16.840.1.113883.10.20.22.4.27"/>
            <templateId root="2.16.840.1.113883.10.20.22.4.27" extension="2014-06-09"/>
            <!-- Result observation template -->
            <id root="ef433500-5dc4-010c-9462-08dfa2aec9ac"/>
        <code  code="59576-9" codeSystem="2.16.840.1.113883.6.1" displayName="Body mass index (BMI) [Percentile] Per age and sex">
          <originalText><reference value="#observations-desc-6"/></originalText>
        </code>
            <text>
              <reference value="#observations-desc-6"/>
            </text>
            <statusCode code="completed"/>
            <effectiveTime value="20230902035009"/>
            <value xsi:type="PQ" value="61.09428572154313" unit="%"/>
          </observation>
        </component>
        <component>
          <observation classCode="OBS" moodCode="EVN">
            <templateId root="2.16.840.1.113883.10.20.22.4.27"/>
            <templateId root="2.16.840.1.113883.10.20.22.4.27" extension="2014-06-09"/>
            <!-- Result observation template -->
            <id root="54cf22f1-5695-f144-ee58-f9305ff3bea7"/>
        <code  code="8867-4" codeSystem="2.16.840.1.113883.6.1" displayName="Heart rate">
          <originalText><reference value="#observations-desc-7"/></originalText>
        </code>
            <text>
              <reference value="#observations-desc-7"/>
            </text>
            <statusCode code="completed"/>
            <effectiveTime value="20230902035009"/>
            <value xsi:type="PQ" value="100" unit="/min"/>
          </observation>
        </component>
        <component>
          <observation classCode="OBS" moodCode="EVN">
            <templateId root="2.16.840.1.113883.10.20.22.4.27"/>
            <templateId root="2.16.840.1.113883.10.20.22.4.27" extension="2014-06-09"/>
            <!-- Result observation template -->
            <id root="2f973f8a-7443-c385-3ebd-c9e691ba1725"/>
        <code  code="9279-1" codeSystem="2.16.840.1.113883.6.1" displayName="Respiratory rate">
          <originalText><reference value="#observations-desc-8"/></originalText>
        </code>
            <text>
              <reference value="#observations-desc-8"/>
            </text>
            <statusCode code="completed"/>
            <effectiveTime value="20230902035009"/>
            <value xsi:type="PQ" value="15" unit="/min"/>
          </observation>
        </component>
        <component>
          <observation classCode="OBS" moodCode="EVN">
            <templateId root="2.16.840.1.113883.10.20.22.4.27"/>
            <templateId root="2.16.840.1.113883.10.20.22.4.27" extension="2014-06-09"/>
            <!-- Result observation template -->
            <id root="af09efd3-4188-c6b5-5b51-a81dc207a029"/>
        <code  code="8302-2" codeSystem="2.16.840.1.113883.6.1" displayName="Body Height">
          <originalText><reference value="#observations-desc-9"/></originalText>
        </code>
            <text>
              <reference value="#observations-desc-9"/>
            </text>
            <statusCode code="completed"/>
            <effectiveTime value="20240907035009"/>
            <value xsi:type="PQ" value="169.2" unit="cm"/>
          </observation>
        </component>
        <component>
          <observation classCode="OBS" moodCode="EVN">
            <templateId root="2.16.840.1.113883.10.20.22.4.27"/>
            <templateId root="2.16.840.1.113883.10.20.22.4.27" extension="2014-06-09"/>
            <!-- Result observation template -->
            <id root="a5c244a0-ee7a-b64c-03d5-14a9a714650f"/>
        <code  code="72514-3" codeSystem="2.16.840.1.113883.6.1" displayName="Pain severity - 0-10 verbal numeric rating [Score] - Reported">
          <originalText><reference value="#observations-desc-10"/></originalText>
        </code>
            <text>
              <reference value="#observations-desc-10"/>
            </text>
            <statusCode code="completed"/>
            <effectiveTime value="20240907035009"/>
            <value xsi:type="PQ" value="3" unit="{score}"/>
          </observation>
        </component>
        <component>
          <observation classCode="OBS" moodCode="EVN">
            <templateId root="2.16.840.1.113883.10.20.22.4.27"/>
            <templateId root="2.16.840.1.113883.10.20.22.4.27" extension="2014-06-09"/>
            <!-- Result observation template -->
            <id root="e1931d18-af0d-f3fc-8a13-b5357caf894e"/>
        <code  code="29463-7" codeSystem="2.16.840.1.113883.6.1" displayName="Body Weight">
          <originalText><reference value="#observations-desc-11"/></originalText>
        </code>
            <text>
              <reference value="#observations-desc-11"/>
            </text>
            <statusCode code="completed"/>
            <effectiveTime value="20240907035009"/>
            <value xsi:type="PQ" value="59.7" unit="kg"/>
          </observation>
        </component>
        <component>
          <observation classCode="OBS" moodCode="EVN">
            <templateId root="2.16.840.1.113883.10.20.22.4.27"/>
            <templateId root="2.16.840.1.113883.10.20.22.4.27" extension="2014-06-09"/>
            <!-- Result observation template -->
            <id root="2997c8ed-633f-c40e-a8d2-706575c48107"/>
        <code  code="39156-5" codeSystem="2.16.840.1.113883.6.1" displayName="Body mass index (BMI) [Ratio]">
          <originalText><reference value="#observations-desc-12"/></originalText>
        </code>
            <text>
              <reference value="#observations-desc-12"/>
            </text>
            <statusCode code="completed"/>
            <effectiveTime value="20240907035009"/>
            <value xsi:type="PQ" value="20.86" unit="kg/m2"/>
          </observation>
        </component>
        <component>
          <observation classCode="OBS" moodCode="EVN">
            <templateId root="2.16.840.1.113883.10.20.22.4.27"/>
            <templateId root="2.16.840.1.113883.10.20.22.4.27" extension="2014-06-09"/>
            <!-- Result observation template -->
            <id root="57566d3f-eed0-d8d8-d97f-6e0fc3db5386"/>
        <code  code="59576-9" codeSystem="2.16.840.1.113883.6.1" displayName="Body mass index (BMI) [Percentile] Per age and sex">
          <originalText><reference value="#observations-desc-13"/></originalText>
        </code>
            <text>
              <reference value="#observations-desc-13"/>
            </text>
            <statusCode code="completed"/>
            <effectiveTime value="20240907035009"/>
            <value xsi:type="PQ" value="53.42541139099396" unit="%"/>
          </observation>
        </component>
        <component>
          <observation classCode="OBS" moodCode="EVN">
            <templateId root="2.16.840.1.113883.10.20.22.4.27"/>
            <templateId root="2.16.840.1.113883.10.20.22.4.27" extension="2014-06-09"/>
            <!-- Result observation template -->
            <id root="73ac0646-5dec-7203-c184-35a40db71d65"/>
        <code  code="8867-4" codeSystem="2.16.840.1.113883.6.1" displayName="Heart rate">
          <originalText><reference value="#observations-desc-14"/></originalText>
        </code>
            <text>
              <reference value="#observations-desc-14"/>
            </text>
            <statusCode code="completed"/>
            <effectiveTime value="20240907035009"/>
            <value xsi:type="PQ" value="73" unit="/min"/>
          </observation>
        </component>
        <component>
          <observation classCode="OBS" moodCode="EVN">
            <templateId root="2.16.840.1.113883.10.20.22.4.27"/>
            <templateId root="2.16.840.1.113883.10.20.22.4.27" extension="2014-06-09"/>
            <!-- Result observation template -->
            <id root="8cd5fb3a-0e9e-9c71-0ba3-a32ae16dc85d"/>
        <code  code="9279-1" codeSystem="2.16.840.1.113883.6.1" displayName="Respiratory rate">
          <originalText><reference value="#observations-desc-15"/></originalText>
        </code>
            <text>
              <reference value="#observations-desc-15"/>
            </text>
            <statusCode code="completed"/>
            <effectiveTime value="20240907035009"/>
            <value xsi:type="PQ" value="13" unit="/min"/>
          </observation>
        </component>
      </organizer>
    </entry>
  </section>
</component>
<component>
  <!--Immunizations-->
  <section>
    <templateId root="2.16.840.1.113883.10.20.22.2.2" extension="2015-08-01"/>
    <!--Immunizations section template-->
    <code code="11369-6" codeSystem="2.16.840.1.113883.6.1" codeSystemName="LOINC" displayName="History of immunizations"/>
    <title>Immunizations</title>
<text>
  <table border="1" width="100%">
    <thead>
      <tr>
        <th>Start</th>
        <th>Stop</th>
        <th>Description</th>
        <th>Code</th>
      </tr>
    </thead>
    <tbody>
        <tr>
          <td>2023-09-02T03:50:09+05:30</td>
          <td></td>
          <td ID="immunizations-desc-1">Influenza, seasonal, injectable, preservative free</td>
          <td ID="immunizations-code-1">http://hl7.org/fhir/sid/cvx 140</td>
        </tr>
        <tr>
          <td>2024-09-07T03:50:09+05:30</td>
          <td></td>
          <td ID="immunizations-desc-2">Influenza, seasonal, injectable, preservative free</td>
          <td ID="immunizations-code-2">http://hl7.org/fhir/sid/cvx 140</td>
        </tr>
        <tr>
          <td>2024-09-07T03:50:09+05:30</td>
          <td></td>
          <td ID="immunizations-desc-3">meningococcal MCV4P</td>
          <td ID="immunizations-code-3">http://hl7.org/fhir/sid/cvx 114</td>
        </tr>
    </tbody>
  </table>
</text>
    <entry typeCode="DRIV">
      <substanceAdministration classCode="SBADM" moodCode="EVN" negationInd="false">
        <templateId root="2.16.840.1.113883.10.20.22.4.52"/>
        <!-- Medication activity template -->
        <id root="c1bfd950-b941-0120-1d86-04e715fc63d5"/>
        <code code='IMMUNIZ' codeSystem='2.16.840.1.113883.5.4' codeSystemName='ActCode'/>
        <text>
          <reference value="#immunizations-desc-1"/>
        </text>
        <statusCode code="completed"/>
        <effectiveTime value="20230902035009"/>
        <doseQuantity nullFlavor="UNK"/>
        <consumable>
          <manufacturedProduct classCode="MANU">
            <templateId root="2.16.840.1.113883.10.20.22.4.54"/>
            <!-- Product template -->
            <manufacturedMaterial>
        <code  code="140" codeSystem="2.16.840.1.113883.12.292" displayName="Influenza, seasonal, injectable, preservative free">
          <originalText><reference value="#immunizations-desc-1"/></originalText>
        </code>
              <name>Influenza, seasonal, injectable, preservative free</name>
            </manufacturedMaterial>
          </manufacturedProduct>
        </consumable>
      </substanceAdministration>
    </entry>
    <entry typeCode="DRIV">
      <substanceAdministration classCode="SBADM" moodCode="EVN" negationInd="false">
        <templateId root="2.16.840.1.113883.10.20.22.4.52"/>
        <!-- Medication activity template -->
        <id root="eac3e3fb-f1fa-c966-2f11-07cc13f9f62a"/>
        <code code='IMMUNIZ' codeSystem='2.16.840.1.113883.5.4' codeSystemName='ActCode'/>
        <text>
          <reference value="#immunizations-desc-2"/>
        </text>
        <statusCode code="completed"/>
        <effectiveTime value="20240907035009"/>
        <doseQuantity nullFlavor="UNK"/>
        <consumable>
          <manufacturedProduct classCode="MANU">
            <templateId root="2.16.840.1.113883.10.20.22.4.54"/>
            <!-- Product template -->
            <manufacturedMaterial>
        <code  code="140" codeSystem="2.16.840.1.113883.12.292" displayName="Influenza, seasonal, injectable, preservative free">
          <originalText><reference value="#immunizations-desc-2"/></originalText>
        </code>
              <name>Influenza, seasonal, injectable, preservative free</name>
            </manufacturedMaterial>
          </manufacturedProduct>
        </consumable>
      </substanceAdministration>
    </entry>
    <entry typeCode="DRIV">
      <substanceAdministration classCode="SBADM" moodCode="EVN" negationInd="false">
        <templateId root="2.16.840.1.113883.10.20.22.4.52"/>
        <!-- Medication activity template -->
        <id root="ae4db47c-f179-118f-ee61-1ccb03619b04"/>
        <code code='IMMUNIZ' codeSystem='2.16.840.1.113883.5.4' codeSystemName='ActCode'/>
        <text>
          <reference value="#immunizations-desc-3"/>
        </text>
        <statusCode code="completed"/>
        <effectiveTime value="20240907035009"/>
        <doseQuantity nullFlavor="UNK"/>
        <consumable>
          <manufacturedProduct classCode="MANU">
            <templateId root="2.16.840.1.113883.10.20.22.4.54"/>
            <!-- Product template -->
            <manufacturedMaterial>
        <code  code="114" codeSystem="2.16.840.1.113883.12.292" displayName="meningococcal MCV4P">
          <originalText><reference value="#immunizations-desc-3"/></originalText>
        </code>
              <name>meningococcal MCV4P</name>
            </manufacturedMaterial>
          </manufacturedProduct>
        </consumable>
      </substanceAdministration>
    </entry>
  </section>
</component>
<component>
  <!--Social History - CCDA-->
  <section>
    <templateId root="2.16.840.1.113883.10.20.22.2.17" extension="2015-08-01"/>
    <templateId root="2.16.840.1.113883.10.20.22.2.17"/>
    <!-- Social history section template -->
    <code code="29762-2" codeSystem="2.16.840.1.113883.6.1"/>
    <title>Social History</title>
    <text>There is no current social history except smoking status.</text>
    <entry typeCode="DRIV">
      <observation classCode="OBS" moodCode="EVN">
        <templateId root="2.16.840.1.113883.10.20.22.4.78"/>
        <templateId root="2.16.840.1.113883.10.20.22.4.78" extension="2014-06-09"/>
        <!-- Smoking Status Meaningful Use template -->
        <id root="297a95c4-41d8-c1e9-9aaf-4b2501e33540"/>
        <code code="72166-2" codeSystem="2.16.840.1.113883.6.1" displayName="Tobacco smoking status NHIS" />
        <statusCode code="completed"/>
        <effectiveTime value="20240907035009"/>
        <value xsi:type="CD" code="266919005" displayName="Never smoked tobacco (finding)" codeSystem="2.16.840.1.113883.6.96"/>
          <author>
            <time value="20250607035009"/>
            <assignedAuthor>
              <id nullFlavor="NA"/>
              <addr nullFlavor="NA" />
              <telecom nullFlavor="NA" />
              <assignedAuthoringDevice>
                <manufacturerModelName>https://github.com/synthetichealth/synthea</manufacturerModelName>
                <softwareName>https://github.com/synthetichealth/synthea</softwareName>
              </assignedAuthoringDevice>
              <representedOrganization>
                <id nullFlavor="NA"/>
                <name>NORTON HEALTH CARE PC</name>
                <telecom nullFlavor="NA"/>
                <addr>
                  <streetAddressLine>85 E MAIN ST STE A</streetAddressLine>
                  <city>NORTON</city>
                  <state>MA</state>
                  <postalCode>027662307</postalCode>
                </addr>
              </representedOrganization>
            </assignedAuthor>
          </author>
      </observation>
    </entry>
  </section>
</component><component>
<!--Survey Responses in Functional Status-->
    <section>
        <templateId root="2.16.840.1.113883.10.20.22.2.14" extension="2014-06-09" />
        <templateId root="2.16.840.1.113883.10.20.22.2.14" />
        <!-- Functional Status Section template V2-->
        <code code="47420-5" codeSystem="2.16.840.1.113883.6.1" codeSystemName="LOINC" displayName="Functional Status" />
        <title>Functional Status</title>
<text>
  <table border="1" width="100%">
    <thead>
      <tr>
        <th>Start</th>
        <th>Stop</th>
        <th>Description</th>
        <th>Code</th>
        <th>Value</th>
      </tr>
    </thead>
    <tbody>
        <tr>
          <td>2023-09-02T04:23:10+05:30</td>
          <td></td>
          <td ID="functional-status-desc-1">Patient Health Questionnaire-9: Modified for Teens total score [Reported.PHQ.Teen]</td>
          <td ID="functional-status-code-1">http://loinc.org 89204-2</td>
          <td>3 {score}</td>
        </tr>
        <tr>
          <td>2024-09-07T04:19:01+05:30</td>
          <td></td>
          <td ID="functional-status-desc-2">Generalized anxiety disorder 7 item (GAD-7) total score [Reported.PHQ]</td>
          <td ID="functional-status-code-2">http://loinc.org 70274-6</td>
          <td>18 {score}</td>
        </tr>
        <tr>
          <td>2024-09-07T04:52:54+05:30</td>
          <td></td>
          <td ID="functional-status-desc-3">Patient Health Questionnaire-9: Modified for Teens total score [Reported.PHQ.Teen]</td>
          <td ID="functional-status-code-3">http://loinc.org 89204-2</td>
          <td>1 {score}</td>
        </tr>
    </tbody>
  </table>
</text>
        <entry>
         <observation classCode="OBS" moodCode="EVN">
             <templateId root="2.16.840.1.113883.10.20.22.4.69"/>
             <id root="91bab5db-00d1-2efc-fcfd-60837b9782ae"/>
        <code  code="89204-2" codeSystem="2.16.840.1.113883.6.1" displayName="Patient Health Questionnaire-9: Modified for Teens total score [Reported.PHQ.Teen]">
          <originalText><reference value="#functional-status-desc-1"/></originalText>
        </code>
             <text>
               <reference value="#functional-status-desc-1"/>
             </text>
             <statusCode code="completed"/>
             <effectiveTime value="20230902042310"/>
             <value xsi:type="INT" value="3"/>
         </observation>
        </entry>
        <entry>
         <observation classCode="OBS" moodCode="EVN">
             <templateId root="2.16.840.1.113883.10.20.22.4.69"/>
             <id root="e7a0c6e0-bd49-6a69-1af5-d326abff30a0"/>
        <code  code="70274-6" codeSystem="2.16.840.1.113883.6.1" displayName="Generalized anxiety disorder 7 item (GAD-7) total score [Reported.PHQ]">
          <originalText><reference value="#functional-status-desc-2"/></originalText>
        </code>
             <text>
               <reference value="#functional-status-desc-2"/>
             </text>
             <statusCode code="completed"/>
             <effectiveTime value="20240907041901"/>
             <value xsi:type="INT" value="18"/>
         </observation>
        </entry>
        <entry>
         <observation classCode="OBS" moodCode="EVN">
             <templateId root="2.16.840.1.113883.10.20.22.4.69"/>
             <id root="5d6e7f1f-422e-1fb7-eeea-676008d3a462"/>
        <code  code="89204-2" codeSystem="2.16.840.1.113883.6.1" displayName="Patient Health Questionnaire-9: Modified for Teens total score [Reported.PHQ.Teen]">
          <originalText><reference value="#functional-status-desc-3"/></originalText>
        </code>
             <text>
               <reference value="#functional-status-desc-3"/>
             </text>
             <statusCode code="completed"/>
             <effectiveTime value="20240907045254"/>
             <value xsi:type="INT" value="1"/>
         </observation>
        </entry>
    </section>
</component>    </structuredBody>
  </component>
</ClinicalDocument>
