<?xml version="1.0" encoding="UTF-8"?>
<ClinicalDocument xmlns="urn:hl7-org:v3" xmlns:sdtc="urn:hl7-org:sdtc" xmlns:xsi="http://www.w3.org/2001/XMLSchema-instance" xsi:schemaLocation="urn:hl7-org:v3 http://xreg2.nist.gov:8080/hitspValidation/schema/cdar2c32/infrastructure/cda/C32_CDA.xsd">
  <realmCode code="US"/>
  <typeId root="2.16.840.1.113883.1.3" extension="POCD_HD000040"/>
  <templateId root="2.16.840.1.113883.10.20.22.1.1" extension="2015-08-01"/>
  <templateId root="2.16.840.1.113883.10.20.22.1.2" extension="2015-08-01"/>
  <id root="2.16.840.1.113883.19.5" extension="cb5d9df8-cd07-6a7b-3f56-2dc1fb201e90" assigningAuthorityName="https://github.com/synthetichealth/synthea"/>
  <code code="34133-9" displayName="Summarization of episode note" codeSystem="2.16.840.1.113883.6.1" codeSystemName="LOINC"/>
  <title>C-CDA R2.1 Patient Record: Jaleesa813 Wunsch504</title>
  <effectiveTime value="20250607193258"/>
  <confidentialityCode code="N"/>
  <languageCode code="en-US"/>
  <recordTarget>
    <patientRole>
      <id root="2.16.840.1.113883.19.5" extension="cb5d9df8-cd07-6a7b-3f56-2dc1fb201e90" assigningAuthorityName="https://github.com/synthetichealth/synthea"/>
      <addr use="HP">
        <streetAddressLine>585 Paucek Dam</streetAddressLine>
        <city>Boston</city>
        <state>Massachusetts</state>
        <postalCode>02125</postalCode>
      </addr>
      <telecom nullFlavor="NI"/>
      <patient>
        <name>
          <given>Jaleesa813</given>
          <family>Wunsch504</family>
        </name>
        <administrativeGenderCode code="F" codeSystem="2.16.840.1.113883.5.1" codeSystemName="HL7 AdministrativeGender"/>
        <birthTime value="20010120193258"/>
        <raceCode code="2106-3" displayName="white" codeSystemName="CDC Race and Ethnicity" codeSystem="2.16.840.1.113883.6.238"/>
        <ethnicGroupCode code="2186-5" displayName="non-hispanic" codeSystemName="CDC Race and Ethnicity" codeSystem="2.16.840.1.113883.6.238"/>
        <languageCommunication>
          <languageCode code="en-US"/>
        </languageCommunication>
      </patient>
    </patientRole>
  </recordTarget>
  <author>
    <time value="20250607193258"/>
    <assignedAuthor>
      <id nullFlavor="NA"/>
      <addr nullFlavor="NA" />
      <telecom nullFlavor="NA" />
      <assignedAuthoringDevice>
        <manufacturerModelName>https://github.com/synthetichealth/synthea</manufacturerModelName>
        <softwareName>https://github.com/synthetichealth/synthea</softwareName>
      </assignedAuthoringDevice>
      <representedOrganization>
        <id nullFlavor="NA"/>
        <name>MELROSE INTERNAL MEDICINE ASSOC PC</name>
        <telecom nullFlavor="NA"/>
        <addr>
          <streetAddressLine>50 ROWE ST</streetAddressLine>
          <city>MELROSE</city>
          <state>MA</state>
          <postalCode>021763201</postalCode>
        </addr>
      </representedOrganization>
    </assignedAuthor>
  </author>
  <custodian>
    <assignedCustodian>
      <representedCustodianOrganization>
        <id nullFlavor="NA"/>
        <name>MELROSE INTERNAL MEDICINE ASSOC PC</name>
        <telecom nullFlavor="NA"/>
        <addr>
          <streetAddressLine>50 ROWE ST</streetAddressLine>
          <city>MELROSE</city>
          <state>MA</state>
          <postalCode>021763201</postalCode>
        </addr>
      </representedCustodianOrganization>
    </assignedCustodian>
  </custodian>
  <documentationOf>
    <serviceEvent classCode="PCPR">
      <effectiveTime>
        <low value="20010120193258"/>
        <high value="20250607193258"/>
      </effectiveTime>
    </serviceEvent>
  </documentationOf>
  <component>
    <structuredBody>
<component>
  <!-- Allergies: patient has no allergies -->
  <section nullFlavor="NI">
    <templateId root="2.16.840.1.113883.10.20.22.2.6.1" extension="2015-08-01"/>
    <code code="48765-2" codeSystem="2.16.840.1.113883.6.1" codeSystemName="LOINC" displayName="Allergy List"/>
    <title>Allergies</title>                
    <text>There are no current allergies at the time of this document's creation.</text>
  </section>
</component><component>
  <!--Medications-->
  <section>
	<templateId root="2.16.840.1.113883.10.20.22.2.1.1" extension="2014-06-09"/>
    <code code="10160-0" displayName="History of medication use" codeSystem="2.16.840.1.113883.6.1" codeSystemName="LOINC"/>
    <title>Medications</title>
<text>
  <table border="1" width="100%">
    <thead>
      <tr>
        <th>Start</th>
        <th>Stop</th>
        <th>Description</th>
        <th>Code</th>
      </tr>
    </thead>
    <tbody>
        <tr>
          <td>2023-02-03T19:32:58+05:30</td>
          <td>2024-01-29T19:32:58+05:30</td>
          <td ID="medications-desc-1">Trinessa 28 Day Pack</td>
          <td ID="medications-code-1">http://www.nlm.nih.gov/research/umls/rxnorm 751905</td>
        </tr>
    </tbody>
  </table>
</text>
    <entry>
      <!--CCD Medication activity - Required-->
      <substanceAdministration classCode="SBADM" moodCode="EVN">
        <templateId root="2.16.840.1.113883.10.20.22.4.16"/>
        <templateId root="2.16.840.1.113883.10.20.22.4.16" extension="2014-06-09"/>
        <id root="07847b8c-b9bb-c7e7-118b-3e55969925db"/>
        <statusCode code="completed"/>
        <effectiveTime xsi:type="IVL_TS">
          <low value="20230203193258"/>
          <high value="20240129193258"/>
        </effectiveTime>
        <doseQuantity value="1"/>
        <consumable>
          <!--CCD Product - Required-->
          <manufacturedProduct classCode="MANU">
            <templateId root="2.16.840.1.113883.10.20.22.4.23"/>
            <templateId root="2.16.840.1.113883.10.20.22.4.23" extension="2014-06-09"/>
            <manufacturedMaterial>
        <code  code="751905" codeSystem="2.16.840.1.113883.6.88" displayName="Trinessa 28 Day Pack">
          <originalText><reference value="#medications-desc-1"/></originalText>
        </code>
              <name>Trinessa 28 Day Pack</name>
            </manufacturedMaterial>
          </manufacturedProduct>
        </consumable>
      </substanceAdministration>
    </entry>
  </section>
</component>
<component>
  <!-- Diagnostic Results: patient has no results -->
  <section nullFlavor="NI">
    <templateId root="2.16.840.1.113883.10.20.22.2.3.1" extension="2015-08-01"/>
    <code code="30954-2" codeSystem="2.16.840.1.113883.6.1" codeSystemName="LOINC" displayName="Results"/>
    <title>Diagnostic Results</title>
    <text>There are no current results at the time of this document's creation.</text>
  </section>
</component><component>
  <!--Problems-->
  <section>
    <templateId root="2.16.840.1.113883.10.20.22.2.5.1" extension="2015-08-01"/>
    <!--Problems section template-->
    <code code="11450-4" codeSystem="2.16.840.1.113883.6.1" codeSystemName="LOINC" displayName="Problem list"/>
    <title>Problems</title>
<text>
  <table border="1" width="100%">
    <thead>
      <tr>
        <th>Start</th>
        <th>Stop</th>
        <th>Description</th>
        <th>Code</th>
      </tr>
    </thead>
    <tbody>
        <tr>
          <td>2001-01-20T19:32:58+05:30</td>
          <td>2001-02-24T19:32:58+05:30</td>
          <td ID="conditions-desc-1">Medication review due (situation)</td>
          <td ID="conditions-code-1">http://snomed.info/sct 314529007</td>
        </tr>
        <tr>
          <td>2001-04-28T19:32:58+05:30</td>
          <td>2001-09-29T19:32:58+05:30</td>
          <td ID="conditions-desc-2">Medication review due (situation)</td>
          <td ID="conditions-code-2">http://snomed.info/sct 314529007</td>
        </tr>
        <tr>
          <td>2001-12-29T19:32:58+05:30</td>
          <td>2001-12-29T19:32:58+05:30</td>
          <td ID="conditions-desc-3">Medication review due (situation)</td>
          <td ID="conditions-code-3">http://snomed.info/sct 314529007</td>
        </tr>
        <tr>
          <td>2002-03-30T19:32:58+05:30</td>
          <td>2002-03-30T19:32:58+05:30</td>
          <td ID="conditions-desc-4">Medication review due (situation)</td>
          <td ID="conditions-code-4">http://snomed.info/sct 314529007</td>
        </tr>
        <tr>
          <td>2002-06-29T19:32:58+05:30</td>
          <td>2002-12-28T19:32:58+05:30</td>
          <td ID="conditions-desc-5">Medication review due (situation)</td>
          <td ID="conditions-code-5">http://snomed.info/sct 314529007</td>
        </tr>
        <tr>
          <td>2003-06-28T19:32:58+05:30</td>
          <td>2004-06-26T19:32:58+05:30</td>
          <td ID="conditions-desc-6">Medication review due (situation)</td>
          <td ID="conditions-code-6">http://snomed.info/sct 314529007</td>
        </tr>
        <tr>
          <td>2004-12-25T19:32:58+05:30</td>
          <td>2004-12-25T19:32:58+05:30</td>
          <td ID="conditions-desc-7">Medication review due (situation)</td>
          <td ID="conditions-code-7">http://snomed.info/sct 314529007</td>
        </tr>
        <tr>
          <td>2005-12-31T19:32:58+05:30</td>
          <td>2007-01-06T19:32:58+05:30</td>
          <td ID="conditions-desc-8">Medication review due (situation)</td>
          <td ID="conditions-code-8">http://snomed.info/sct 314529007</td>
        </tr>
        <tr>
          <td>2008-01-12T19:32:58+05:30</td>
          <td>2011-11-12T19:32:58+05:30</td>
          <td ID="conditions-desc-9">Medication review due (situation)</td>
          <td ID="conditions-code-9">http://snomed.info/sct 314529007</td>
        </tr>
        <tr>
          <td>2011-10-08T11:32:58+05:30</td>
          <td></td>
          <td ID="conditions-desc-10">Chronic sinusitis (disorder)</td>
          <td ID="conditions-code-10">http://snomed.info/sct 40055000</td>
        </tr>
        <tr>
          <td>2011-11-19T19:32:58+05:30</td>
          <td>2011-12-03T19:32:58+05:30</td>
          <td ID="conditions-desc-11">Medication review due (situation)</td>
          <td ID="conditions-code-11">http://snomed.info/sct 314529007</td>
        </tr>
        <tr>
          <td>2012-02-04T19:32:58+05:30</td>
          <td>2012-05-05T19:32:58+05:30</td>
          <td ID="conditions-desc-12">Medication review due (situation)</td>
          <td ID="conditions-code-12">http://snomed.info/sct 314529007</td>
        </tr>
        <tr>
          <td>2012-05-12T19:32:58+05:30</td>
          <td>2012-05-12T19:32:58+05:30</td>
          <td ID="conditions-desc-13">Medication review due (situation)</td>
          <td ID="conditions-code-13">http://snomed.info/sct 314529007</td>
        </tr>
        <tr>
          <td>2013-02-09T19:32:58+05:30</td>
          <td>2016-02-27T19:32:58+05:30</td>
          <td ID="conditions-desc-14">Medication review due (situation)</td>
          <td ID="conditions-code-14">http://snomed.info/sct 314529007</td>
        </tr>
        <tr>
          <td>2017-03-04T19:32:58+05:30</td>
          <td>2018-03-10T19:32:58+05:30</td>
          <td ID="conditions-desc-15">Medication review due (situation)</td>
          <td ID="conditions-code-15">http://snomed.info/sct 314529007</td>
        </tr>
        <tr>
          <td>2018-01-06T19:32:58+05:30</td>
          <td></td>
          <td ID="conditions-desc-16">Miscarriage in first trimester</td>
          <td ID="conditions-code-16">http://snomed.info/sct 19169002</td>
        </tr>
        <tr>
          <td>2019-03-16T19:32:58+05:30</td>
          <td>2020-03-21T19:32:58+05:30</td>
          <td ID="conditions-desc-17">Medication review due (situation)</td>
          <td ID="conditions-code-17">http://snomed.info/sct 314529007</td>
        </tr>
        <tr>
          <td>2019-03-16T20:06:39+05:30</td>
          <td></td>
          <td ID="conditions-desc-18">Received higher education (finding)</td>
          <td ID="conditions-code-18">http://snomed.info/sct 224299000</td>
        </tr>
        <tr>
          <td>2019-03-16T20:06:39+05:30</td>
          <td></td>
          <td ID="conditions-desc-19">Unemployed (finding)</td>
          <td ID="conditions-code-19">http://snomed.info/sct 73438004</td>
        </tr>
        <tr>
          <td>2019-03-16T20:06:39+05:30</td>
          <td></td>
          <td ID="conditions-desc-20">Transport problem (finding)</td>
          <td ID="conditions-code-20">http://snomed.info/sct 266934004</td>
        </tr>
        <tr>
          <td>2023-03-25T19:32:58+05:30</td>
          <td></td>
          <td ID="conditions-desc-21">Medication review due (situation)</td>
          <td ID="conditions-code-21">http://snomed.info/sct 314529007</td>
        </tr>
        <tr>
          <td>2023-03-25T20:12:20+05:30</td>
          <td></td>
          <td ID="conditions-desc-22">Lack of access to transportation (finding)</td>
          <td ID="conditions-code-22">http://snomed.info/sct 713458007</td>
        </tr>
        <tr>
          <td>2023-03-25T20:12:20+05:30</td>
          <td></td>
          <td ID="conditions-desc-23">Social isolation (finding)</td>
          <td ID="conditions-code-23">http://snomed.info/sct 422650009</td>
        </tr>
    </tbody>
  </table>
</text>
    <entry typeCode="DRIV">
      <act classCode="ACT" moodCode="EVN">
        <templateId root="2.16.840.1.113883.10.20.22.4.3"/>
        <templateId root="2.16.840.1.113883.10.20.22.4.3" extension="2015-08-01"/>
        <!-- Problem act template -->
        <id root="ee2afc8a-25c2-4ce0-f4df-b8a0ee8b8ebd"/>
        <code nullFlavor="NA"/>
        <statusCode code="completed"/>
        <effectiveTime>
          <low value="20010120193258"/>
          <high value="20010224193258"/>
        </effectiveTime>
        <entryRelationship typeCode="SUBJ" inversionInd="false">
          <observation classCode="OBS" moodCode="EVN">
            <templateId root="2.16.840.1.113883.10.20.22.4.4"/>
            <templateId root="2.16.840.1.113883.10.20.22.4.4" extension="2015-08-01"/>
            <!--Problem observation template - NOT episode template-->
            <id root="9ef845be-d311-7ed2-18aa-852f1f04afbe"/>
            <code code="64572001" displayName="Condition" codeSystem="2.16.840.1.113883.6.96" codeSystemName="SNOMED-CT">
              <translation code="75323-6" displayName="Condition" codeSystem="2.16.840.1.113883.6.1" codeSystemName="LOINC"/>
            </code>
            <text>
              <reference value="#conditions-desc-1"/>
            </text>
            <statusCode code="completed"/>
            <effectiveTime>
              <low value="20010120193258"/>
              <high value="20010224193258"/>
            </effectiveTime>
            <priorityCode code="8319008" codeSystem="2.16.840.1.113883.6.96" displayName="Principal diagnosis" />
        <value xsi:type="CD" code="314529007" codeSystem="2.16.840.1.113883.6.96" displayName="Medication review due (situation)">
          <originalText><reference value="#conditions-desc-1"/></originalText>
        </value>
          </observation>
        </entryRelationship>
      </act>
    </entry>
    <entry typeCode="DRIV">
      <act classCode="ACT" moodCode="EVN">
        <templateId root="2.16.840.1.113883.10.20.22.4.3"/>
        <templateId root="2.16.840.1.113883.10.20.22.4.3" extension="2015-08-01"/>
        <!-- Problem act template -->
        <id root="b6f09795-7a8f-60ef-a6c3-4b500d1d1b9b"/>
        <code nullFlavor="NA"/>
        <statusCode code="completed"/>
        <effectiveTime>
          <low value="20010428193258"/>
          <high value="20010929193258"/>
        </effectiveTime>
        <entryRelationship typeCode="SUBJ" inversionInd="false">
          <observation classCode="OBS" moodCode="EVN">
            <templateId root="2.16.840.1.113883.10.20.22.4.4"/>
            <templateId root="2.16.840.1.113883.10.20.22.4.4" extension="2015-08-01"/>
            <!--Problem observation template - NOT episode template-->
            <id root="f9ec8229-b12c-aa96-7423-6a82af9b8b6d"/>
            <code code="64572001" displayName="Condition" codeSystem="2.16.840.1.113883.6.96" codeSystemName="SNOMED-CT">
              <translation code="75323-6" displayName="Condition" codeSystem="2.16.840.1.113883.6.1" codeSystemName="LOINC"/>
            </code>
            <text>
              <reference value="#conditions-desc-2"/>
            </text>
            <statusCode code="completed"/>
            <effectiveTime>
              <low value="20010428193258"/>
              <high value="20010929193258"/>
            </effectiveTime>
            <priorityCode code="8319008" codeSystem="2.16.840.1.113883.6.96" displayName="Principal diagnosis" />
        <value xsi:type="CD" code="314529007" codeSystem="2.16.840.1.113883.6.96" displayName="Medication review due (situation)">
          <originalText><reference value="#conditions-desc-2"/></originalText>
        </value>
          </observation>
        </entryRelationship>
      </act>
    </entry>
    <entry typeCode="DRIV">
      <act classCode="ACT" moodCode="EVN">
        <templateId root="2.16.840.1.113883.10.20.22.4.3"/>
        <templateId root="2.16.840.1.113883.10.20.22.4.3" extension="2015-08-01"/>
        <!-- Problem act template -->
        <id root="8b988659-d65c-248e-00b4-f141d02cf7fd"/>
        <code nullFlavor="NA"/>
        <statusCode code="completed"/>
        <effectiveTime>
          <low value="20011229193258"/>
          <high value="20011229193258"/>
        </effectiveTime>
        <entryRelationship typeCode="SUBJ" inversionInd="false">
          <observation classCode="OBS" moodCode="EVN">
            <templateId root="2.16.840.1.113883.10.20.22.4.4"/>
            <templateId root="2.16.840.1.113883.10.20.22.4.4" extension="2015-08-01"/>
            <!--Problem observation template - NOT episode template-->
            <id root="9b127435-da91-1637-bc7b-4cc7c94b1906"/>
            <code code="64572001" displayName="Condition" codeSystem="2.16.840.1.113883.6.96" codeSystemName="SNOMED-CT">
              <translation code="75323-6" displayName="Condition" codeSystem="2.16.840.1.113883.6.1" codeSystemName="LOINC"/>
            </code>
            <text>
              <reference value="#conditions-desc-3"/>
            </text>
            <statusCode code="completed"/>
            <effectiveTime>
              <low value="20011229193258"/>
              <high value="20011229193258"/>
            </effectiveTime>
            <priorityCode code="8319008" codeSystem="2.16.840.1.113883.6.96" displayName="Principal diagnosis" />
        <value xsi:type="CD" code="314529007" codeSystem="2.16.840.1.113883.6.96" displayName="Medication review due (situation)">
          <originalText><reference value="#conditions-desc-3"/></originalText>
        </value>
          </observation>
        </entryRelationship>
      </act>
    </entry>
    <entry typeCode="DRIV">
      <act classCode="ACT" moodCode="EVN">
        <templateId root="2.16.840.1.113883.10.20.22.4.3"/>
        <templateId root="2.16.840.1.113883.10.20.22.4.3" extension="2015-08-01"/>
        <!-- Problem act template -->
        <id root="534b32fe-8587-bdb3-1c76-b6610fa2cdc9"/>
        <code nullFlavor="NA"/>
        <statusCode code="completed"/>
        <effectiveTime>
          <low value="20020330193258"/>
          <high value="20020330193258"/>
        </effectiveTime>
        <entryRelationship typeCode="SUBJ" inversionInd="false">
          <observation classCode="OBS" moodCode="EVN">
            <templateId root="2.16.840.1.113883.10.20.22.4.4"/>
            <templateId root="2.16.840.1.113883.10.20.22.4.4" extension="2015-08-01"/>
            <!--Problem observation template - NOT episode template-->
            <id root="3b717e89-4810-3ecd-a78f-a2c983f8110a"/>
            <code code="64572001" displayName="Condition" codeSystem="2.16.840.1.113883.6.96" codeSystemName="SNOMED-CT">
              <translation code="75323-6" displayName="Condition" codeSystem="2.16.840.1.113883.6.1" codeSystemName="LOINC"/>
            </code>
            <text>
              <reference value="#conditions-desc-4"/>
            </text>
            <statusCode code="completed"/>
            <effectiveTime>
              <low value="20020330193258"/>
              <high value="20020330193258"/>
            </effectiveTime>
            <priorityCode code="8319008" codeSystem="2.16.840.1.113883.6.96" displayName="Principal diagnosis" />
        <value xsi:type="CD" code="314529007" codeSystem="2.16.840.1.113883.6.96" displayName="Medication review due (situation)">
          <originalText><reference value="#conditions-desc-4"/></originalText>
        </value>
          </observation>
        </entryRelationship>
      </act>
    </entry>
    <entry typeCode="DRIV">
      <act classCode="ACT" moodCode="EVN">
        <templateId root="2.16.840.1.113883.10.20.22.4.3"/>
        <templateId root="2.16.840.1.113883.10.20.22.4.3" extension="2015-08-01"/>
        <!-- Problem act template -->
        <id root="327c65b7-f2ac-f1af-71ce-2c18600f7a71"/>
        <code nullFlavor="NA"/>
        <statusCode code="completed"/>
        <effectiveTime>
          <low value="20020629193258"/>
          <high value="20021228193258"/>
        </effectiveTime>
        <entryRelationship typeCode="SUBJ" inversionInd="false">
          <observation classCode="OBS" moodCode="EVN">
            <templateId root="2.16.840.1.113883.10.20.22.4.4"/>
            <templateId root="2.16.840.1.113883.10.20.22.4.4" extension="2015-08-01"/>
            <!--Problem observation template - NOT episode template-->
            <id root="b2aae33d-6880-5102-4f4d-0a1d3a26e575"/>
            <code code="64572001" displayName="Condition" codeSystem="2.16.840.1.113883.6.96" codeSystemName="SNOMED-CT">
              <translation code="75323-6" displayName="Condition" codeSystem="2.16.840.1.113883.6.1" codeSystemName="LOINC"/>
            </code>
            <text>
              <reference value="#conditions-desc-5"/>
            </text>
            <statusCode code="completed"/>
            <effectiveTime>
              <low value="20020629193258"/>
              <high value="20021228193258"/>
            </effectiveTime>
            <priorityCode code="8319008" codeSystem="2.16.840.1.113883.6.96" displayName="Principal diagnosis" />
        <value xsi:type="CD" code="314529007" codeSystem="2.16.840.1.113883.6.96" displayName="Medication review due (situation)">
          <originalText><reference value="#conditions-desc-5"/></originalText>
        </value>
          </observation>
        </entryRelationship>
      </act>
    </entry>
    <entry typeCode="DRIV">
      <act classCode="ACT" moodCode="EVN">
        <templateId root="2.16.840.1.113883.10.20.22.4.3"/>
        <templateId root="2.16.840.1.113883.10.20.22.4.3" extension="2015-08-01"/>
        <!-- Problem act template -->
        <id root="ccdffbee-61f4-116d-bb3c-0f40b721ccc1"/>
        <code nullFlavor="NA"/>
        <statusCode code="completed"/>
        <effectiveTime>
          <low value="20030628193258"/>
          <high value="20040626193258"/>
        </effectiveTime>
        <entryRelationship typeCode="SUBJ" inversionInd="false">
          <observation classCode="OBS" moodCode="EVN">
            <templateId root="2.16.840.1.113883.10.20.22.4.4"/>
            <templateId root="2.16.840.1.113883.10.20.22.4.4" extension="2015-08-01"/>
            <!--Problem observation template - NOT episode template-->
            <id root="b5127fd2-2711-67f5-2cab-e62c5be77543"/>
            <code code="64572001" displayName="Condition" codeSystem="2.16.840.1.113883.6.96" codeSystemName="SNOMED-CT">
              <translation code="75323-6" displayName="Condition" codeSystem="2.16.840.1.113883.6.1" codeSystemName="LOINC"/>
            </code>
            <text>
              <reference value="#conditions-desc-6"/>
            </text>
            <statusCode code="completed"/>
            <effectiveTime>
              <low value="20030628193258"/>
              <high value="20040626193258"/>
            </effectiveTime>
            <priorityCode code="8319008" codeSystem="2.16.840.1.113883.6.96" displayName="Principal diagnosis" />
        <value xsi:type="CD" code="314529007" codeSystem="2.16.840.1.113883.6.96" displayName="Medication review due (situation)">
          <originalText><reference value="#conditions-desc-6"/></originalText>
        </value>
          </observation>
        </entryRelationship>
      </act>
    </entry>
    <entry typeCode="DRIV">
      <act classCode="ACT" moodCode="EVN">
        <templateId root="2.16.840.1.113883.10.20.22.4.3"/>
        <templateId root="2.16.840.1.113883.10.20.22.4.3" extension="2015-08-01"/>
        <!-- Problem act template -->
        <id root="ae17a9ff-3feb-46b9-9ce7-f5970ff9421f"/>
        <code nullFlavor="NA"/>
        <statusCode code="completed"/>
        <effectiveTime>
          <low value="20041225193258"/>
          <high value="20041225193258"/>
        </effectiveTime>
        <entryRelationship typeCode="SUBJ" inversionInd="false">
          <observation classCode="OBS" moodCode="EVN">
            <templateId root="2.16.840.1.113883.10.20.22.4.4"/>
            <templateId root="2.16.840.1.113883.10.20.22.4.4" extension="2015-08-01"/>
            <!--Problem observation template - NOT episode template-->
            <id root="5b02d465-c47d-5661-24ef-5c921ec9f436"/>
            <code code="64572001" displayName="Condition" codeSystem="2.16.840.1.113883.6.96" codeSystemName="SNOMED-CT">
              <translation code="75323-6" displayName="Condition" codeSystem="2.16.840.1.113883.6.1" codeSystemName="LOINC"/>
            </code>
            <text>
              <reference value="#conditions-desc-7"/>
            </text>
            <statusCode code="completed"/>
            <effectiveTime>
              <low value="20041225193258"/>
              <high value="20041225193258"/>
            </effectiveTime>
            <priorityCode code="8319008" codeSystem="2.16.840.1.113883.6.96" displayName="Principal diagnosis" />
        <value xsi:type="CD" code="314529007" codeSystem="2.16.840.1.113883.6.96" displayName="Medication review due (situation)">
          <originalText><reference value="#conditions-desc-7"/></originalText>
        </value>
          </observation>
        </entryRelationship>
      </act>
    </entry>
    <entry typeCode="DRIV">
      <act classCode="ACT" moodCode="EVN">
        <templateId root="2.16.840.1.113883.10.20.22.4.3"/>
        <templateId root="2.16.840.1.113883.10.20.22.4.3" extension="2015-08-01"/>
        <!-- Problem act template -->
        <id root="f5dfb31e-de88-5081-525a-ebdb6a3661b1"/>
        <code nullFlavor="NA"/>
        <statusCode code="completed"/>
        <effectiveTime>
          <low value="20051231193258"/>
          <high value="20070106193258"/>
        </effectiveTime>
        <entryRelationship typeCode="SUBJ" inversionInd="false">
          <observation classCode="OBS" moodCode="EVN">
            <templateId root="2.16.840.1.113883.10.20.22.4.4"/>
            <templateId root="2.16.840.1.113883.10.20.22.4.4" extension="2015-08-01"/>
            <!--Problem observation template - NOT episode template-->
            <id root="b50dca23-4d08-5dfe-34e7-42a800d40ad6"/>
            <code code="64572001" displayName="Condition" codeSystem="2.16.840.1.113883.6.96" codeSystemName="SNOMED-CT">
              <translation code="75323-6" displayName="Condition" codeSystem="2.16.840.1.113883.6.1" codeSystemName="LOINC"/>
            </code>
            <text>
              <reference value="#conditions-desc-8"/>
            </text>
            <statusCode code="completed"/>
            <effectiveTime>
              <low value="20051231193258"/>
              <high value="20070106193258"/>
            </effectiveTime>
            <priorityCode code="8319008" codeSystem="2.16.840.1.113883.6.96" displayName="Principal diagnosis" />
        <value xsi:type="CD" code="314529007" codeSystem="2.16.840.1.113883.6.96" displayName="Medication review due (situation)">
          <originalText><reference value="#conditions-desc-8"/></originalText>
        </value>
          </observation>
        </entryRelationship>
      </act>
    </entry>
    <entry typeCode="DRIV">
      <act classCode="ACT" moodCode="EVN">
        <templateId root="2.16.840.1.113883.10.20.22.4.3"/>
        <templateId root="2.16.840.1.113883.10.20.22.4.3" extension="2015-08-01"/>
        <!-- Problem act template -->
        <id root="80ec2065-f91b-52f0-0821-94f7817318fe"/>
        <code nullFlavor="NA"/>
        <statusCode code="completed"/>
        <effectiveTime>
          <low value="20080112193258"/>
          <high value="20111112193258"/>
        </effectiveTime>
        <entryRelationship typeCode="SUBJ" inversionInd="false">
          <observation classCode="OBS" moodCode="EVN">
            <templateId root="2.16.840.1.113883.10.20.22.4.4"/>
            <templateId root="2.16.840.1.113883.10.20.22.4.4" extension="2015-08-01"/>
            <!--Problem observation template - NOT episode template-->
            <id root="c4ceecf7-b3cb-7926-e8ea-d05dce5972b9"/>
            <code code="64572001" displayName="Condition" codeSystem="2.16.840.1.113883.6.96" codeSystemName="SNOMED-CT">
              <translation code="75323-6" displayName="Condition" codeSystem="2.16.840.1.113883.6.1" codeSystemName="LOINC"/>
            </code>
            <text>
              <reference value="#conditions-desc-9"/>
            </text>
            <statusCode code="completed"/>
            <effectiveTime>
              <low value="20080112193258"/>
              <high value="20111112193258"/>
            </effectiveTime>
            <priorityCode code="8319008" codeSystem="2.16.840.1.113883.6.96" displayName="Principal diagnosis" />
        <value xsi:type="CD" code="314529007" codeSystem="2.16.840.1.113883.6.96" displayName="Medication review due (situation)">
          <originalText><reference value="#conditions-desc-9"/></originalText>
        </value>
          </observation>
        </entryRelationship>
      </act>
    </entry>
    <entry typeCode="DRIV">
      <act classCode="ACT" moodCode="EVN">
        <templateId root="2.16.840.1.113883.10.20.22.4.3"/>
        <templateId root="2.16.840.1.113883.10.20.22.4.3" extension="2015-08-01"/>
        <!-- Problem act template -->
        <id root="3ba2a918-320b-d637-beae-8fdd7a81afb1"/>
        <code nullFlavor="NA"/>
        <statusCode code="active"/>
        <effectiveTime>
          <low value="20111008113258"/>
          
        </effectiveTime>
        <entryRelationship typeCode="SUBJ" inversionInd="false">
          <observation classCode="OBS" moodCode="EVN">
            <templateId root="2.16.840.1.113883.10.20.22.4.4"/>
            <templateId root="2.16.840.1.113883.10.20.22.4.4" extension="2015-08-01"/>
            <!--Problem observation template - NOT episode template-->
            <id root="9d3b0c8a-1827-1abc-a54b-2c4ddf0b9304"/>
            <code code="64572001" displayName="Condition" codeSystem="2.16.840.1.113883.6.96" codeSystemName="SNOMED-CT">
              <translation code="75323-6" displayName="Condition" codeSystem="2.16.840.1.113883.6.1" codeSystemName="LOINC"/>
            </code>
            <text>
              <reference value="#conditions-desc-10"/>
            </text>
            <statusCode code="completed"/>
            <effectiveTime>
              <low value="20111008113258"/>
              
            </effectiveTime>
            <priorityCode code="8319008" codeSystem="2.16.840.1.113883.6.96" displayName="Principal diagnosis" />
        <value xsi:type="CD" code="40055000" codeSystem="2.16.840.1.113883.6.96" displayName="Chronic sinusitis (disorder)">
          <originalText><reference value="#conditions-desc-10"/></originalText>
        </value>
          </observation>
        </entryRelationship>
      </act>
    </entry>
    <entry typeCode="DRIV">
      <act classCode="ACT" moodCode="EVN">
        <templateId root="2.16.840.1.113883.10.20.22.4.3"/>
        <templateId root="2.16.840.1.113883.10.20.22.4.3" extension="2015-08-01"/>
        <!-- Problem act template -->
        <id root="e5472cd8-99ec-d9ae-a36e-925acb818e42"/>
        <code nullFlavor="NA"/>
        <statusCode code="completed"/>
        <effectiveTime>
          <low value="20111119193258"/>
          <high value="20111203193258"/>
        </effectiveTime>
        <entryRelationship typeCode="SUBJ" inversionInd="false">
          <observation classCode="OBS" moodCode="EVN">
            <templateId root="2.16.840.1.113883.10.20.22.4.4"/>
            <templateId root="2.16.840.1.113883.10.20.22.4.4" extension="2015-08-01"/>
            <!--Problem observation template - NOT episode template-->
            <id root="2a94786c-eec7-8849-575a-250e31c7e131"/>
            <code code="64572001" displayName="Condition" codeSystem="2.16.840.1.113883.6.96" codeSystemName="SNOMED-CT">
              <translation code="75323-6" displayName="Condition" codeSystem="2.16.840.1.113883.6.1" codeSystemName="LOINC"/>
            </code>
            <text>
              <reference value="#conditions-desc-11"/>
            </text>
            <statusCode code="completed"/>
            <effectiveTime>
              <low value="20111119193258"/>
              <high value="20111203193258"/>
            </effectiveTime>
            <priorityCode code="8319008" codeSystem="2.16.840.1.113883.6.96" displayName="Principal diagnosis" />
        <value xsi:type="CD" code="314529007" codeSystem="2.16.840.1.113883.6.96" displayName="Medication review due (situation)">
          <originalText><reference value="#conditions-desc-11"/></originalText>
        </value>
          </observation>
        </entryRelationship>
      </act>
    </entry>
    <entry typeCode="DRIV">
      <act classCode="ACT" moodCode="EVN">
        <templateId root="2.16.840.1.113883.10.20.22.4.3"/>
        <templateId root="2.16.840.1.113883.10.20.22.4.3" extension="2015-08-01"/>
        <!-- Problem act template -->
        <id root="972cf195-b29a-adb7-260e-473a3bc717a0"/>
        <code nullFlavor="NA"/>
        <statusCode code="completed"/>
        <effectiveTime>
          <low value="20120204193258"/>
          <high value="20120505193258"/>
        </effectiveTime>
        <entryRelationship typeCode="SUBJ" inversionInd="false">
          <observation classCode="OBS" moodCode="EVN">
            <templateId root="2.16.840.1.113883.10.20.22.4.4"/>
            <templateId root="2.16.840.1.113883.10.20.22.4.4" extension="2015-08-01"/>
            <!--Problem observation template - NOT episode template-->
            <id root="a0ea4b8d-9292-3267-9c12-abc498e50a12"/>
            <code code="64572001" displayName="Condition" codeSystem="2.16.840.1.113883.6.96" codeSystemName="SNOMED-CT">
              <translation code="75323-6" displayName="Condition" codeSystem="2.16.840.1.113883.6.1" codeSystemName="LOINC"/>
            </code>
            <text>
              <reference value="#conditions-desc-12"/>
            </text>
            <statusCode code="completed"/>
            <effectiveTime>
              <low value="20120204193258"/>
              <high value="20120505193258"/>
            </effectiveTime>
            <priorityCode code="8319008" codeSystem="2.16.840.1.113883.6.96" displayName="Principal diagnosis" />
        <value xsi:type="CD" code="314529007" codeSystem="2.16.840.1.113883.6.96" displayName="Medication review due (situation)">
          <originalText><reference value="#conditions-desc-12"/></originalText>
        </value>
          </observation>
        </entryRelationship>
      </act>
    </entry>
    <entry typeCode="DRIV">
      <act classCode="ACT" moodCode="EVN">
        <templateId root="2.16.840.1.113883.10.20.22.4.3"/>
        <templateId root="2.16.840.1.113883.10.20.22.4.3" extension="2015-08-01"/>
        <!-- Problem act template -->
        <id root="1f707ed5-5b9d-458d-799a-be55fc13ab0f"/>
        <code nullFlavor="NA"/>
        <statusCode code="completed"/>
        <effectiveTime>
          <low value="20120512193258"/>
          <high value="20120512193258"/>
        </effectiveTime>
        <entryRelationship typeCode="SUBJ" inversionInd="false">
          <observation classCode="OBS" moodCode="EVN">
            <templateId root="2.16.840.1.113883.10.20.22.4.4"/>
            <templateId root="2.16.840.1.113883.10.20.22.4.4" extension="2015-08-01"/>
            <!--Problem observation template - NOT episode template-->
            <id root="f37c7af3-a565-af62-b435-e400363b2714"/>
            <code code="64572001" displayName="Condition" codeSystem="2.16.840.1.113883.6.96" codeSystemName="SNOMED-CT">
              <translation code="75323-6" displayName="Condition" codeSystem="2.16.840.1.113883.6.1" codeSystemName="LOINC"/>
            </code>
            <text>
              <reference value="#conditions-desc-13"/>
            </text>
            <statusCode code="completed"/>
            <effectiveTime>
              <low value="20120512193258"/>
              <high value="20120512193258"/>
            </effectiveTime>
            <priorityCode code="8319008" codeSystem="2.16.840.1.113883.6.96" displayName="Principal diagnosis" />
        <value xsi:type="CD" code="314529007" codeSystem="2.16.840.1.113883.6.96" displayName="Medication review due (situation)">
          <originalText><reference value="#conditions-desc-13"/></originalText>
        </value>
          </observation>
        </entryRelationship>
      </act>
    </entry>
    <entry typeCode="DRIV">
      <act classCode="ACT" moodCode="EVN">
        <templateId root="2.16.840.1.113883.10.20.22.4.3"/>
        <templateId root="2.16.840.1.113883.10.20.22.4.3" extension="2015-08-01"/>
        <!-- Problem act template -->
        <id root="ef727182-02eb-bf4a-7aaa-f7ce221998d3"/>
        <code nullFlavor="NA"/>
        <statusCode code="completed"/>
        <effectiveTime>
          <low value="20130209193258"/>
          <high value="20160227193258"/>
        </effectiveTime>
        <entryRelationship typeCode="SUBJ" inversionInd="false">
          <observation classCode="OBS" moodCode="EVN">
            <templateId root="2.16.840.1.113883.10.20.22.4.4"/>
            <templateId root="2.16.840.1.113883.10.20.22.4.4" extension="2015-08-01"/>
            <!--Problem observation template - NOT episode template-->
            <id root="16c59ba7-0b0c-3c1b-c788-dcc5872383c8"/>
            <code code="64572001" displayName="Condition" codeSystem="2.16.840.1.113883.6.96" codeSystemName="SNOMED-CT">
              <translation code="75323-6" displayName="Condition" codeSystem="2.16.840.1.113883.6.1" codeSystemName="LOINC"/>
            </code>
            <text>
              <reference value="#conditions-desc-14"/>
            </text>
            <statusCode code="completed"/>
            <effectiveTime>
              <low value="20130209193258"/>
              <high value="20160227193258"/>
            </effectiveTime>
            <priorityCode code="8319008" codeSystem="2.16.840.1.113883.6.96" displayName="Principal diagnosis" />
        <value xsi:type="CD" code="314529007" codeSystem="2.16.840.1.113883.6.96" displayName="Medication review due (situation)">
          <originalText><reference value="#conditions-desc-14"/></originalText>
        </value>
          </observation>
        </entryRelationship>
      </act>
    </entry>
    <entry typeCode="DRIV">
      <act classCode="ACT" moodCode="EVN">
        <templateId root="2.16.840.1.113883.10.20.22.4.3"/>
        <templateId root="2.16.840.1.113883.10.20.22.4.3" extension="2015-08-01"/>
        <!-- Problem act template -->
        <id root="5caf8c1a-3b96-9883-9448-92d4a49832f0"/>
        <code nullFlavor="NA"/>
        <statusCode code="completed"/>
        <effectiveTime>
          <low value="20170304193258"/>
          <high value="20180310193258"/>
        </effectiveTime>
        <entryRelationship typeCode="SUBJ" inversionInd="false">
          <observation classCode="OBS" moodCode="EVN">
            <templateId root="2.16.840.1.113883.10.20.22.4.4"/>
            <templateId root="2.16.840.1.113883.10.20.22.4.4" extension="2015-08-01"/>
            <!--Problem observation template - NOT episode template-->
            <id root="758693ee-b45a-e72f-5f0c-46e96970b79f"/>
            <code code="64572001" displayName="Condition" codeSystem="2.16.840.1.113883.6.96" codeSystemName="SNOMED-CT">
              <translation code="75323-6" displayName="Condition" codeSystem="2.16.840.1.113883.6.1" codeSystemName="LOINC"/>
            </code>
            <text>
              <reference value="#conditions-desc-15"/>
            </text>
            <statusCode code="completed"/>
            <effectiveTime>
              <low value="20170304193258"/>
              <high value="20180310193258"/>
            </effectiveTime>
            <priorityCode code="8319008" codeSystem="2.16.840.1.113883.6.96" displayName="Principal diagnosis" />
        <value xsi:type="CD" code="314529007" codeSystem="2.16.840.1.113883.6.96" displayName="Medication review due (situation)">
          <originalText><reference value="#conditions-desc-15"/></originalText>
        </value>
          </observation>
        </entryRelationship>
      </act>
    </entry>
    <entry typeCode="DRIV">
      <act classCode="ACT" moodCode="EVN">
        <templateId root="2.16.840.1.113883.10.20.22.4.3"/>
        <templateId root="2.16.840.1.113883.10.20.22.4.3" extension="2015-08-01"/>
        <!-- Problem act template -->
        <id root="81cbb92f-3cc8-8f72-9bfc-c6464a5b743d"/>
        <code nullFlavor="NA"/>
        <statusCode code="active"/>
        <effectiveTime>
          <low value="20180106193258"/>
          
        </effectiveTime>
        <entryRelationship typeCode="SUBJ" inversionInd="false">
          <observation classCode="OBS" moodCode="EVN">
            <templateId root="2.16.840.1.113883.10.20.22.4.4"/>
            <templateId root="2.16.840.1.113883.10.20.22.4.4" extension="2015-08-01"/>
            <!--Problem observation template - NOT episode template-->
            <id root="ae3fabc0-d375-ca59-91c8-bc9e0b2817f5"/>
            <code code="64572001" displayName="Condition" codeSystem="2.16.840.1.113883.6.96" codeSystemName="SNOMED-CT">
              <translation code="75323-6" displayName="Condition" codeSystem="2.16.840.1.113883.6.1" codeSystemName="LOINC"/>
            </code>
            <text>
              <reference value="#conditions-desc-16"/>
            </text>
            <statusCode code="completed"/>
            <effectiveTime>
              <low value="20180106193258"/>
              
            </effectiveTime>
            <priorityCode code="8319008" codeSystem="2.16.840.1.113883.6.96" displayName="Principal diagnosis" />
        <value xsi:type="CD" code="19169002" codeSystem="2.16.840.1.113883.6.96" displayName="Miscarriage in first trimester">
          <originalText><reference value="#conditions-desc-16"/></originalText>
        </value>
          </observation>
        </entryRelationship>
      </act>
    </entry>
    <entry typeCode="DRIV">
      <act classCode="ACT" moodCode="EVN">
        <templateId root="2.16.840.1.113883.10.20.22.4.3"/>
        <templateId root="2.16.840.1.113883.10.20.22.4.3" extension="2015-08-01"/>
        <!-- Problem act template -->
        <id root="48b68bd8-1cbf-621e-b1c6-73d1005055d4"/>
        <code nullFlavor="NA"/>
        <statusCode code="completed"/>
        <effectiveTime>
          <low value="20190316193258"/>
          <high value="20200321193258"/>
        </effectiveTime>
        <entryRelationship typeCode="SUBJ" inversionInd="false">
          <observation classCode="OBS" moodCode="EVN">
            <templateId root="2.16.840.1.113883.10.20.22.4.4"/>
            <templateId root="2.16.840.1.113883.10.20.22.4.4" extension="2015-08-01"/>
            <!--Problem observation template - NOT episode template-->
            <id root="d545b075-fed3-f614-e65f-6e501bd1c650"/>
            <code code="64572001" displayName="Condition" codeSystem="2.16.840.1.113883.6.96" codeSystemName="SNOMED-CT">
              <translation code="75323-6" displayName="Condition" codeSystem="2.16.840.1.113883.6.1" codeSystemName="LOINC"/>
            </code>
            <text>
              <reference value="#conditions-desc-17"/>
            </text>
            <statusCode code="completed"/>
            <effectiveTime>
              <low value="20190316193258"/>
              <high value="20200321193258"/>
            </effectiveTime>
            <priorityCode code="8319008" codeSystem="2.16.840.1.113883.6.96" displayName="Principal diagnosis" />
        <value xsi:type="CD" code="314529007" codeSystem="2.16.840.1.113883.6.96" displayName="Medication review due (situation)">
          <originalText><reference value="#conditions-desc-17"/></originalText>
        </value>
          </observation>
        </entryRelationship>
      </act>
    </entry>
    <entry typeCode="DRIV">
      <act classCode="ACT" moodCode="EVN">
        <templateId root="2.16.840.1.113883.10.20.22.4.3"/>
        <templateId root="2.16.840.1.113883.10.20.22.4.3" extension="2015-08-01"/>
        <!-- Problem act template -->
        <id root="939ea98b-1c8b-c7f8-cd47-30dc95784094"/>
        <code nullFlavor="NA"/>
        <statusCode code="active"/>
        <effectiveTime>
          <low value="20190316200639"/>
          
        </effectiveTime>
        <entryRelationship typeCode="SUBJ" inversionInd="false">
          <observation classCode="OBS" moodCode="EVN">
            <templateId root="2.16.840.1.113883.10.20.22.4.4"/>
            <templateId root="2.16.840.1.113883.10.20.22.4.4" extension="2015-08-01"/>
            <!--Problem observation template - NOT episode template-->
            <id root="7f591fbd-b523-f384-3e38-48afd7c4dee8"/>
            <code code="64572001" displayName="Condition" codeSystem="2.16.840.1.113883.6.96" codeSystemName="SNOMED-CT">
              <translation code="75323-6" displayName="Condition" codeSystem="2.16.840.1.113883.6.1" codeSystemName="LOINC"/>
            </code>
            <text>
              <reference value="#conditions-desc-18"/>
            </text>
            <statusCode code="completed"/>
            <effectiveTime>
              <low value="20190316200639"/>
              
            </effectiveTime>
            <priorityCode code="8319008" codeSystem="2.16.840.1.113883.6.96" displayName="Principal diagnosis" />
        <value xsi:type="CD" code="224299000" codeSystem="2.16.840.1.113883.6.96" displayName="Received higher education (finding)">
          <originalText><reference value="#conditions-desc-18"/></originalText>
        </value>
          </observation>
        </entryRelationship>
      </act>
    </entry>
    <entry typeCode="DRIV">
      <act classCode="ACT" moodCode="EVN">
        <templateId root="2.16.840.1.113883.10.20.22.4.3"/>
        <templateId root="2.16.840.1.113883.10.20.22.4.3" extension="2015-08-01"/>
        <!-- Problem act template -->
        <id root="57bab966-9520-11de-841f-100126a3c8a6"/>
        <code nullFlavor="NA"/>
        <statusCode code="active"/>
        <effectiveTime>
          <low value="20190316200639"/>
          
        </effectiveTime>
        <entryRelationship typeCode="SUBJ" inversionInd="false">
          <observation classCode="OBS" moodCode="EVN">
            <templateId root="2.16.840.1.113883.10.20.22.4.4"/>
            <templateId root="2.16.840.1.113883.10.20.22.4.4" extension="2015-08-01"/>
            <!--Problem observation template - NOT episode template-->
            <id root="5c908dd3-3adc-0096-6b23-e81068298b6a"/>
            <code code="64572001" displayName="Condition" codeSystem="2.16.840.1.113883.6.96" codeSystemName="SNOMED-CT">
              <translation code="75323-6" displayName="Condition" codeSystem="2.16.840.1.113883.6.1" codeSystemName="LOINC"/>
            </code>
            <text>
              <reference value="#conditions-desc-19"/>
            </text>
            <statusCode code="completed"/>
            <effectiveTime>
              <low value="20190316200639"/>
              
            </effectiveTime>
            <priorityCode code="8319008" codeSystem="2.16.840.1.113883.6.96" displayName="Principal diagnosis" />
        <value xsi:type="CD" code="73438004" codeSystem="2.16.840.1.113883.6.96" displayName="Unemployed (finding)">
          <originalText><reference value="#conditions-desc-19"/></originalText>
        </value>
          </observation>
        </entryRelationship>
      </act>
    </entry>
    <entry typeCode="DRIV">
      <act classCode="ACT" moodCode="EVN">
        <templateId root="2.16.840.1.113883.10.20.22.4.3"/>
        <templateId root="2.16.840.1.113883.10.20.22.4.3" extension="2015-08-01"/>
        <!-- Problem act template -->
        <id root="82ffe82e-c401-fb8f-5c40-4fe17b24f3ff"/>
        <code nullFlavor="NA"/>
        <statusCode code="active"/>
        <effectiveTime>
          <low value="20190316200639"/>
          
        </effectiveTime>
        <entryRelationship typeCode="SUBJ" inversionInd="false">
          <observation classCode="OBS" moodCode="EVN">
            <templateId root="2.16.840.1.113883.10.20.22.4.4"/>
            <templateId root="2.16.840.1.113883.10.20.22.4.4" extension="2015-08-01"/>
            <!--Problem observation template - NOT episode template-->
            <id root="3ac6baf0-e94f-6a65-16d8-ecf15dc2fdf8"/>
            <code code="64572001" displayName="Condition" codeSystem="2.16.840.1.113883.6.96" codeSystemName="SNOMED-CT">
              <translation code="75323-6" displayName="Condition" codeSystem="2.16.840.1.113883.6.1" codeSystemName="LOINC"/>
            </code>
            <text>
              <reference value="#conditions-desc-20"/>
            </text>
            <statusCode code="completed"/>
            <effectiveTime>
              <low value="20190316200639"/>
              
            </effectiveTime>
            <priorityCode code="8319008" codeSystem="2.16.840.1.113883.6.96" displayName="Principal diagnosis" />
        <value xsi:type="CD" code="266934004" codeSystem="2.16.840.1.113883.6.96" displayName="Transport problem (finding)">
          <originalText><reference value="#conditions-desc-20"/></originalText>
        </value>
          </observation>
        </entryRelationship>
      </act>
    </entry>
    <entry typeCode="DRIV">
      <act classCode="ACT" moodCode="EVN">
        <templateId root="2.16.840.1.113883.10.20.22.4.3"/>
        <templateId root="2.16.840.1.113883.10.20.22.4.3" extension="2015-08-01"/>
        <!-- Problem act template -->
        <id root="572e7fe1-5fc8-8659-e106-b7719ff3fa4a"/>
        <code nullFlavor="NA"/>
        <statusCode code="active"/>
        <effectiveTime>
          <low value="20230325193258"/>
          
        </effectiveTime>
        <entryRelationship typeCode="SUBJ" inversionInd="false">
          <observation classCode="OBS" moodCode="EVN">
            <templateId root="2.16.840.1.113883.10.20.22.4.4"/>
            <templateId root="2.16.840.1.113883.10.20.22.4.4" extension="2015-08-01"/>
            <!--Problem observation template - NOT episode template-->
            <id root="a4d00c04-60d4-a9df-fa19-85d9cd2f9874"/>
            <code code="64572001" displayName="Condition" codeSystem="2.16.840.1.113883.6.96" codeSystemName="SNOMED-CT">
              <translation code="75323-6" displayName="Condition" codeSystem="2.16.840.1.113883.6.1" codeSystemName="LOINC"/>
            </code>
            <text>
              <reference value="#conditions-desc-21"/>
            </text>
            <statusCode code="completed"/>
            <effectiveTime>
              <low value="20230325193258"/>
              
            </effectiveTime>
            <priorityCode code="8319008" codeSystem="2.16.840.1.113883.6.96" displayName="Principal diagnosis" />
        <value xsi:type="CD" code="314529007" codeSystem="2.16.840.1.113883.6.96" displayName="Medication review due (situation)">
          <originalText><reference value="#conditions-desc-21"/></originalText>
        </value>
          </observation>
        </entryRelationship>
      </act>
    </entry>
    <entry typeCode="DRIV">
      <act classCode="ACT" moodCode="EVN">
        <templateId root="2.16.840.1.113883.10.20.22.4.3"/>
        <templateId root="2.16.840.1.113883.10.20.22.4.3" extension="2015-08-01"/>
        <!-- Problem act template -->
        <id root="bdb78288-dc9e-4b57-bbf7-712a4221c624"/>
        <code nullFlavor="NA"/>
        <statusCode code="active"/>
        <effectiveTime>
          <low value="20230325201220"/>
          
        </effectiveTime>
        <entryRelationship typeCode="SUBJ" inversionInd="false">
          <observation classCode="OBS" moodCode="EVN">
            <templateId root="2.16.840.1.113883.10.20.22.4.4"/>
            <templateId root="2.16.840.1.113883.10.20.22.4.4" extension="2015-08-01"/>
            <!--Problem observation template - NOT episode template-->
            <id root="b7c25aa3-2a1e-26a8-b0c7-426a596dc3fe"/>
            <code code="64572001" displayName="Condition" codeSystem="2.16.840.1.113883.6.96" codeSystemName="SNOMED-CT">
              <translation code="75323-6" displayName="Condition" codeSystem="2.16.840.1.113883.6.1" codeSystemName="LOINC"/>
            </code>
            <text>
              <reference value="#conditions-desc-22"/>
            </text>
            <statusCode code="completed"/>
            <effectiveTime>
              <low value="20230325201220"/>
              
            </effectiveTime>
            <priorityCode code="8319008" codeSystem="2.16.840.1.113883.6.96" displayName="Principal diagnosis" />
        <value xsi:type="CD" code="713458007" codeSystem="2.16.840.1.113883.6.96" displayName="Lack of access to transportation (finding)">
          <originalText><reference value="#conditions-desc-22"/></originalText>
        </value>
          </observation>
        </entryRelationship>
      </act>
    </entry>
    <entry typeCode="DRIV">
      <act classCode="ACT" moodCode="EVN">
        <templateId root="2.16.840.1.113883.10.20.22.4.3"/>
        <templateId root="2.16.840.1.113883.10.20.22.4.3" extension="2015-08-01"/>
        <!-- Problem act template -->
        <id root="eddb24fd-7499-0b04-1a37-100e71624abb"/>
        <code nullFlavor="NA"/>
        <statusCode code="active"/>
        <effectiveTime>
          <low value="20230325201220"/>
          
        </effectiveTime>
        <entryRelationship typeCode="SUBJ" inversionInd="false">
          <observation classCode="OBS" moodCode="EVN">
            <templateId root="2.16.840.1.113883.10.20.22.4.4"/>
            <templateId root="2.16.840.1.113883.10.20.22.4.4" extension="2015-08-01"/>
            <!--Problem observation template - NOT episode template-->
            <id root="1cd5503c-d8a1-c43e-bdf8-83af99583cba"/>
            <code code="64572001" displayName="Condition" codeSystem="2.16.840.1.113883.6.96" codeSystemName="SNOMED-CT">
              <translation code="75323-6" displayName="Condition" codeSystem="2.16.840.1.113883.6.1" codeSystemName="LOINC"/>
            </code>
            <text>
              <reference value="#conditions-desc-23"/>
            </text>
            <statusCode code="completed"/>
            <effectiveTime>
              <low value="20230325201220"/>
              
            </effectiveTime>
            <priorityCode code="8319008" codeSystem="2.16.840.1.113883.6.96" displayName="Principal diagnosis" />
        <value xsi:type="CD" code="422650009" codeSystem="2.16.840.1.113883.6.96" displayName="Social isolation (finding)">
          <originalText><reference value="#conditions-desc-23"/></originalText>
        </value>
          </observation>
        </entryRelationship>
      </act>
    </entry>
  </section>
</component>
<component>
  <!-- Procedures: patient has no procedures -->
  <section nullFlavor="NI">
    <templateId root="2.16.840.1.113883.10.20.22.2.7.1" extension="2014-06-09"/>
    <code code="47519-4" codeSystem="2.16.840.1.113883.6.1" codeSystemName="LOINC" displayName="Procedures"/>
    <title>Procedures</title>
    <text>There are no current procedures at the time of this document's creation.</text>
  </section>
</component><component>
  <!--Encounters-->
  <section>
    <templateId root="2.16.840.1.113883.10.20.22.2.22" extension="2015-08-01"/> <!-- CCDA Template id -->
    <!--Encounters section template-->
    <code code="46240-8" codeSystem="2.16.840.1.113883.6.1" codeSystemName="LOINC" displayName="History of encounters"/>
    <title>Encounters</title>
<text>
  <table border="1" width="100%">
    <thead>
      <tr>
        <th>Start</th>
        <th>Stop</th>
        <th>Description</th>
        <th>Code</th>
      </tr>
    </thead>
    <tbody>
        <tr>
          <td>2001-01-20T19:32:58+05:30</td>
          <td>2001-01-20T19:47:58+05:30</td>
          <td ID="encounters-desc-1">Well child visit (procedure)</td>
          <td ID="encounters-code-1">http://snomed.info/sct 410620009</td>
        </tr>
        <tr>
          <td>2001-04-28T19:32:58+05:30</td>
          <td>2001-04-28T19:47:58+05:30</td>
          <td ID="encounters-desc-2">Well child visit (procedure)</td>
          <td ID="encounters-code-2">http://snomed.info/sct 410620009</td>
        </tr>
        <tr>
          <td>2001-12-29T19:32:58+05:30</td>
          <td>2001-12-29T19:47:58+05:30</td>
          <td ID="encounters-desc-3">Well child visit (procedure)</td>
          <td ID="encounters-code-3">http://snomed.info/sct 410620009</td>
        </tr>
        <tr>
          <td>2002-03-30T19:32:58+05:30</td>
          <td>2002-03-30T19:47:58+05:30</td>
          <td ID="encounters-desc-4">Well child visit (procedure)</td>
          <td ID="encounters-code-4">http://snomed.info/sct 410620009</td>
        </tr>
        <tr>
          <td>2002-06-29T19:32:58+05:30</td>
          <td>2002-06-29T19:47:58+05:30</td>
          <td ID="encounters-desc-5">Well child visit (procedure)</td>
          <td ID="encounters-code-5">http://snomed.info/sct 410620009</td>
        </tr>
        <tr>
          <td>2003-06-28T19:32:58+05:30</td>
          <td>2003-06-28T19:47:58+05:30</td>
          <td ID="encounters-desc-6">Well child visit (procedure)</td>
          <td ID="encounters-code-6">http://snomed.info/sct 410620009</td>
        </tr>
        <tr>
          <td>2004-12-25T19:32:58+05:30</td>
          <td>2004-12-25T19:47:58+05:30</td>
          <td ID="encounters-desc-7">Well child visit (procedure)</td>
          <td ID="encounters-code-7">http://snomed.info/sct 410620009</td>
        </tr>
        <tr>
          <td>2005-12-31T19:32:58+05:30</td>
          <td>2005-12-31T19:47:58+05:30</td>
          <td ID="encounters-desc-8">Well child visit (procedure)</td>
          <td ID="encounters-code-8">http://snomed.info/sct 410620009</td>
        </tr>
        <tr>
          <td>2008-01-12T19:32:58+05:30</td>
          <td>2008-01-12T19:47:58+05:30</td>
          <td ID="encounters-desc-9">Well child visit (procedure)</td>
          <td ID="encounters-code-9">http://snomed.info/sct 410620009</td>
        </tr>
        <tr>
          <td>2011-10-08T11:32:58+05:30</td>
          <td>2011-10-08T11:47:58+05:30</td>
          <td ID="encounters-desc-10">Encounter for symptom</td>
          <td ID="encounters-code-10">http://snomed.info/sct 185345009</td>
        </tr>
        <tr>
          <td>2011-11-19T19:32:58+05:30</td>
          <td>2011-11-19T20:32:58+05:30</td>
          <td ID="encounters-desc-11">Emergency room admission (procedure)</td>
          <td ID="encounters-code-11">http://snomed.info/sct 50849002</td>
        </tr>
        <tr>
          <td>2012-02-04T19:32:58+05:30</td>
          <td>2012-02-04T19:47:58+05:30</td>
          <td ID="encounters-desc-12">Well child visit (procedure)</td>
          <td ID="encounters-code-12">http://snomed.info/sct 410620009</td>
        </tr>
        <tr>
          <td>2012-05-12T19:32:58+05:30</td>
          <td>2012-05-12T19:47:58+05:30</td>
          <td ID="encounters-desc-13">Encounter for check up (procedure)</td>
          <td ID="encounters-code-13">http://snomed.info/sct 185349003</td>
        </tr>
        <tr>
          <td>2013-02-09T19:32:58+05:30</td>
          <td>2013-02-09T19:47:58+05:30</td>
          <td ID="encounters-desc-14">Well child visit (procedure)</td>
          <td ID="encounters-code-14">http://snomed.info/sct 410620009</td>
        </tr>
        <tr>
          <td>2017-03-04T19:32:58+05:30</td>
          <td>2017-03-04T19:51:15+05:30</td>
          <td ID="encounters-desc-15">Well child visit (procedure)</td>
          <td ID="encounters-code-15">http://snomed.info/sct 410620009</td>
        </tr>
        <tr>
          <td>2018-01-06T19:32:58+05:30</td>
          <td>2018-01-06T19:47:58+05:30</td>
          <td ID="encounters-desc-16">Prenatal initial visit</td>
          <td ID="encounters-code-16">http://snomed.info/sct 424441002</td>
        </tr>
        <tr>
          <td>2019-03-16T19:32:58+05:30</td>
          <td>2019-03-16T20:06:39+05:30</td>
          <td ID="encounters-desc-17">General examination of patient (procedure)</td>
          <td ID="encounters-code-17">http://snomed.info/sct 162673000</td>
        </tr>
        <tr>
          <td>2023-02-03T19:32:58+05:30</td>
          <td>2023-02-03T19:47:58+05:30</td>
          <td ID="encounters-desc-18">Consultation for treatment</td>
          <td ID="encounters-code-18">http://snomed.info/sct 698314001</td>
        </tr>
        <tr>
          <td>2023-03-25T19:32:58+05:30</td>
          <td>2023-03-25T20:12:20+05:30</td>
          <td ID="encounters-desc-19">General examination of patient (procedure)</td>
          <td ID="encounters-code-19">http://snomed.info/sct 162673000</td>
        </tr>
    </tbody>
  </table>
</text>
    <entry typeCode="DRIV">
      <encounter classCode="ENC" moodCode="EVN">
		    <templateId root="2.16.840.1.113883.10.20.22.4.49"/>
        <!-- Encounter activity template -->
        <id root="8549f130-36f2-a658-ffc9-6a8b19165667"/>
        <code  code="410620009" codeSystem="2.16.840.1.113883.6.96" displayName="Well child visit (procedure)">
          <originalText><reference value="#encounters-desc-1"/></originalText>
        </code>
        <text>
          <reference value="#encounters-desc-1"/>
        </text>
        <effectiveTime>
          <low value="20010120193258"/>
          <high value="20010120194758"/>
        </effectiveTime>
      </encounter>
    </entry>
    <entry typeCode="DRIV">
      <encounter classCode="ENC" moodCode="EVN">
		    <templateId root="2.16.840.1.113883.10.20.22.4.49"/>
        <!-- Encounter activity template -->
        <id root="3ccb00aa-c834-3b17-5c47-c06f9f37659b"/>
        <code  code="410620009" codeSystem="2.16.840.1.113883.6.96" displayName="Well child visit (procedure)">
          <originalText><reference value="#encounters-desc-2"/></originalText>
        </code>
        <text>
          <reference value="#encounters-desc-2"/>
        </text>
        <effectiveTime>
          <low value="20010428193258"/>
          <high value="20010428194758"/>
        </effectiveTime>
      </encounter>
    </entry>
    <entry typeCode="DRIV">
      <encounter classCode="ENC" moodCode="EVN">
		    <templateId root="2.16.840.1.113883.10.20.22.4.49"/>
        <!-- Encounter activity template -->
        <id root="4e4255c1-275e-3f82-b830-3b3e8c54aad2"/>
        <code  code="410620009" codeSystem="2.16.840.1.113883.6.96" displayName="Well child visit (procedure)">
          <originalText><reference value="#encounters-desc-3"/></originalText>
        </code>
        <text>
          <reference value="#encounters-desc-3"/>
        </text>
        <effectiveTime>
          <low value="20011229193258"/>
          <high value="20011229194758"/>
        </effectiveTime>
      </encounter>
    </entry>
    <entry typeCode="DRIV">
      <encounter classCode="ENC" moodCode="EVN">
		    <templateId root="2.16.840.1.113883.10.20.22.4.49"/>
        <!-- Encounter activity template -->
        <id root="d3eecd83-04de-a434-cdf3-657db76b61a3"/>
        <code  code="410620009" codeSystem="2.16.840.1.113883.6.96" displayName="Well child visit (procedure)">
          <originalText><reference value="#encounters-desc-4"/></originalText>
        </code>
        <text>
          <reference value="#encounters-desc-4"/>
        </text>
        <effectiveTime>
          <low value="20020330193258"/>
          <high value="20020330194758"/>
        </effectiveTime>
      </encounter>
    </entry>
    <entry typeCode="DRIV">
      <encounter classCode="ENC" moodCode="EVN">
		    <templateId root="2.16.840.1.113883.10.20.22.4.49"/>
        <!-- Encounter activity template -->
        <id root="8d31cca0-75d9-3bde-677c-41dfc34ef2b8"/>
        <code  code="410620009" codeSystem="2.16.840.1.113883.6.96" displayName="Well child visit (procedure)">
          <originalText><reference value="#encounters-desc-5"/></originalText>
        </code>
        <text>
          <reference value="#encounters-desc-5"/>
        </text>
        <effectiveTime>
          <low value="20020629193258"/>
          <high value="20020629194758"/>
        </effectiveTime>
      </encounter>
    </entry>
    <entry typeCode="DRIV">
      <encounter classCode="ENC" moodCode="EVN">
		    <templateId root="2.16.840.1.113883.10.20.22.4.49"/>
        <!-- Encounter activity template -->
        <id root="4a8bc577-e472-d350-4c33-3bd3bbbcfa27"/>
        <code  code="410620009" codeSystem="2.16.840.1.113883.6.96" displayName="Well child visit (procedure)">
          <originalText><reference value="#encounters-desc-6"/></originalText>
        </code>
        <text>
          <reference value="#encounters-desc-6"/>
        </text>
        <effectiveTime>
          <low value="20030628193258"/>
          <high value="20030628194758"/>
        </effectiveTime>
      </encounter>
    </entry>
    <entry typeCode="DRIV">
      <encounter classCode="ENC" moodCode="EVN">
		    <templateId root="2.16.840.1.113883.10.20.22.4.49"/>
        <!-- Encounter activity template -->
        <id root="b2f4cec7-cd8e-5a1f-da31-d9b1194244c7"/>
        <code  code="410620009" codeSystem="2.16.840.1.113883.6.96" displayName="Well child visit (procedure)">
          <originalText><reference value="#encounters-desc-7"/></originalText>
        </code>
        <text>
          <reference value="#encounters-desc-7"/>
        </text>
        <effectiveTime>
          <low value="20041225193258"/>
          <high value="20041225194758"/>
        </effectiveTime>
      </encounter>
    </entry>
    <entry typeCode="DRIV">
      <encounter classCode="ENC" moodCode="EVN">
		    <templateId root="2.16.840.1.113883.10.20.22.4.49"/>
        <!-- Encounter activity template -->
        <id root="1aa3eee3-6b56-0b2f-1cfc-c98d992d7fa6"/>
        <code  code="410620009" codeSystem="2.16.840.1.113883.6.96" displayName="Well child visit (procedure)">
          <originalText><reference value="#encounters-desc-8"/></originalText>
        </code>
        <text>
          <reference value="#encounters-desc-8"/>
        </text>
        <effectiveTime>
          <low value="20051231193258"/>
          <high value="20051231194758"/>
        </effectiveTime>
      </encounter>
    </entry>
    <entry typeCode="DRIV">
      <encounter classCode="ENC" moodCode="EVN">
		    <templateId root="2.16.840.1.113883.10.20.22.4.49"/>
        <!-- Encounter activity template -->
        <id root="048f5721-fe1d-ba07-090a-462cfd299f99"/>
        <code  code="410620009" codeSystem="2.16.840.1.113883.6.96" displayName="Well child visit (procedure)">
          <originalText><reference value="#encounters-desc-9"/></originalText>
        </code>
        <text>
          <reference value="#encounters-desc-9"/>
        </text>
        <effectiveTime>
          <low value="20080112193258"/>
          <high value="20080112194758"/>
        </effectiveTime>
      </encounter>
    </entry>
    <entry typeCode="DRIV">
      <encounter classCode="ENC" moodCode="EVN">
		    <templateId root="2.16.840.1.113883.10.20.22.4.49"/>
        <!-- Encounter activity template -->
        <id root="27fbef82-5944-ba1a-8c04-14a1666f5885"/>
        <code  code="185345009" codeSystem="2.16.840.1.113883.6.96" displayName="Encounter for symptom">
          <originalText><reference value="#encounters-desc-10"/></originalText>
        </code>
        <text>
          <reference value="#encounters-desc-10"/>
        </text>
        <effectiveTime>
          <low value="20111008113258"/>
          <high value="20111008114758"/>
        </effectiveTime>
      </encounter>
    </entry>
    <entry typeCode="DRIV">
      <encounter classCode="ENC" moodCode="EVN">
		    <templateId root="2.16.840.1.113883.10.20.22.4.49"/>
        <!-- Encounter activity template -->
        <id root="76df6351-8f24-b48f-a3f1-a88bbc917c88"/>
        <code  code="50849002" codeSystem="2.16.840.1.113883.6.96" displayName="Emergency room admission (procedure)">
          <originalText><reference value="#encounters-desc-11"/></originalText>
        </code>
        <text>
          <reference value="#encounters-desc-11"/>
        </text>
        <effectiveTime>
          <low value="20111119193258"/>
          <high value="20111119203258"/>
        </effectiveTime>
      </encounter>
    </entry>
    <entry typeCode="DRIV">
      <encounter classCode="ENC" moodCode="EVN">
		    <templateId root="2.16.840.1.113883.10.20.22.4.49"/>
        <!-- Encounter activity template -->
        <id root="6e6e8319-45f5-a9cd-957c-0bfd3f733c02"/>
        <code  code="410620009" codeSystem="2.16.840.1.113883.6.96" displayName="Well child visit (procedure)">
          <originalText><reference value="#encounters-desc-12"/></originalText>
        </code>
        <text>
          <reference value="#encounters-desc-12"/>
        </text>
        <effectiveTime>
          <low value="20120204193258"/>
          <high value="20120204194758"/>
        </effectiveTime>
      </encounter>
    </entry>
    <entry typeCode="DRIV">
      <encounter classCode="ENC" moodCode="EVN">
		    <templateId root="2.16.840.1.113883.10.20.22.4.49"/>
        <!-- Encounter activity template -->
        <id root="bbd93c78-74c1-c4d8-b8de-ab4329a7a7a4"/>
        <code  code="185349003" codeSystem="2.16.840.1.113883.6.96" displayName="Encounter for check up (procedure)">
          <originalText><reference value="#encounters-desc-13"/></originalText>
        </code>
        <text>
          <reference value="#encounters-desc-13"/>
        </text>
        <effectiveTime>
          <low value="20120512193258"/>
          <high value="20120512194758"/>
        </effectiveTime>
      </encounter>
    </entry>
    <entry typeCode="DRIV">
      <encounter classCode="ENC" moodCode="EVN">
		    <templateId root="2.16.840.1.113883.10.20.22.4.49"/>
        <!-- Encounter activity template -->
        <id root="b1aa914e-daf7-b075-2a78-38dc910b5870"/>
        <code  code="410620009" codeSystem="2.16.840.1.113883.6.96" displayName="Well child visit (procedure)">
          <originalText><reference value="#encounters-desc-14"/></originalText>
        </code>
        <text>
          <reference value="#encounters-desc-14"/>
        </text>
        <effectiveTime>
          <low value="20130209193258"/>
          <high value="20130209194758"/>
        </effectiveTime>
      </encounter>
    </entry>
    <entry typeCode="DRIV">
      <encounter classCode="ENC" moodCode="EVN">
		    <templateId root="2.16.840.1.113883.10.20.22.4.49"/>
        <!-- Encounter activity template -->
        <id root="e555e538-ddf1-0de5-d2a8-9c983748cc74"/>
        <code  code="410620009" codeSystem="2.16.840.1.113883.6.96" displayName="Well child visit (procedure)">
          <originalText><reference value="#encounters-desc-15"/></originalText>
        </code>
        <text>
          <reference value="#encounters-desc-15"/>
        </text>
        <effectiveTime>
          <low value="20170304193258"/>
          <high value="20170304195115"/>
        </effectiveTime>
      </encounter>
    </entry>
    <entry typeCode="DRIV">
      <encounter classCode="ENC" moodCode="EVN">
		    <templateId root="2.16.840.1.113883.10.20.22.4.49"/>
        <!-- Encounter activity template -->
        <id root="cc321ccd-387d-b729-ee61-246ee50219e5"/>
        <code  code="424441002" codeSystem="2.16.840.1.113883.6.96" displayName="Prenatal initial visit">
          <originalText><reference value="#encounters-desc-16"/></originalText>
        </code>
        <text>
          <reference value="#encounters-desc-16"/>
        </text>
        <effectiveTime>
          <low value="20180106193258"/>
          <high value="20180106194758"/>
        </effectiveTime>
      </encounter>
    </entry>
    <entry typeCode="DRIV">
      <encounter classCode="ENC" moodCode="EVN">
		    <templateId root="2.16.840.1.113883.10.20.22.4.49"/>
        <!-- Encounter activity template -->
        <id root="05cf5221-77ce-33b4-3c4b-cf447284ad91"/>
        <code  code="162673000" codeSystem="2.16.840.1.113883.6.96" displayName="General examination of patient (procedure)">
          <originalText><reference value="#encounters-desc-17"/></originalText>
        </code>
        <text>
          <reference value="#encounters-desc-17"/>
        </text>
        <effectiveTime>
          <low value="20190316193258"/>
          <high value="20190316200639"/>
        </effectiveTime>
      </encounter>
    </entry>
    <entry typeCode="DRIV">
      <encounter classCode="ENC" moodCode="EVN">
		    <templateId root="2.16.840.1.113883.10.20.22.4.49"/>
        <!-- Encounter activity template -->
        <id root="fad9cd99-ea97-d1fb-2ff4-125271e36f12"/>
        <code  code="698314001" codeSystem="2.16.840.1.113883.6.96" displayName="Consultation for treatment">
          <originalText><reference value="#encounters-desc-18"/></originalText>
        </code>
        <text>
          <reference value="#encounters-desc-18"/>
        </text>
        <effectiveTime>
          <low value="20230203193258"/>
          <high value="20230203194758"/>
        </effectiveTime>
      </encounter>
    </entry>
    <entry typeCode="DRIV">
      <encounter classCode="ENC" moodCode="EVN">
		    <templateId root="2.16.840.1.113883.10.20.22.4.49"/>
        <!-- Encounter activity template -->
        <id root="ada97d8d-84e9-b107-f20c-05bedcee7673"/>
        <code  code="162673000" codeSystem="2.16.840.1.113883.6.96" displayName="General examination of patient (procedure)">
          <originalText><reference value="#encounters-desc-19"/></originalText>
        </code>
        <text>
          <reference value="#encounters-desc-19"/>
        </text>
        <effectiveTime>
          <low value="20230325193258"/>
          <high value="20230325201220"/>
        </effectiveTime>
      </encounter>
    </entry>
  </section>
</component>
<component>
  <!--Vital Signs: Patient has no current vital signs -->
  <section nullFlavor="NI">
    <templateId root="2.16.840.1.113883.10.20.22.2.4.1" extension="2015-08-01"/>
    <!--Vital Signs section template-->
    <code code="8716-3" codeSystem="2.16.840.1.113883.6.1" codeSystemName="LOINC" displayName="Vital signs"/>
    <title>Vital Signs</title>
    <text>There are no current vital signs at the time of this document's creation.</text>
  </section>
</component><component>
  <!--Social History - CCDA-->
  <section>
    <templateId root="2.16.840.1.113883.10.20.22.2.17" extension="2015-08-01"/>
    <templateId root="2.16.840.1.113883.10.20.22.2.17"/>
    <!-- Social history section template -->
    <code code="29762-2" codeSystem="2.16.840.1.113883.6.1"/>
    <title>Social History</title>
    <text>There is no current social history at the time of this document's creation.</text>
    <entry typeCode="DRIV">
      <observation classCode="OBS" moodCode="EVN">
        <templateId root="2.16.840.1.113883.10.20.22.4.78"/>
        <templateId root="2.16.840.1.113883.10.20.22.4.78" extension="2014-06-09"/>
        <!-- Smoking Status Meaningful Use template -->
        <id root="bc10c090-bf09-9d5d-2084-1dba16b4d5d6"/>
        <code code="72166-2" codeSystem="2.16.840.1.113883.6.1" displayName="Tobacco smoking status NHIS" />
        <statusCode code="completed"/>
        <effectiveTime value="20250607193258"/>
        <value xsi:type="CD" code="266927001" displayName="Unknown if ever smoked" codeSystem="2.16.840.1.113883.6.96"/>
      </observation>
    </entry>
  </section>
</component>
    </structuredBody>
  </component>
</ClinicalDocument>
