<?xml version="1.0" encoding="UTF-8"?>
<ClinicalDocument xmlns="urn:hl7-org:v3" xmlns:sdtc="urn:hl7-org:sdtc" xmlns:xsi="http://www.w3.org/2001/XMLSchema-instance" xsi:schemaLocation="urn:hl7-org:v3 http://xreg2.nist.gov:8080/hitspValidation/schema/cdar2c32/infrastructure/cda/C32_CDA.xsd">
  <realmCode code="US"/>
  <typeId root="2.16.840.1.113883.1.3" extension="POCD_HD000040"/>
  <templateId root="2.16.840.1.113883.10.20.22.1.1" extension="2015-08-01"/>
  <templateId root="2.16.840.1.113883.10.20.22.1.2" extension="2015-08-01"/>
  <id root="2.16.840.1.113883.19.5" extension="f53329d8-b742-0bb0-6a79-4f9a5369d063" assigningAuthorityName="https://github.com/synthetichealth/synthea"/>
  <code code="34133-9" displayName="Summarization of episode note" codeSystem="2.16.840.1.113883.6.1" codeSystemName="LOINC"/>
  <title>C-CDA R2.1 Patient Record: Judson999 Johnson679</title>
  <effectiveTime value="20250610040300"/>
  <confidentialityCode code="N"/>
  <languageCode code="en-US"/>
  <recordTarget>
    <patientRole>
      <id root="2.16.840.1.113883.19.5" extension="f53329d8-b742-0bb0-6a79-4f9a5369d063" assigningAuthorityName="https://github.com/synthetichealth/synthea"/>
      <addr use="HP">
        <streetAddressLine>1096 Stark Rapid Suite 91</streetAddressLine>
        <city>Brockton</city>
        <state>Massachusetts</state>
        <postalCode>02301</postalCode>
      </addr>
      <telecom nullFlavor="NI"/>
      <patient>
        <name>
          <given>Judson999</given>
          <family>Johnson679</family>
        </name>
        <administrativeGenderCode code="M" codeSystem="2.16.840.1.113883.5.1" codeSystemName="HL7 AdministrativeGender"/>
        <birthTime value="20120508040300"/>
        <raceCode code="2106-3" displayName="white" codeSystemName="CDC Race and Ethnicity" codeSystem="2.16.840.1.113883.6.238"/>
        <ethnicGroupCode code="2186-5" displayName="non-hispanic" codeSystemName="CDC Race and Ethnicity" codeSystem="2.16.840.1.113883.6.238"/>
        <languageCommunication>
          <languageCode code="en-US"/>
        </languageCommunication>
      </patient>
    </patientRole>
  </recordTarget>
  <author>
    <time value="20250610040300"/>
    <assignedAuthor>
      <id nullFlavor="NA"/>
      <addr nullFlavor="NA" />
      <telecom nullFlavor="NA" />
      <assignedAuthoringDevice>
        <manufacturerModelName>https://github.com/synthetichealth/synthea</manufacturerModelName>
        <softwareName>https://github.com/synthetichealth/synthea</softwareName>
      </assignedAuthoringDevice>
      <representedOrganization>
        <id nullFlavor="NA"/>
        <name>SOUTH SHORE CENTER FOR WELLNESS LTD</name>
        <telecom nullFlavor="NA"/>
        <addr>
          <streetAddressLine>200 CORDWAINER DR</streetAddressLine>
          <city>NORWELL</city>
          <state>MA</state>
          <postalCode>020611671</postalCode>
        </addr>
      </representedOrganization>
    </assignedAuthor>
  </author>
  <custodian>
    <assignedCustodian>
      <representedCustodianOrganization>
        <id nullFlavor="NA"/>
        <name>SOUTH SHORE CENTER FOR WELLNESS LTD</name>
        <telecom nullFlavor="NA"/>
        <addr>
          <streetAddressLine>200 CORDWAINER DR</streetAddressLine>
          <city>NORWELL</city>
          <state>MA</state>
          <postalCode>020611671</postalCode>
        </addr>
      </representedCustodianOrganization>
    </assignedCustodian>
  </custodian>
  <documentationOf>
    <serviceEvent classCode="PCPR">
      <effectiveTime>
        <low value="20120508040300"/>
        <high value="20250610040300"/>
      </effectiveTime>
    </serviceEvent>
  </documentationOf>
  <component>
    <structuredBody>
<component>
  <!-- Allergies: patient has no allergies -->
  <section nullFlavor="NI">
    <templateId root="2.16.840.1.113883.10.20.22.2.6.1" extension="2015-08-01"/>
    <code code="48765-2" codeSystem="2.16.840.1.113883.6.1" codeSystemName="LOINC" displayName="Allergy List"/>
    <title>Allergies</title>                
    <text>There are no current allergies at the time of this document's creation.</text>
  </section>
</component><component>
  <!--Medications-->
  <section>
	<templateId root="2.16.840.1.113883.10.20.22.2.1.1" extension="2014-06-09"/>
    <code code="10160-0" displayName="History of medication use" codeSystem="2.16.840.1.113883.6.1" codeSystemName="LOINC"/>
    <title>Medications</title>
<text>
  <table border="1" width="100%">
    <thead>
      <tr>
        <th>Start</th>
        <th>Stop</th>
        <th>Description</th>
        <th>Code</th>
      </tr>
    </thead>
    <tbody>
        <tr>
          <td>2023-06-26T05:34:00+05:30</td>
          <td>2023-10-16T05:34:00+05:30</td>
          <td ID="medications-desc-1">Ibuprofen 100 MG Oral Tablet</td>
          <td ID="medications-code-1">http://www.nlm.nih.gov/research/umls/rxnorm 198405</td>
        </tr>
    </tbody>
  </table>
</text>
    <entry>
      <!--CCD Medication activity - Required-->
      <substanceAdministration classCode="SBADM" moodCode="EVN">
        <templateId root="2.16.840.1.113883.10.20.22.4.16"/>
        <templateId root="2.16.840.1.113883.10.20.22.4.16" extension="2014-06-09"/>
        <id root="458b0ee4-b358-dbb9-96e6-f92ee4c01c2d"/>
        <statusCode code="completed"/>
        <effectiveTime xsi:type="IVL_TS">
          <low value="20230626053400"/>
          <high value="20231016053400"/>
        </effectiveTime>
        <doseQuantity value="1"/>
        <consumable>
          <!--CCD Product - Required-->
          <manufacturedProduct classCode="MANU">
            <templateId root="2.16.840.1.113883.10.20.22.4.23"/>
            <templateId root="2.16.840.1.113883.10.20.22.4.23" extension="2014-06-09"/>
            <manufacturedMaterial>
        <code  code="198405" codeSystem="2.16.840.1.113883.6.88" displayName="Ibuprofen 100 MG Oral Tablet">
          <originalText><reference value="#medications-desc-1"/></originalText>
        </code>
              <name>Ibuprofen 100 MG Oral Tablet</name>
            </manufacturedMaterial>
          </manufacturedProduct>
        </consumable>
      </substanceAdministration>
    </entry>
  </section>
</component>
<component>
  <!--Diagnostic Results-->
  <section>
    <templateId root="2.16.840.1.113883.10.20.22.2.3.1" extension="2015-08-01"/>
    <templateId root="2.16.840.1.113883.10.20.22.2.3.1"/>
    <!--Diagnostic Results section template-->
    <code code="30954-2" codeSystem="2.16.840.1.113883.6.1" codeSystemName="LOINC" displayName="Results"/>
    <title>Diagnostic Results</title>
<text>
  <table border="1" width="100%">
    <thead>
      <tr>
        <th>Start</th>
        <th>Stop</th>
        <th>Description</th>
        <th>Code</th>
      </tr>
    </thead>
    <tbody>
        <tr>
          <td>2024-05-28T04:30:36+05:30</td>
          <td></td>
          <td ID="reports-desc-1">Generalized anxiety disorder 7 item (GAD-7)</td>
          <td ID="reports-code-1">http://loinc.org 69737-5</td>
        </tr>
        <tr>
          <td>2024-05-28T05:07:45+05:30</td>
          <td></td>
          <td ID="reports-desc-2">Patient Health Questionnaire-9: Modified for Teens [Reported.PHQ.Teen]</td>
          <td ID="reports-code-2">http://loinc.org 89206-7</td>
        </tr>
        <tr>
          <td>2024-11-05T04:43:32+05:30</td>
          <td></td>
          <td ID="reports-desc-3">Patient Health Questionnaire-9: Modified for Teens [Reported.PHQ.Teen]</td>
          <td ID="reports-code-3">http://loinc.org 89206-7</td>
        </tr>
    </tbody>
  </table>
</text>
    <entry typeCode="DRIV">
      <organizer classCode="BATTERY" moodCode="EVN">
        <templateId root="2.16.840.1.113883.10.20.22.4.1" extension="2015-08-01"/>
        <templateId root="2.16.840.1.113883.10.20.22.4.1"/>
        <!--Result organizer template -->
        <id root="2b5b27f0-291e-0890-0f3e-d302518178a7"/>
        <code code="69737-5" codeSystem="2.16.840.1.113883.6.1" codeSystemName="LOINC" displayName="Generalized anxiety disorder 7 item (GAD-7)"/>
        <statusCode code="completed"/>
        <effectiveTime>
          <low value="20240528043036"/>
          <high value="20240528043036"/>
        </effectiveTime>
        <component>
          <observation classCode="OBS" moodCode="EVN">
            <templateId root="2.16.840.1.113883.10.20.22.4.2" extension="2015-08-01"/>
            <templateId root="2.16.840.1.113883.10.20.22.4.2"/>
            <id root="f9401df7-5f5a-381d-2dff-3688a639ac2a"/>
        <code  code="70274-6" codeSystem="2.16.840.1.113883.6.1" displayName="Generalized anxiety disorder 7 item (GAD-7) total score [Reported.PHQ]">
          <originalText><reference value="#reports-desc-1"/></originalText>
        </code>
            <text>
              <reference value="#reports-desc-1"/>
            </text>
            <statusCode code="completed"/>
            <effectiveTime value="20240528043036"/>
            <value xsi:type="PQ" value="1" unit="{score}"/>
          </observation>
        </component>
      </organizer>
    </entry>
    <entry typeCode="DRIV">
      <organizer classCode="BATTERY" moodCode="EVN">
        <templateId root="2.16.840.1.113883.10.20.22.4.1" extension="2015-08-01"/>
        <templateId root="2.16.840.1.113883.10.20.22.4.1"/>
        <!--Result organizer template -->
        <id root="0364a5e3-03a7-22e4-ad48-218076dddbfa"/>
        <code code="89206-7" codeSystem="2.16.840.1.113883.6.1" codeSystemName="LOINC" displayName="Patient Health Questionnaire-9: Modified for Teens [Reported.PHQ.Teen]"/>
        <statusCode code="completed"/>
        <effectiveTime>
          <low value="20240528050745"/>
          <high value="20240528050745"/>
        </effectiveTime>
        <component>
          <observation classCode="OBS" moodCode="EVN">
            <templateId root="2.16.840.1.113883.10.20.22.4.2" extension="2015-08-01"/>
            <templateId root="2.16.840.1.113883.10.20.22.4.2"/>
            <id root="bbdf0d26-c253-a778-0ce2-137289404b9d"/>
        <code  code="89204-2" codeSystem="2.16.840.1.113883.6.1" displayName="Patient Health Questionnaire-9: Modified for Teens total score [Reported.PHQ.Teen]">
          <originalText><reference value="#reports-desc-2"/></originalText>
        </code>
            <text>
              <reference value="#reports-desc-2"/>
            </text>
            <statusCode code="completed"/>
            <effectiveTime value="20240528050745"/>
            <value xsi:type="PQ" value="1" unit="{score}"/>
          </observation>
        </component>
      </organizer>
    </entry>
    <entry typeCode="DRIV">
      <organizer classCode="BATTERY" moodCode="EVN">
        <templateId root="2.16.840.1.113883.10.20.22.4.1" extension="2015-08-01"/>
        <templateId root="2.16.840.1.113883.10.20.22.4.1"/>
        <!--Result organizer template -->
        <id root="efb6c1f1-3a2c-a1e3-eeab-d5f9e51590ce"/>
        <code code="89206-7" codeSystem="2.16.840.1.113883.6.1" codeSystemName="LOINC" displayName="Patient Health Questionnaire-9: Modified for Teens [Reported.PHQ.Teen]"/>
        <statusCode code="completed"/>
        <effectiveTime>
          <low value="20241105044332"/>
          <high value="20241105044332"/>
        </effectiveTime>
        <component>
          <observation classCode="OBS" moodCode="EVN">
            <templateId root="2.16.840.1.113883.10.20.22.4.2" extension="2015-08-01"/>
            <templateId root="2.16.840.1.113883.10.20.22.4.2"/>
            <id root="fc766897-f9c4-5d07-718e-a5f41cf4722b"/>
        <code  code="89204-2" codeSystem="2.16.840.1.113883.6.1" displayName="Patient Health Questionnaire-9: Modified for Teens total score [Reported.PHQ.Teen]">
          <originalText><reference value="#reports-desc-3"/></originalText>
        </code>
            <text>
              <reference value="#reports-desc-3"/>
            </text>
            <statusCode code="completed"/>
            <effectiveTime value="20241105044332"/>
            <value xsi:type="PQ" value="2" unit="{score}"/>
          </observation>
        </component>
      </organizer>
    </entry>
  </section>
</component><component>
  <!--Problems-->
  <section>
    <templateId root="2.16.840.1.113883.10.20.22.2.5.1" extension="2015-08-01"/>
    <!--Problems section template-->
    <code code="11450-4" codeSystem="2.16.840.1.113883.6.1" codeSystemName="LOINC" displayName="Problem list"/>
    <title>Problems</title>
<text>
  <table border="1" width="100%">
    <thead>
      <tr>
        <th>Start</th>
        <th>Stop</th>
        <th>Description</th>
        <th>Code</th>
      </tr>
    </thead>
    <tbody>
        <tr>
          <td>2023-05-23T04:03:00+05:30</td>
          <td>2025-06-03T04:03:00+05:30</td>
          <td ID="conditions-desc-1">Medication review due (situation)</td>
          <td ID="conditions-code-1">http://snomed.info/sct 314529007</td>
        </tr>
        <tr>
          <td>2023-06-26T04:03:00+05:30</td>
          <td>2023-10-16T05:34:00+05:30</td>
          <td ID="conditions-desc-2">Fracture of bone (disorder)</td>
          <td ID="conditions-code-2">http://snomed.info/sct 125605004</td>
        </tr>
        <tr>
          <td>2023-06-26T04:03:00+05:30</td>
          <td>2023-10-16T05:34:00+05:30</td>
          <td ID="conditions-desc-3">Fracture of clavicle</td>
          <td ID="conditions-code-3">http://snomed.info/sct 58150001</td>
        </tr>
        <tr>
          <td>2024-10-29T03:03:00+05:30</td>
          <td>2024-11-11T22:03:00+05:30</td>
          <td ID="conditions-desc-4">Acute viral pharyngitis (disorder)</td>
          <td ID="conditions-code-4">http://snomed.info/sct 195662009</td>
        </tr>
    </tbody>
  </table>
</text>
    <entry typeCode="DRIV">
      <act classCode="ACT" moodCode="EVN">
        <templateId root="2.16.840.1.113883.10.20.22.4.3"/>
        <templateId root="2.16.840.1.113883.10.20.22.4.3" extension="2015-08-01"/>
        <!-- Problem act template -->
        <id root="d1ab7066-6cff-afeb-7423-76dbd0db5815"/>
        <code nullFlavor="NA"/>
        <statusCode code="completed"/>
        <effectiveTime>
          <low value="20230523040300"/>
          <high value="20250603040300"/>
        </effectiveTime>
        <entryRelationship typeCode="SUBJ" inversionInd="false">
          <observation classCode="OBS" moodCode="EVN">
            <templateId root="2.16.840.1.113883.10.20.22.4.4"/>
            <templateId root="2.16.840.1.113883.10.20.22.4.4" extension="2015-08-01"/>
            <!--Problem observation template - NOT episode template-->
            <id root="fcb0e396-1a1d-561c-31ed-8612ac019e9a"/>
            <code code="64572001" displayName="Condition" codeSystem="2.16.840.1.113883.6.96" codeSystemName="SNOMED-CT">
              <translation code="75323-6" displayName="Condition" codeSystem="2.16.840.1.113883.6.1" codeSystemName="LOINC"/>
            </code>
            <text>
              <reference value="#conditions-desc-1"/>
            </text>
            <statusCode code="completed"/>
            <effectiveTime>
              <low value="20230523040300"/>
              <high value="20250603040300"/>
            </effectiveTime>
            <priorityCode code="8319008" codeSystem="2.16.840.1.113883.6.96" displayName="Principal diagnosis" />
        <value xsi:type="CD" code="314529007" codeSystem="2.16.840.1.113883.6.96" displayName="Medication review due (situation)">
          <originalText><reference value="#conditions-desc-1"/></originalText>
        </value>
          </observation>
        </entryRelationship>
      </act>
    </entry>
    <entry typeCode="DRIV">
      <act classCode="ACT" moodCode="EVN">
        <templateId root="2.16.840.1.113883.10.20.22.4.3"/>
        <templateId root="2.16.840.1.113883.10.20.22.4.3" extension="2015-08-01"/>
        <!-- Problem act template -->
        <id root="a4738f1a-e79d-be0d-74e2-89b3b04d47c3"/>
        <code nullFlavor="NA"/>
        <statusCode code="completed"/>
        <effectiveTime>
          <low value="20230626040300"/>
          <high value="20231016053400"/>
        </effectiveTime>
        <entryRelationship typeCode="SUBJ" inversionInd="false">
          <observation classCode="OBS" moodCode="EVN">
            <templateId root="2.16.840.1.113883.10.20.22.4.4"/>
            <templateId root="2.16.840.1.113883.10.20.22.4.4" extension="2015-08-01"/>
            <!--Problem observation template - NOT episode template-->
            <id root="0c740881-db61-8cc5-42e8-382fa25a2ed8"/>
            <code code="64572001" displayName="Condition" codeSystem="2.16.840.1.113883.6.96" codeSystemName="SNOMED-CT">
              <translation code="75323-6" displayName="Condition" codeSystem="2.16.840.1.113883.6.1" codeSystemName="LOINC"/>
            </code>
            <text>
              <reference value="#conditions-desc-2"/>
            </text>
            <statusCode code="completed"/>
            <effectiveTime>
              <low value="20230626040300"/>
              <high value="20231016053400"/>
            </effectiveTime>
            <priorityCode code="8319008" codeSystem="2.16.840.1.113883.6.96" displayName="Principal diagnosis" />
        <value xsi:type="CD" code="125605004" codeSystem="2.16.840.1.113883.6.96" displayName="Fracture of bone (disorder)">
          <originalText><reference value="#conditions-desc-2"/></originalText>
        </value>
          </observation>
        </entryRelationship>
      </act>
    </entry>
    <entry typeCode="DRIV">
      <act classCode="ACT" moodCode="EVN">
        <templateId root="2.16.840.1.113883.10.20.22.4.3"/>
        <templateId root="2.16.840.1.113883.10.20.22.4.3" extension="2015-08-01"/>
        <!-- Problem act template -->
        <id root="2a29b8be-5837-6595-39ad-97531012c6b9"/>
        <code nullFlavor="NA"/>
        <statusCode code="completed"/>
        <effectiveTime>
          <low value="20230626040300"/>
          <high value="20231016053400"/>
        </effectiveTime>
        <entryRelationship typeCode="SUBJ" inversionInd="false">
          <observation classCode="OBS" moodCode="EVN">
            <templateId root="2.16.840.1.113883.10.20.22.4.4"/>
            <templateId root="2.16.840.1.113883.10.20.22.4.4" extension="2015-08-01"/>
            <!--Problem observation template - NOT episode template-->
            <id root="d5b87bb7-b64b-25a7-38ec-9e64f299996a"/>
            <code code="64572001" displayName="Condition" codeSystem="2.16.840.1.113883.6.96" codeSystemName="SNOMED-CT">
              <translation code="75323-6" displayName="Condition" codeSystem="2.16.840.1.113883.6.1" codeSystemName="LOINC"/>
            </code>
            <text>
              <reference value="#conditions-desc-3"/>
            </text>
            <statusCode code="completed"/>
            <effectiveTime>
              <low value="20230626040300"/>
              <high value="20231016053400"/>
            </effectiveTime>
            <priorityCode code="8319008" codeSystem="2.16.840.1.113883.6.96" displayName="Principal diagnosis" />
        <value xsi:type="CD" code="58150001" codeSystem="2.16.840.1.113883.6.96" displayName="Fracture of clavicle">
          <originalText><reference value="#conditions-desc-3"/></originalText>
        </value>
          </observation>
        </entryRelationship>
      </act>
    </entry>
    <entry typeCode="DRIV">
      <act classCode="ACT" moodCode="EVN">
        <templateId root="2.16.840.1.113883.10.20.22.4.3"/>
        <templateId root="2.16.840.1.113883.10.20.22.4.3" extension="2015-08-01"/>
        <!-- Problem act template -->
        <id root="d70eb695-4de8-a4ac-e329-6c1097896bba"/>
        <code nullFlavor="NA"/>
        <statusCode code="completed"/>
        <effectiveTime>
          <low value="20241029030300"/>
          <high value="20241111220300"/>
        </effectiveTime>
        <entryRelationship typeCode="SUBJ" inversionInd="false">
          <observation classCode="OBS" moodCode="EVN">
            <templateId root="2.16.840.1.113883.10.20.22.4.4"/>
            <templateId root="2.16.840.1.113883.10.20.22.4.4" extension="2015-08-01"/>
            <!--Problem observation template - NOT episode template-->
            <id root="ee552ff0-d632-b4c1-6103-0d18f33a13c8"/>
            <code code="64572001" displayName="Condition" codeSystem="2.16.840.1.113883.6.96" codeSystemName="SNOMED-CT">
              <translation code="75323-6" displayName="Condition" codeSystem="2.16.840.1.113883.6.1" codeSystemName="LOINC"/>
            </code>
            <text>
              <reference value="#conditions-desc-4"/>
            </text>
            <statusCode code="completed"/>
            <effectiveTime>
              <low value="20241029030300"/>
              <high value="20241111220300"/>
            </effectiveTime>
            <priorityCode code="8319008" codeSystem="2.16.840.1.113883.6.96" displayName="Principal diagnosis" />
        <value xsi:type="CD" code="195662009" codeSystem="2.16.840.1.113883.6.96" displayName="Acute viral pharyngitis (disorder)">
          <originalText><reference value="#conditions-desc-4"/></originalText>
        </value>
          </observation>
        </entryRelationship>
      </act>
    </entry>
  </section>
</component>
<component>
  <!--Surgeries-->
  <section>
    <templateId root="2.16.840.1.113883.10.20.22.2.7.1" extension="2014-06-09"/>
    <!--Surgeries section template-->
    <code code="47519-4" codeSystem="2.16.840.1.113883.6.1" codeSystemName="LOINC" displayName="List of surgeries"/>
    <title>Surgeries</title>
<text>
  <table border="1" width="100%">
    <thead>
      <tr>
        <th>Start</th>
        <th>Stop</th>
        <th>Description</th>
        <th>Code</th>
      </tr>
    </thead>
    <tbody>
        <tr>
          <td>2023-06-26T04:03:00+05:30</td>
          <td>2023-06-26T04:33:00+05:30</td>
          <td ID="procedures-desc-1">Clavicle X-ray</td>
          <td ID="procedures-code-1">http://snomed.info/sct 168594001</td>
        </tr>
        <tr>
          <td>2023-06-26T04:03:00+05:30</td>
          <td>2023-06-26T05:34:00+05:30</td>
          <td ID="procedures-desc-2">Admission to orthopedic department</td>
          <td ID="procedures-code-2">http://snomed.info/sct 305428000</td>
        </tr>
        <tr>
          <td>2024-05-28T04:03:00+05:30</td>
          <td>2024-05-28T04:30:36+05:30</td>
          <td ID="procedures-desc-3">Assessment of anxiety (procedure)</td>
          <td ID="procedures-code-3">http://snomed.info/sct 710841007</td>
        </tr>
        <tr>
          <td>2024-05-28T04:30:36+05:30</td>
          <td>2024-05-28T04:42:49+05:30</td>
          <td ID="procedures-desc-4">Depression screening (procedure)</td>
          <td ID="procedures-code-4">http://snomed.info/sct 171207006</td>
        </tr>
        <tr>
          <td>2024-05-28T04:42:49+05:30</td>
          <td>2024-05-28T05:07:45+05:30</td>
          <td ID="procedures-desc-5">Depression screening using Patient Health Questionnaire Nine Item score (procedure)</td>
          <td ID="procedures-code-5">http://snomed.info/sct 715252007</td>
        </tr>
        <tr>
          <td>2024-11-05T04:03:00+05:30</td>
          <td>2024-11-05T04:16:31+05:30</td>
          <td ID="procedures-desc-6">Depression screening (procedure)</td>
          <td ID="procedures-code-6">http://snomed.info/sct 171207006</td>
        </tr>
        <tr>
          <td>2024-11-05T04:16:31+05:30</td>
          <td>2024-11-05T04:43:32+05:30</td>
          <td ID="procedures-desc-7">Depression screening using Patient Health Questionnaire Nine Item score (procedure)</td>
          <td ID="procedures-code-7">http://snomed.info/sct 715252007</td>
        </tr>
        <tr>
          <td>2024-11-05T04:43:32+05:30</td>
          <td>2024-11-05T04:56:02+05:30</td>
          <td ID="procedures-desc-8">Assessment of substance use (procedure)</td>
          <td ID="procedures-code-8">http://snomed.info/sct 428211000124100</td>
        </tr>
        <tr>
          <td>2024-11-05T04:56:02+05:30</td>
          <td>2024-11-05T05:10:54+05:30</td>
          <td ID="procedures-desc-9">Assessment using Car, Relax, Alone, Forget, Friends, Trouble Screening Test (procedure)</td>
          <td ID="procedures-code-9">http://snomed.info/sct 868187001</td>
        </tr>
        <tr>
          <td>2024-11-05T05:10:54+05:30</td>
          <td>2024-11-05T05:16:38+05:30</td>
          <td ID="procedures-desc-10">Anticipatory guidance (procedure)</td>
          <td ID="procedures-code-10">http://snomed.info/sct 386516004</td>
        </tr>
        <tr>
          <td>2025-06-03T04:03:00+05:30</td>
          <td>2025-06-03T04:18:00+05:30</td>
          <td ID="procedures-desc-11">Medication Reconciliation (procedure)</td>
          <td ID="procedures-code-11">http://snomed.info/sct 430193006</td>
        </tr>
        <tr>
          <td>2025-06-03T04:03:00+05:30</td>
          <td>2025-06-03T04:18:16+05:30</td>
          <td ID="procedures-desc-12">Assessment of anxiety (procedure)</td>
          <td ID="procedures-code-12">http://snomed.info/sct 710841007</td>
        </tr>
    </tbody>
  </table>
</text>
    <entry typeCode="DRIV">
      <procedure classCode="PROC" moodCode="EVN">
        <templateId root="2.16.840.1.113883.10.20.22.4.14"/>
        <!-- Procedure activity template -->
        <id root="948862f0-13ff-1175-96b7-a9e6bb8abd2d"/>
        <code  code="168594001" codeSystem="2.16.840.1.113883.6.96" displayName="Clavicle X-ray">
          <originalText><reference value="#procedures-desc-1"/></originalText>
        </code>
        <text>
          <reference value="#procedures-desc-1"/>
        </text>
        <statusCode code="completed"/>
        <effectiveTime value="20230626040300"/>
      </procedure>
    </entry>
    <entry typeCode="DRIV">
      <procedure classCode="PROC" moodCode="EVN">
        <templateId root="2.16.840.1.113883.10.20.22.4.14"/>
        <!-- Procedure activity template -->
        <id root="894bdcfc-c674-daa0-626c-4f1566171b12"/>
        <code  code="305428000" codeSystem="2.16.840.1.113883.6.96" displayName="Admission to orthopedic department">
          <originalText><reference value="#procedures-desc-2"/></originalText>
        </code>
        <text>
          <reference value="#procedures-desc-2"/>
        </text>
        <statusCode code="completed"/>
        <effectiveTime value="20230626040300"/>
      </procedure>
    </entry>
    <entry typeCode="DRIV">
      <procedure classCode="PROC" moodCode="EVN">
        <templateId root="2.16.840.1.113883.10.20.22.4.14"/>
        <!-- Procedure activity template -->
        <id root="0a5b27ae-4a04-2c18-678c-eb926b981cb2"/>
        <code  code="710841007" codeSystem="2.16.840.1.113883.6.96" displayName="Assessment of anxiety (procedure)">
          <originalText><reference value="#procedures-desc-3"/></originalText>
        </code>
        <text>
          <reference value="#procedures-desc-3"/>
        </text>
        <statusCode code="completed"/>
        <effectiveTime value="20240528040300"/>
      </procedure>
    </entry>
    <entry typeCode="DRIV">
      <procedure classCode="PROC" moodCode="EVN">
        <templateId root="2.16.840.1.113883.10.20.22.4.14"/>
        <!-- Procedure activity template -->
        <id root="30284313-0d85-9f5a-a533-a46190a57850"/>
        <code  code="171207006" codeSystem="2.16.840.1.113883.6.96" displayName="Depression screening (procedure)">
          <originalText><reference value="#procedures-desc-4"/></originalText>
        </code>
        <text>
          <reference value="#procedures-desc-4"/>
        </text>
        <statusCode code="completed"/>
        <effectiveTime value="20240528043036"/>
      </procedure>
    </entry>
    <entry typeCode="DRIV">
      <procedure classCode="PROC" moodCode="EVN">
        <templateId root="2.16.840.1.113883.10.20.22.4.14"/>
        <!-- Procedure activity template -->
        <id root="cb8f21d1-2168-5ee7-4f1c-2876b0c0a07e"/>
        <code  code="715252007" codeSystem="2.16.840.1.113883.6.96" displayName="Depression screening using Patient Health Questionnaire Nine Item score (procedure)">
          <originalText><reference value="#procedures-desc-5"/></originalText>
        </code>
        <text>
          <reference value="#procedures-desc-5"/>
        </text>
        <statusCode code="completed"/>
        <effectiveTime value="20240528044249"/>
      </procedure>
    </entry>
    <entry typeCode="DRIV">
      <procedure classCode="PROC" moodCode="EVN">
        <templateId root="2.16.840.1.113883.10.20.22.4.14"/>
        <!-- Procedure activity template -->
        <id root="bf743f3b-cc47-1b37-7453-e992d1e26437"/>
        <code  code="171207006" codeSystem="2.16.840.1.113883.6.96" displayName="Depression screening (procedure)">
          <originalText><reference value="#procedures-desc-6"/></originalText>
        </code>
        <text>
          <reference value="#procedures-desc-6"/>
        </text>
        <statusCode code="completed"/>
        <effectiveTime value="20241105040300"/>
      </procedure>
    </entry>
    <entry typeCode="DRIV">
      <procedure classCode="PROC" moodCode="EVN">
        <templateId root="2.16.840.1.113883.10.20.22.4.14"/>
        <!-- Procedure activity template -->
        <id root="b173606d-a3de-ca3a-15e5-d902573e8ed0"/>
        <code  code="715252007" codeSystem="2.16.840.1.113883.6.96" displayName="Depression screening using Patient Health Questionnaire Nine Item score (procedure)">
          <originalText><reference value="#procedures-desc-7"/></originalText>
        </code>
        <text>
          <reference value="#procedures-desc-7"/>
        </text>
        <statusCode code="completed"/>
        <effectiveTime value="20241105041631"/>
      </procedure>
    </entry>
    <entry typeCode="DRIV">
      <procedure classCode="PROC" moodCode="EVN">
        <templateId root="2.16.840.1.113883.10.20.22.4.14"/>
        <!-- Procedure activity template -->
        <id root="014461c7-46d1-394d-6c43-817f12da4e45"/>
        <code  code="428211000124100" codeSystem="2.16.840.1.113883.6.96" displayName="Assessment of substance use (procedure)">
          <originalText><reference value="#procedures-desc-8"/></originalText>
        </code>
        <text>
          <reference value="#procedures-desc-8"/>
        </text>
        <statusCode code="completed"/>
        <effectiveTime value="20241105044332"/>
      </procedure>
    </entry>
    <entry typeCode="DRIV">
      <procedure classCode="PROC" moodCode="EVN">
        <templateId root="2.16.840.1.113883.10.20.22.4.14"/>
        <!-- Procedure activity template -->
        <id root="213c074b-d34a-4a4e-b294-65fd28d2d04a"/>
        <code  code="868187001" codeSystem="2.16.840.1.113883.6.96" displayName="Assessment using Car, Relax, Alone, Forget, Friends, Trouble Screening Test (procedure)">
          <originalText><reference value="#procedures-desc-9"/></originalText>
        </code>
        <text>
          <reference value="#procedures-desc-9"/>
        </text>
        <statusCode code="completed"/>
        <effectiveTime value="20241105045602"/>
      </procedure>
    </entry>
    <entry typeCode="DRIV">
      <procedure classCode="PROC" moodCode="EVN">
        <templateId root="2.16.840.1.113883.10.20.22.4.14"/>
        <!-- Procedure activity template -->
        <id root="9ee09c17-f816-fba2-87ff-05e7d67786a5"/>
        <code  code="386516004" codeSystem="2.16.840.1.113883.6.96" displayName="Anticipatory guidance (procedure)">
          <originalText><reference value="#procedures-desc-10"/></originalText>
        </code>
        <text>
          <reference value="#procedures-desc-10"/>
        </text>
        <statusCode code="completed"/>
        <effectiveTime value="20241105051054"/>
      </procedure>
    </entry>
    <entry typeCode="DRIV">
      <procedure classCode="PROC" moodCode="EVN">
        <templateId root="2.16.840.1.113883.10.20.22.4.14"/>
        <!-- Procedure activity template -->
        <id root="d181d1af-cac8-a141-e4b0-dd1a6a4b2e31"/>
        <code  code="430193006" codeSystem="2.16.840.1.113883.6.96" displayName="Medication Reconciliation (procedure)">
          <originalText><reference value="#procedures-desc-11"/></originalText>
        </code>
        <text>
          <reference value="#procedures-desc-11"/>
        </text>
        <statusCode code="completed"/>
        <effectiveTime value="20250603040300"/>
      </procedure>
    </entry>
    <entry typeCode="DRIV">
      <procedure classCode="PROC" moodCode="EVN">
        <templateId root="2.16.840.1.113883.10.20.22.4.14"/>
        <!-- Procedure activity template -->
        <id root="b5bc8b26-cf23-f7ae-96a3-94ffb9a17f2e"/>
        <code  code="710841007" codeSystem="2.16.840.1.113883.6.96" displayName="Assessment of anxiety (procedure)">
          <originalText><reference value="#procedures-desc-12"/></originalText>
        </code>
        <text>
          <reference value="#procedures-desc-12"/>
        </text>
        <statusCode code="completed"/>
        <effectiveTime value="20250603040300"/>
      </procedure>
    </entry>
  </section>
</component>
<component>
  <!--Encounters-->
  <section>
    <templateId root="2.16.840.1.113883.10.20.22.2.22" extension="2015-08-01"/> <!-- CCDA Template id -->
    <!--Encounters section template-->
    <code code="46240-8" codeSystem="2.16.840.1.113883.6.1" codeSystemName="LOINC" displayName="History of encounters"/>
    <title>Encounters</title>
<text>
  <table border="1" width="100%">
    <thead>
      <tr>
        <th>Start</th>
        <th>Stop</th>
        <th>Description</th>
        <th>Code</th>
      </tr>
    </thead>
    <tbody>
        <tr>
          <td>2023-05-23T04:03:00+05:30</td>
          <td>2023-05-23T04:18:00+05:30</td>
          <td ID="encounters-desc-1">Well child visit (procedure)</td>
          <td ID="encounters-code-1">http://snomed.info/sct 410620009</td>
        </tr>
        <tr>
          <td>2023-06-26T04:03:00+05:30</td>
          <td>2023-06-26T05:34:00+05:30</td>
          <td ID="encounters-desc-2">Emergency room admission (procedure)</td>
          <td ID="encounters-code-2">http://snomed.info/sct 50849002</td>
        </tr>
        <tr>
          <td>2023-10-16T05:34:00+05:30</td>
          <td>2023-10-16T05:49:00+05:30</td>
          <td ID="encounters-desc-3">Encounter for check up</td>
          <td ID="encounters-code-3">http://snomed.info/sct 185349003</td>
        </tr>
        <tr>
          <td>2024-05-21T04:03:00+05:30</td>
          <td>2024-05-21T04:18:00+05:30</td>
          <td ID="encounters-desc-4">Administration of vaccine to produce active immunity (procedure)</td>
          <td ID="encounters-code-4">http://snomed.info/sct 33879002</td>
        </tr>
        <tr>
          <td>2024-05-28T04:03:00+05:30</td>
          <td>2024-05-28T04:30:36+05:30</td>
          <td ID="encounters-desc-5">Well child visit (procedure)</td>
          <td ID="encounters-code-5">http://snomed.info/sct 410620009</td>
        </tr>
        <tr>
          <td>2024-06-11T04:03:00+05:30</td>
          <td>2024-06-11T04:18:00+05:30</td>
          <td ID="encounters-desc-6">Administration of vaccine to produce active immunity (procedure)</td>
          <td ID="encounters-code-6">http://snomed.info/sct 33879002</td>
        </tr>
        <tr>
          <td>2024-10-29T03:03:00+05:30</td>
          <td>2024-10-29T03:18:00+05:30</td>
          <td ID="encounters-desc-7">Encounter for symptom</td>
          <td ID="encounters-code-7">http://snomed.info/sct 185345009</td>
        </tr>
        <tr>
          <td>2024-11-05T04:03:00+05:30</td>
          <td>2024-11-05T04:18:00+05:30</td>
          <td ID="encounters-desc-8">Encounter for check up (procedure)</td>
          <td ID="encounters-code-8">http://snomed.info/sct 185349003</td>
        </tr>
        <tr>
          <td>2025-06-03T04:03:00+05:30</td>
          <td>2025-06-03T04:18:16+05:30</td>
          <td ID="encounters-desc-9">Well child visit (procedure)</td>
          <td ID="encounters-code-9">http://snomed.info/sct 410620009</td>
        </tr>
    </tbody>
  </table>
</text>
    <entry typeCode="DRIV">
      <encounter classCode="ENC" moodCode="EVN">
		    <templateId root="2.16.840.1.113883.10.20.22.4.49"/>
        <!-- Encounter activity template -->
        <id root="e077717e-6e1c-b309-f915-72ea636d1983"/>
        <code  code="410620009" codeSystem="2.16.840.1.113883.6.96" displayName="Well child visit (procedure)">
          <originalText><reference value="#encounters-desc-1"/></originalText>
        </code>
        <text>
          <reference value="#encounters-desc-1"/>
        </text>
        <effectiveTime>
          <low value="20230523040300"/>
          <high value="20230523041800"/>
        </effectiveTime>
      </encounter>
    </entry>
    <entry typeCode="DRIV">
      <encounter classCode="ENC" moodCode="EVN">
		    <templateId root="2.16.840.1.113883.10.20.22.4.49"/>
        <!-- Encounter activity template -->
        <id root="209933ba-435e-1668-5eaa-885006257703"/>
        <code  code="50849002" codeSystem="2.16.840.1.113883.6.96" displayName="Emergency room admission (procedure)">
          <originalText><reference value="#encounters-desc-2"/></originalText>
        </code>
        <text>
          <reference value="#encounters-desc-2"/>
        </text>
        <effectiveTime>
          <low value="20230626040300"/>
          <high value="20230626053400"/>
        </effectiveTime>
      </encounter>
    </entry>
    <entry typeCode="DRIV">
      <encounter classCode="ENC" moodCode="EVN">
		    <templateId root="2.16.840.1.113883.10.20.22.4.49"/>
        <!-- Encounter activity template -->
        <id root="87208e8a-0fe0-bcb8-d454-acef37ab3be4"/>
        <code  code="185349003" codeSystem="2.16.840.1.113883.6.96" displayName="Encounter for check up">
          <originalText><reference value="#encounters-desc-3"/></originalText>
        </code>
        <text>
          <reference value="#encounters-desc-3"/>
        </text>
        <effectiveTime>
          <low value="20231016053400"/>
          <high value="20231016054900"/>
        </effectiveTime>
      </encounter>
    </entry>
    <entry typeCode="DRIV">
      <encounter classCode="ENC" moodCode="EVN">
		    <templateId root="2.16.840.1.113883.10.20.22.4.49"/>
        <!-- Encounter activity template -->
        <id root="457545ea-f08f-c07b-6bfc-8bef02385f2c"/>
        <code  code="33879002" codeSystem="2.16.840.1.113883.6.96" displayName="Administration of vaccine to produce active immunity (procedure)">
          <originalText><reference value="#encounters-desc-4"/></originalText>
        </code>
        <text>
          <reference value="#encounters-desc-4"/>
        </text>
        <effectiveTime>
          <low value="20240521040300"/>
          <high value="20240521041800"/>
        </effectiveTime>
      </encounter>
    </entry>
    <entry typeCode="DRIV">
      <encounter classCode="ENC" moodCode="EVN">
		    <templateId root="2.16.840.1.113883.10.20.22.4.49"/>
        <!-- Encounter activity template -->
        <id root="fa197a39-8458-d49e-7d9d-d06d97622adf"/>
        <code  code="410620009" codeSystem="2.16.840.1.113883.6.96" displayName="Well child visit (procedure)">
          <originalText><reference value="#encounters-desc-5"/></originalText>
        </code>
        <text>
          <reference value="#encounters-desc-5"/>
        </text>
        <effectiveTime>
          <low value="20240528040300"/>
          <high value="20240528043036"/>
        </effectiveTime>
      </encounter>
    </entry>
    <entry typeCode="DRIV">
      <encounter classCode="ENC" moodCode="EVN">
		    <templateId root="2.16.840.1.113883.10.20.22.4.49"/>
        <!-- Encounter activity template -->
        <id root="b27beaa9-0743-65b2-dd34-3689e0dbf501"/>
        <code  code="33879002" codeSystem="2.16.840.1.113883.6.96" displayName="Administration of vaccine to produce active immunity (procedure)">
          <originalText><reference value="#encounters-desc-6"/></originalText>
        </code>
        <text>
          <reference value="#encounters-desc-6"/>
        </text>
        <effectiveTime>
          <low value="20240611040300"/>
          <high value="20240611041800"/>
        </effectiveTime>
      </encounter>
    </entry>
    <entry typeCode="DRIV">
      <encounter classCode="ENC" moodCode="EVN">
		    <templateId root="2.16.840.1.113883.10.20.22.4.49"/>
        <!-- Encounter activity template -->
        <id root="3a9a013a-2232-01bc-adfe-d96108ca8314"/>
        <code  code="185345009" codeSystem="2.16.840.1.113883.6.96" displayName="Encounter for symptom">
          <originalText><reference value="#encounters-desc-7"/></originalText>
        </code>
        <text>
          <reference value="#encounters-desc-7"/>
        </text>
        <effectiveTime>
          <low value="20241029030300"/>
          <high value="20241029031800"/>
        </effectiveTime>
      </encounter>
    </entry>
    <entry typeCode="DRIV">
      <encounter classCode="ENC" moodCode="EVN">
		    <templateId root="2.16.840.1.113883.10.20.22.4.49"/>
        <!-- Encounter activity template -->
        <id root="7c4af978-0728-c733-235b-66b11954b050"/>
        <code  code="185349003" codeSystem="2.16.840.1.113883.6.96" displayName="Encounter for check up (procedure)">
          <originalText><reference value="#encounters-desc-8"/></originalText>
        </code>
        <text>
          <reference value="#encounters-desc-8"/>
        </text>
        <effectiveTime>
          <low value="20241105040300"/>
          <high value="20241105041800"/>
        </effectiveTime>
      </encounter>
    </entry>
    <entry typeCode="DRIV">
      <encounter classCode="ENC" moodCode="EVN">
		    <templateId root="2.16.840.1.113883.10.20.22.4.49"/>
        <!-- Encounter activity template -->
        <id root="6b9311d7-fee3-26c2-e593-e69e46aa0651"/>
        <code  code="410620009" codeSystem="2.16.840.1.113883.6.96" displayName="Well child visit (procedure)">
          <originalText><reference value="#encounters-desc-9"/></originalText>
        </code>
        <text>
          <reference value="#encounters-desc-9"/>
        </text>
        <effectiveTime>
          <low value="20250603040300"/>
          <high value="20250603041816"/>
        </effectiveTime>
      </encounter>
    </entry>
  </section>
</component>
<component>
  <!--Vital Signs-->
  <section>
    <templateId root="2.16.840.1.113883.10.20.22.2.4.1" extension="2015-08-01"/>
    <!--Vital Signs section template-->
    <code code="8716-3" codeSystem="2.16.840.1.113883.6.1" codeSystemName="LOINC" displayName="Vital signs"/>
    <title>Vital Signs</title>
<text>
  <table border="1" width="100%">
    <thead>
      <tr>
        <th>Start</th>
        <th>Stop</th>
        <th>Description</th>
        <th>Code</th>
        <th>Value</th>
      </tr>
    </thead>
    <tbody>
        <tr>
          <td>2024-05-28T04:03:00+05:30</td>
          <td></td>
          <td ID="observations-desc-1">Body Height</td>
          <td ID="observations-code-1">http://loinc.org 8302-2</td>
          <td>148.2 cm</td>
        </tr>
        <tr>
          <td>2024-05-28T04:03:00+05:30</td>
          <td></td>
          <td ID="observations-desc-2">Pain severity - 0-10 verbal numeric rating [Score] - Reported</td>
          <td ID="observations-code-2">http://loinc.org 72514-3</td>
          <td>1 {score}</td>
        </tr>
        <tr>
          <td>2024-05-28T04:03:00+05:30</td>
          <td></td>
          <td ID="observations-desc-3">Body Weight</td>
          <td ID="observations-code-3">http://loinc.org 29463-7</td>
          <td>39 kg</td>
        </tr>
        <tr>
          <td>2024-05-28T04:03:00+05:30</td>
          <td></td>
          <td ID="observations-desc-4">Body mass index (BMI) [Ratio]</td>
          <td ID="observations-code-4">http://loinc.org 39156-5</td>
          <td>17.77 kg/m2</td>
        </tr>
        <tr>
          <td>2024-05-28T04:03:00+05:30</td>
          <td></td>
          <td ID="observations-desc-5">Body mass index (BMI) [Percentile] Per age and sex</td>
          <td ID="observations-code-5">http://loinc.org 59576-9</td>
          <td>49.25876022491637 %</td>
        </tr>
        <tr>
          <td>2024-05-28T04:03:00+05:30</td>
          <td></td>
          <td ID="observations-desc-6">Heart rate</td>
          <td ID="observations-code-6">http://loinc.org 8867-4</td>
          <td>94 /min</td>
        </tr>
        <tr>
          <td>2024-05-28T04:03:00+05:30</td>
          <td></td>
          <td ID="observations-desc-7">Respiratory rate</td>
          <td ID="observations-code-7">http://loinc.org 9279-1</td>
          <td>15 /min</td>
        </tr>
        <tr>
          <td>2024-10-29T03:03:00+05:30</td>
          <td></td>
          <td ID="observations-desc-8">Body temperature</td>
          <td ID="observations-code-8">http://loinc.org 8310-5</td>
          <td>37.454516990193156 Cel</td>
        </tr>
        <tr>
          <td>2024-11-05T04:03:00+05:30</td>
          <td></td>
          <td ID="observations-desc-9">Body Height</td>
          <td ID="observations-code-9">http://loinc.org 8302-2</td>
          <td>150.9 cm</td>
        </tr>
        <tr>
          <td>2024-11-05T04:03:00+05:30</td>
          <td></td>
          <td ID="observations-desc-10">Pain severity - 0-10 verbal numeric rating [Score] - Reported</td>
          <td ID="observations-code-10">http://loinc.org 72514-3</td>
          <td>1 {score}</td>
        </tr>
        <tr>
          <td>2024-11-05T04:03:00+05:30</td>
          <td></td>
          <td ID="observations-desc-11">Body Weight</td>
          <td ID="observations-code-11">http://loinc.org 29463-7</td>
          <td>42.3 kg</td>
        </tr>
        <tr>
          <td>2024-11-05T04:03:00+05:30</td>
          <td></td>
          <td ID="observations-desc-12">Body mass index (BMI) [Ratio]</td>
          <td ID="observations-code-12">http://loinc.org 39156-5</td>
          <td>18.56 kg/m2</td>
        </tr>
        <tr>
          <td>2024-11-05T04:03:00+05:30</td>
          <td></td>
          <td ID="observations-desc-13">Body mass index (BMI) [Percentile] Per age and sex</td>
          <td ID="observations-code-13">http://loinc.org 59576-9</td>
          <td>57.510350848413964 %</td>
        </tr>
        <tr>
          <td>2024-11-05T04:03:00+05:30</td>
          <td></td>
          <td ID="observations-desc-14">Heart rate</td>
          <td ID="observations-code-14">http://loinc.org 8867-4</td>
          <td>80 /min</td>
        </tr>
        <tr>
          <td>2024-11-05T04:03:00+05:30</td>
          <td></td>
          <td ID="observations-desc-15">Respiratory rate</td>
          <td ID="observations-code-15">http://loinc.org 9279-1</td>
          <td>15 /min</td>
        </tr>
        <tr>
          <td>2025-06-03T04:03:00+05:30</td>
          <td></td>
          <td ID="observations-desc-16">Body Height</td>
          <td ID="observations-code-16">http://loinc.org 8302-2</td>
          <td>155.2 cm</td>
        </tr>
        <tr>
          <td>2025-06-03T04:03:00+05:30</td>
          <td></td>
          <td ID="observations-desc-17">Pain severity - 0-10 verbal numeric rating [Score] - Reported</td>
          <td ID="observations-code-17">http://loinc.org 72514-3</td>
          <td>0 {score}</td>
        </tr>
        <tr>
          <td>2025-06-03T04:03:00+05:30</td>
          <td></td>
          <td ID="observations-desc-18">Body Weight</td>
          <td ID="observations-code-18">http://loinc.org 29463-7</td>
          <td>47.9 kg</td>
        </tr>
        <tr>
          <td>2025-06-03T04:03:00+05:30</td>
          <td></td>
          <td ID="observations-desc-19">Body mass index (BMI) [Ratio]</td>
          <td ID="observations-code-19">http://loinc.org 39156-5</td>
          <td>19.87 kg/m2</td>
        </tr>
        <tr>
          <td>2025-06-03T04:03:00+05:30</td>
          <td></td>
          <td ID="observations-desc-20">Body mass index (BMI) [Percentile] Per age and sex</td>
          <td ID="observations-code-20">http://loinc.org 59576-9</td>
          <td>69.1665541005375 %</td>
        </tr>
        <tr>
          <td>2025-06-03T04:03:00+05:30</td>
          <td></td>
          <td ID="observations-desc-21">Heart rate</td>
          <td ID="observations-code-21">http://loinc.org 8867-4</td>
          <td>100 /min</td>
        </tr>
        <tr>
          <td>2025-06-03T04:03:00+05:30</td>
          <td></td>
          <td ID="observations-desc-22">Respiratory rate</td>
          <td ID="observations-code-22">http://loinc.org 9279-1</td>
          <td>15 /min</td>
        </tr>
    </tbody>
  </table>
</text>
    <entry typeCode="DRIV">
      <organizer classCode="CLUSTER" moodCode="EVN">
        <templateId root="2.16.840.1.113883.10.20.22.4.26"/>
        <templateId root="2.16.840.1.113883.10.20.22.4.26" extension="2015-08-01"/>
        <!-- Vital signs organizer template -->
        <id root="0fd04cd7-87a8-4b73-95d9-e7540db5ed91"/>
        <code code="46680005" codeSystem="2.16.840.1.113883.6.96" displayName="Vital signs" codeSystemName="SNOMED CT">
          <translation code="74728-7" displayName="Vital signs, weight, height, head circumference, oximetry, BMI, and BSA panel" codeSystem="2.16.840.1.113883.6.1" codeSystemName="LOINC" />
        </code>
        <statusCode code="completed"/>
        <effectiveTime value="20250610040300"/>
        <component>
          <observation classCode="OBS" moodCode="EVN">
            <templateId root="2.16.840.1.113883.10.20.22.4.27"/>
            <templateId root="2.16.840.1.113883.10.20.22.4.27" extension="2014-06-09"/>
            <!-- Result observation template -->
            <id root="9defcae3-a60a-28a7-9586-7dda630170df"/>
        <code  code="8302-2" codeSystem="2.16.840.1.113883.6.1" displayName="Body Height">
          <originalText><reference value="#observations-desc-1"/></originalText>
        </code>
            <text>
              <reference value="#observations-desc-1"/>
            </text>
            <statusCode code="completed"/>
            <effectiveTime value="20240528040300"/>
            <value xsi:type="PQ" value="148.2" unit="cm"/>
          </observation>
        </component>
        <component>
          <observation classCode="OBS" moodCode="EVN">
            <templateId root="2.16.840.1.113883.10.20.22.4.27"/>
            <templateId root="2.16.840.1.113883.10.20.22.4.27" extension="2014-06-09"/>
            <!-- Result observation template -->
            <id root="0caa5918-0da3-fd5c-5b10-c33f96069af0"/>
        <code  code="72514-3" codeSystem="2.16.840.1.113883.6.1" displayName="Pain severity - 0-10 verbal numeric rating [Score] - Reported">
          <originalText><reference value="#observations-desc-2"/></originalText>
        </code>
            <text>
              <reference value="#observations-desc-2"/>
            </text>
            <statusCode code="completed"/>
            <effectiveTime value="20240528040300"/>
            <value xsi:type="PQ" value="1" unit="{score}"/>
          </observation>
        </component>
        <component>
          <observation classCode="OBS" moodCode="EVN">
            <templateId root="2.16.840.1.113883.10.20.22.4.27"/>
            <templateId root="2.16.840.1.113883.10.20.22.4.27" extension="2014-06-09"/>
            <!-- Result observation template -->
            <id root="1afb7bfe-f80b-fa73-88b4-4608327df6c3"/>
        <code  code="29463-7" codeSystem="2.16.840.1.113883.6.1" displayName="Body Weight">
          <originalText><reference value="#observations-desc-3"/></originalText>
        </code>
            <text>
              <reference value="#observations-desc-3"/>
            </text>
            <statusCode code="completed"/>
            <effectiveTime value="20240528040300"/>
            <value xsi:type="PQ" value="39" unit="kg"/>
          </observation>
        </component>
        <component>
          <observation classCode="OBS" moodCode="EVN">
            <templateId root="2.16.840.1.113883.10.20.22.4.27"/>
            <templateId root="2.16.840.1.113883.10.20.22.4.27" extension="2014-06-09"/>
            <!-- Result observation template -->
            <id root="186eed26-07c5-3a64-a4d1-6ff5f5657c69"/>
        <code  code="39156-5" codeSystem="2.16.840.1.113883.6.1" displayName="Body mass index (BMI) [Ratio]">
          <originalText><reference value="#observations-desc-4"/></originalText>
        </code>
            <text>
              <reference value="#observations-desc-4"/>
            </text>
            <statusCode code="completed"/>
            <effectiveTime value="20240528040300"/>
            <value xsi:type="PQ" value="17.77" unit="kg/m2"/>
          </observation>
        </component>
        <component>
          <observation classCode="OBS" moodCode="EVN">
            <templateId root="2.16.840.1.113883.10.20.22.4.27"/>
            <templateId root="2.16.840.1.113883.10.20.22.4.27" extension="2014-06-09"/>
            <!-- Result observation template -->
            <id root="97ca4874-8c7f-d5cf-f005-d593fca90a3a"/>
        <code  code="59576-9" codeSystem="2.16.840.1.113883.6.1" displayName="Body mass index (BMI) [Percentile] Per age and sex">
          <originalText><reference value="#observations-desc-5"/></originalText>
        </code>
            <text>
              <reference value="#observations-desc-5"/>
            </text>
            <statusCode code="completed"/>
            <effectiveTime value="20240528040300"/>
            <value xsi:type="PQ" value="49.25876022491637" unit="%"/>
          </observation>
        </component>
        <component>
          <observation classCode="OBS" moodCode="EVN">
            <templateId root="2.16.840.1.113883.10.20.22.4.27"/>
            <templateId root="2.16.840.1.113883.10.20.22.4.27" extension="2014-06-09"/>
            <!-- Result observation template -->
            <id root="7cea08b5-41dc-ad10-ba39-c7bc4378946b"/>
        <code  code="8867-4" codeSystem="2.16.840.1.113883.6.1" displayName="Heart rate">
          <originalText><reference value="#observations-desc-6"/></originalText>
        </code>
            <text>
              <reference value="#observations-desc-6"/>
            </text>
            <statusCode code="completed"/>
            <effectiveTime value="20240528040300"/>
            <value xsi:type="PQ" value="94" unit="/min"/>
          </observation>
        </component>
        <component>
          <observation classCode="OBS" moodCode="EVN">
            <templateId root="2.16.840.1.113883.10.20.22.4.27"/>
            <templateId root="2.16.840.1.113883.10.20.22.4.27" extension="2014-06-09"/>
            <!-- Result observation template -->
            <id root="421eb4a1-5668-0c4c-85a2-84660b7f9f89"/>
        <code  code="9279-1" codeSystem="2.16.840.1.113883.6.1" displayName="Respiratory rate">
          <originalText><reference value="#observations-desc-7"/></originalText>
        </code>
            <text>
              <reference value="#observations-desc-7"/>
            </text>
            <statusCode code="completed"/>
            <effectiveTime value="20240528040300"/>
            <value xsi:type="PQ" value="15" unit="/min"/>
          </observation>
        </component>
        <component>
          <observation classCode="OBS" moodCode="EVN">
            <templateId root="2.16.840.1.113883.10.20.22.4.27"/>
            <templateId root="2.16.840.1.113883.10.20.22.4.27" extension="2014-06-09"/>
            <!-- Result observation template -->
            <id root="1397026d-7bb9-7956-b8ec-1a3104edf3e4"/>
        <code  code="8310-5" codeSystem="2.16.840.1.113883.6.1" displayName="Body temperature">
          <originalText><reference value="#observations-desc-8"/></originalText>
              <translation code="8331-1" codeSystem="2.16.840.1.113883.6.1" displayName="Oral temperature"/>
        </code>
            <text>
              <reference value="#observations-desc-8"/>
            </text>
            <statusCode code="completed"/>
            <effectiveTime value="20241029030300"/>
            <value xsi:type="PQ" value="37.454516990193156" unit="Cel"/>
          </observation>
        </component>
        <component>
          <observation classCode="OBS" moodCode="EVN">
            <templateId root="2.16.840.1.113883.10.20.22.4.27"/>
            <templateId root="2.16.840.1.113883.10.20.22.4.27" extension="2014-06-09"/>
            <!-- Result observation template -->
            <id root="9896c226-c412-dc51-5acf-21dbe4ac7eff"/>
        <code  code="8302-2" codeSystem="2.16.840.1.113883.6.1" displayName="Body Height">
          <originalText><reference value="#observations-desc-9"/></originalText>
        </code>
            <text>
              <reference value="#observations-desc-9"/>
            </text>
            <statusCode code="completed"/>
            <effectiveTime value="20241105040300"/>
            <value xsi:type="PQ" value="150.9" unit="cm"/>
          </observation>
        </component>
        <component>
          <observation classCode="OBS" moodCode="EVN">
            <templateId root="2.16.840.1.113883.10.20.22.4.27"/>
            <templateId root="2.16.840.1.113883.10.20.22.4.27" extension="2014-06-09"/>
            <!-- Result observation template -->
            <id root="e010d8c7-4d01-7b94-c6ce-d59d4ba79b12"/>
        <code  code="72514-3" codeSystem="2.16.840.1.113883.6.1" displayName="Pain severity - 0-10 verbal numeric rating [Score] - Reported">
          <originalText><reference value="#observations-desc-10"/></originalText>
        </code>
            <text>
              <reference value="#observations-desc-10"/>
            </text>
            <statusCode code="completed"/>
            <effectiveTime value="20241105040300"/>
            <value xsi:type="PQ" value="1" unit="{score}"/>
          </observation>
        </component>
        <component>
          <observation classCode="OBS" moodCode="EVN">
            <templateId root="2.16.840.1.113883.10.20.22.4.27"/>
            <templateId root="2.16.840.1.113883.10.20.22.4.27" extension="2014-06-09"/>
            <!-- Result observation template -->
            <id root="8944c6d6-b7d9-aa37-0f1c-a6cd31f3375d"/>
        <code  code="29463-7" codeSystem="2.16.840.1.113883.6.1" displayName="Body Weight">
          <originalText><reference value="#observations-desc-11"/></originalText>
        </code>
            <text>
              <reference value="#observations-desc-11"/>
            </text>
            <statusCode code="completed"/>
            <effectiveTime value="20241105040300"/>
            <value xsi:type="PQ" value="42.3" unit="kg"/>
          </observation>
        </component>
        <component>
          <observation classCode="OBS" moodCode="EVN">
            <templateId root="2.16.840.1.113883.10.20.22.4.27"/>
            <templateId root="2.16.840.1.113883.10.20.22.4.27" extension="2014-06-09"/>
            <!-- Result observation template -->
            <id root="cd055218-1b7f-21a9-0fc4-5af1a3a1dc4a"/>
        <code  code="39156-5" codeSystem="2.16.840.1.113883.6.1" displayName="Body mass index (BMI) [Ratio]">
          <originalText><reference value="#observations-desc-12"/></originalText>
        </code>
            <text>
              <reference value="#observations-desc-12"/>
            </text>
            <statusCode code="completed"/>
            <effectiveTime value="20241105040300"/>
            <value xsi:type="PQ" value="18.56" unit="kg/m2"/>
          </observation>
        </component>
        <component>
          <observation classCode="OBS" moodCode="EVN">
            <templateId root="2.16.840.1.113883.10.20.22.4.27"/>
            <templateId root="2.16.840.1.113883.10.20.22.4.27" extension="2014-06-09"/>
            <!-- Result observation template -->
            <id root="8d93bb5e-282b-5626-2e31-44cc9d381139"/>
        <code  code="59576-9" codeSystem="2.16.840.1.113883.6.1" displayName="Body mass index (BMI) [Percentile] Per age and sex">
          <originalText><reference value="#observations-desc-13"/></originalText>
        </code>
            <text>
              <reference value="#observations-desc-13"/>
            </text>
            <statusCode code="completed"/>
            <effectiveTime value="20241105040300"/>
            <value xsi:type="PQ" value="57.510350848413964" unit="%"/>
          </observation>
        </component>
        <component>
          <observation classCode="OBS" moodCode="EVN">
            <templateId root="2.16.840.1.113883.10.20.22.4.27"/>
            <templateId root="2.16.840.1.113883.10.20.22.4.27" extension="2014-06-09"/>
            <!-- Result observation template -->
            <id root="a385e575-3c59-c31c-94bd-15e239b96d99"/>
        <code  code="8867-4" codeSystem="2.16.840.1.113883.6.1" displayName="Heart rate">
          <originalText><reference value="#observations-desc-14"/></originalText>
        </code>
            <text>
              <reference value="#observations-desc-14"/>
            </text>
            <statusCode code="completed"/>
            <effectiveTime value="20241105040300"/>
            <value xsi:type="PQ" value="80" unit="/min"/>
          </observation>
        </component>
        <component>
          <observation classCode="OBS" moodCode="EVN">
            <templateId root="2.16.840.1.113883.10.20.22.4.27"/>
            <templateId root="2.16.840.1.113883.10.20.22.4.27" extension="2014-06-09"/>
            <!-- Result observation template -->
            <id root="993b875d-01b8-7233-6c8e-0102ed0232fc"/>
        <code  code="9279-1" codeSystem="2.16.840.1.113883.6.1" displayName="Respiratory rate">
          <originalText><reference value="#observations-desc-15"/></originalText>
        </code>
            <text>
              <reference value="#observations-desc-15"/>
            </text>
            <statusCode code="completed"/>
            <effectiveTime value="20241105040300"/>
            <value xsi:type="PQ" value="15" unit="/min"/>
          </observation>
        </component>
        <component>
          <observation classCode="OBS" moodCode="EVN">
            <templateId root="2.16.840.1.113883.10.20.22.4.27"/>
            <templateId root="2.16.840.1.113883.10.20.22.4.27" extension="2014-06-09"/>
            <!-- Result observation template -->
            <id root="f7bf425d-c247-0fb9-a0d6-a57d4dd80426"/>
        <code  code="8302-2" codeSystem="2.16.840.1.113883.6.1" displayName="Body Height">
          <originalText><reference value="#observations-desc-16"/></originalText>
        </code>
            <text>
              <reference value="#observations-desc-16"/>
            </text>
            <statusCode code="completed"/>
            <effectiveTime value="20250603040300"/>
            <value xsi:type="PQ" value="155.2" unit="cm"/>
          </observation>
        </component>
        <component>
          <observation classCode="OBS" moodCode="EVN">
            <templateId root="2.16.840.1.113883.10.20.22.4.27"/>
            <templateId root="2.16.840.1.113883.10.20.22.4.27" extension="2014-06-09"/>
            <!-- Result observation template -->
            <id root="59690b8d-9d66-0328-cc2d-f2022070709e"/>
        <code  code="72514-3" codeSystem="2.16.840.1.113883.6.1" displayName="Pain severity - 0-10 verbal numeric rating [Score] - Reported">
          <originalText><reference value="#observations-desc-17"/></originalText>
        </code>
            <text>
              <reference value="#observations-desc-17"/>
            </text>
            <statusCode code="completed"/>
            <effectiveTime value="20250603040300"/>
            <value xsi:type="PQ" value="0" unit="{score}"/>
          </observation>
        </component>
        <component>
          <observation classCode="OBS" moodCode="EVN">
            <templateId root="2.16.840.1.113883.10.20.22.4.27"/>
            <templateId root="2.16.840.1.113883.10.20.22.4.27" extension="2014-06-09"/>
            <!-- Result observation template -->
            <id root="d9ecb75a-0d8e-68ed-e62d-b86d4f661d4e"/>
        <code  code="29463-7" codeSystem="2.16.840.1.113883.6.1" displayName="Body Weight">
          <originalText><reference value="#observations-desc-18"/></originalText>
        </code>
            <text>
              <reference value="#observations-desc-18"/>
            </text>
            <statusCode code="completed"/>
            <effectiveTime value="20250603040300"/>
            <value xsi:type="PQ" value="47.9" unit="kg"/>
          </observation>
        </component>
        <component>
          <observation classCode="OBS" moodCode="EVN">
            <templateId root="2.16.840.1.113883.10.20.22.4.27"/>
            <templateId root="2.16.840.1.113883.10.20.22.4.27" extension="2014-06-09"/>
            <!-- Result observation template -->
            <id root="19ac2d97-f534-f68d-1c99-f18a459b5219"/>
        <code  code="39156-5" codeSystem="2.16.840.1.113883.6.1" displayName="Body mass index (BMI) [Ratio]">
          <originalText><reference value="#observations-desc-19"/></originalText>
        </code>
            <text>
              <reference value="#observations-desc-19"/>
            </text>
            <statusCode code="completed"/>
            <effectiveTime value="20250603040300"/>
            <value xsi:type="PQ" value="19.87" unit="kg/m2"/>
          </observation>
        </component>
        <component>
          <observation classCode="OBS" moodCode="EVN">
            <templateId root="2.16.840.1.113883.10.20.22.4.27"/>
            <templateId root="2.16.840.1.113883.10.20.22.4.27" extension="2014-06-09"/>
            <!-- Result observation template -->
            <id root="d83c578e-b4ab-be7c-238a-977d4f0393ea"/>
        <code  code="59576-9" codeSystem="2.16.840.1.113883.6.1" displayName="Body mass index (BMI) [Percentile] Per age and sex">
          <originalText><reference value="#observations-desc-20"/></originalText>
        </code>
            <text>
              <reference value="#observations-desc-20"/>
            </text>
            <statusCode code="completed"/>
            <effectiveTime value="20250603040300"/>
            <value xsi:type="PQ" value="69.1665541005375" unit="%"/>
          </observation>
        </component>
        <component>
          <observation classCode="OBS" moodCode="EVN">
            <templateId root="2.16.840.1.113883.10.20.22.4.27"/>
            <templateId root="2.16.840.1.113883.10.20.22.4.27" extension="2014-06-09"/>
            <!-- Result observation template -->
            <id root="f1da7a52-82ad-7a8b-ea74-17ce67198de4"/>
        <code  code="8867-4" codeSystem="2.16.840.1.113883.6.1" displayName="Heart rate">
          <originalText><reference value="#observations-desc-21"/></originalText>
        </code>
            <text>
              <reference value="#observations-desc-21"/>
            </text>
            <statusCode code="completed"/>
            <effectiveTime value="20250603040300"/>
            <value xsi:type="PQ" value="100" unit="/min"/>
          </observation>
        </component>
        <component>
          <observation classCode="OBS" moodCode="EVN">
            <templateId root="2.16.840.1.113883.10.20.22.4.27"/>
            <templateId root="2.16.840.1.113883.10.20.22.4.27" extension="2014-06-09"/>
            <!-- Result observation template -->
            <id root="57976503-bdba-4378-7540-cc7e13e8e205"/>
        <code  code="9279-1" codeSystem="2.16.840.1.113883.6.1" displayName="Respiratory rate">
          <originalText><reference value="#observations-desc-22"/></originalText>
        </code>
            <text>
              <reference value="#observations-desc-22"/>
            </text>
            <statusCode code="completed"/>
            <effectiveTime value="20250603040300"/>
            <value xsi:type="PQ" value="15" unit="/min"/>
          </observation>
        </component>
      </organizer>
    </entry>
  </section>
</component>
<component>
  <!--Immunizations-->
  <section>
    <templateId root="2.16.840.1.113883.10.20.22.2.2" extension="2015-08-01"/>
    <!--Immunizations section template-->
    <code code="11369-6" codeSystem="2.16.840.1.113883.6.1" codeSystemName="LOINC" displayName="History of immunizations"/>
    <title>Immunizations</title>
<text>
  <table border="1" width="100%">
    <thead>
      <tr>
        <th>Start</th>
        <th>Stop</th>
        <th>Description</th>
        <th>Code</th>
      </tr>
    </thead>
    <tbody>
        <tr>
          <td>2024-05-21T04:03:00+05:30</td>
          <td></td>
          <td ID="immunizations-desc-1">SARS-COV-2 (COVID-19) vaccine, mRNA, spike protein, LNP, preservative free, 30 mcg/0.3mL dose</td>
          <td ID="immunizations-code-1">http://hl7.org/fhir/sid/cvx 208</td>
        </tr>
        <tr>
          <td>2024-05-28T04:03:00+05:30</td>
          <td></td>
          <td ID="immunizations-desc-2">Influenza, seasonal, injectable, preservative free</td>
          <td ID="immunizations-code-2">http://hl7.org/fhir/sid/cvx 140</td>
        </tr>
        <tr>
          <td>2024-05-28T04:03:00+05:30</td>
          <td></td>
          <td ID="immunizations-desc-3">HPV, quadrivalent</td>
          <td ID="immunizations-code-3">http://hl7.org/fhir/sid/cvx 62</td>
        </tr>
        <tr>
          <td>2024-06-11T04:03:00+05:30</td>
          <td></td>
          <td ID="immunizations-desc-4">SARS-COV-2 (COVID-19) vaccine, mRNA, spike protein, LNP, preservative free, 30 mcg/0.3mL dose</td>
          <td ID="immunizations-code-4">http://hl7.org/fhir/sid/cvx 208</td>
        </tr>
        <tr>
          <td>2024-11-05T04:03:00+05:30</td>
          <td></td>
          <td ID="immunizations-desc-5">HPV, quadrivalent</td>
          <td ID="immunizations-code-5">http://hl7.org/fhir/sid/cvx 62</td>
        </tr>
        <tr>
          <td>2025-06-03T04:03:00+05:30</td>
          <td></td>
          <td ID="immunizations-desc-6">Influenza, seasonal, injectable, preservative free</td>
          <td ID="immunizations-code-6">http://hl7.org/fhir/sid/cvx 140</td>
        </tr>
    </tbody>
  </table>
</text>
    <entry typeCode="DRIV">
      <substanceAdministration classCode="SBADM" moodCode="EVN" negationInd="false">
        <templateId root="2.16.840.1.113883.10.20.22.4.52"/>
        <!-- Medication activity template -->
        <id root="085cbab4-b42b-408f-4ccd-e870e557f049"/>
        <code code='IMMUNIZ' codeSystem='2.16.840.1.113883.5.4' codeSystemName='ActCode'/>
        <text>
          <reference value="#immunizations-desc-1"/>
        </text>
        <statusCode code="completed"/>
        <effectiveTime value="20240521040300"/>
        <doseQuantity nullFlavor="UNK"/>
        <consumable>
          <manufacturedProduct classCode="MANU">
            <templateId root="2.16.840.1.113883.10.20.22.4.54"/>
            <!-- Product template -->
            <manufacturedMaterial>
        <code  code="208" codeSystem="2.16.840.1.113883.12.292" displayName="SARS-COV-2 (COVID-19) vaccine, mRNA, spike protein, LNP, preservative free, 30 mcg/0.3mL dose">
          <originalText><reference value="#immunizations-desc-1"/></originalText>
        </code>
              <name>SARS-COV-2 (COVID-19) vaccine, mRNA, spike protein, LNP, preservative free, 30 mcg/0.3mL dose</name>
            </manufacturedMaterial>
          </manufacturedProduct>
        </consumable>
      </substanceAdministration>
    </entry>
    <entry typeCode="DRIV">
      <substanceAdministration classCode="SBADM" moodCode="EVN" negationInd="false">
        <templateId root="2.16.840.1.113883.10.20.22.4.52"/>
        <!-- Medication activity template -->
        <id root="00914601-be03-5a51-3877-1a5f7e2e8a4a"/>
        <code code='IMMUNIZ' codeSystem='2.16.840.1.113883.5.4' codeSystemName='ActCode'/>
        <text>
          <reference value="#immunizations-desc-2"/>
        </text>
        <statusCode code="completed"/>
        <effectiveTime value="20240528040300"/>
        <doseQuantity nullFlavor="UNK"/>
        <consumable>
          <manufacturedProduct classCode="MANU">
            <templateId root="2.16.840.1.113883.10.20.22.4.54"/>
            <!-- Product template -->
            <manufacturedMaterial>
        <code  code="140" codeSystem="2.16.840.1.113883.12.292" displayName="Influenza, seasonal, injectable, preservative free">
          <originalText><reference value="#immunizations-desc-2"/></originalText>
        </code>
              <name>Influenza, seasonal, injectable, preservative free</name>
            </manufacturedMaterial>
          </manufacturedProduct>
        </consumable>
      </substanceAdministration>
    </entry>
    <entry typeCode="DRIV">
      <substanceAdministration classCode="SBADM" moodCode="EVN" negationInd="false">
        <templateId root="2.16.840.1.113883.10.20.22.4.52"/>
        <!-- Medication activity template -->
        <id root="888c9f3e-be64-e392-3990-988d6b57363c"/>
        <code code='IMMUNIZ' codeSystem='2.16.840.1.113883.5.4' codeSystemName='ActCode'/>
        <text>
          <reference value="#immunizations-desc-3"/>
        </text>
        <statusCode code="completed"/>
        <effectiveTime value="20240528040300"/>
        <doseQuantity nullFlavor="UNK"/>
        <consumable>
          <manufacturedProduct classCode="MANU">
            <templateId root="2.16.840.1.113883.10.20.22.4.54"/>
            <!-- Product template -->
            <manufacturedMaterial>
        <code  code="62" codeSystem="2.16.840.1.113883.12.292" displayName="HPV, quadrivalent">
          <originalText><reference value="#immunizations-desc-3"/></originalText>
        </code>
              <name>HPV, quadrivalent</name>
            </manufacturedMaterial>
          </manufacturedProduct>
        </consumable>
      </substanceAdministration>
    </entry>
    <entry typeCode="DRIV">
      <substanceAdministration classCode="SBADM" moodCode="EVN" negationInd="false">
        <templateId root="2.16.840.1.113883.10.20.22.4.52"/>
        <!-- Medication activity template -->
        <id root="d73e3b48-4efe-f607-d95a-9b82872108c7"/>
        <code code='IMMUNIZ' codeSystem='2.16.840.1.113883.5.4' codeSystemName='ActCode'/>
        <text>
          <reference value="#immunizations-desc-4"/>
        </text>
        <statusCode code="completed"/>
        <effectiveTime value="20240611040300"/>
        <doseQuantity nullFlavor="UNK"/>
        <consumable>
          <manufacturedProduct classCode="MANU">
            <templateId root="2.16.840.1.113883.10.20.22.4.54"/>
            <!-- Product template -->
            <manufacturedMaterial>
        <code  code="208" codeSystem="2.16.840.1.113883.12.292" displayName="SARS-COV-2 (COVID-19) vaccine, mRNA, spike protein, LNP, preservative free, 30 mcg/0.3mL dose">
          <originalText><reference value="#immunizations-desc-4"/></originalText>
        </code>
              <name>SARS-COV-2 (COVID-19) vaccine, mRNA, spike protein, LNP, preservative free, 30 mcg/0.3mL dose</name>
            </manufacturedMaterial>
          </manufacturedProduct>
        </consumable>
      </substanceAdministration>
    </entry>
    <entry typeCode="DRIV">
      <substanceAdministration classCode="SBADM" moodCode="EVN" negationInd="false">
        <templateId root="2.16.840.1.113883.10.20.22.4.52"/>
        <!-- Medication activity template -->
        <id root="7880a8ea-affe-ec5d-39bd-888c2ab25727"/>
        <code code='IMMUNIZ' codeSystem='2.16.840.1.113883.5.4' codeSystemName='ActCode'/>
        <text>
          <reference value="#immunizations-desc-5"/>
        </text>
        <statusCode code="completed"/>
        <effectiveTime value="20241105040300"/>
        <doseQuantity nullFlavor="UNK"/>
        <consumable>
          <manufacturedProduct classCode="MANU">
            <templateId root="2.16.840.1.113883.10.20.22.4.54"/>
            <!-- Product template -->
            <manufacturedMaterial>
        <code  code="62" codeSystem="2.16.840.1.113883.12.292" displayName="HPV, quadrivalent">
          <originalText><reference value="#immunizations-desc-5"/></originalText>
        </code>
              <name>HPV, quadrivalent</name>
            </manufacturedMaterial>
          </manufacturedProduct>
        </consumable>
      </substanceAdministration>
    </entry>
    <entry typeCode="DRIV">
      <substanceAdministration classCode="SBADM" moodCode="EVN" negationInd="false">
        <templateId root="2.16.840.1.113883.10.20.22.4.52"/>
        <!-- Medication activity template -->
        <id root="b2d08e50-edb0-7343-5f98-d0ce57291ce8"/>
        <code code='IMMUNIZ' codeSystem='2.16.840.1.113883.5.4' codeSystemName='ActCode'/>
        <text>
          <reference value="#immunizations-desc-6"/>
        </text>
        <statusCode code="completed"/>
        <effectiveTime value="20250603040300"/>
        <doseQuantity nullFlavor="UNK"/>
        <consumable>
          <manufacturedProduct classCode="MANU">
            <templateId root="2.16.840.1.113883.10.20.22.4.54"/>
            <!-- Product template -->
            <manufacturedMaterial>
        <code  code="140" codeSystem="2.16.840.1.113883.12.292" displayName="Influenza, seasonal, injectable, preservative free">
          <originalText><reference value="#immunizations-desc-6"/></originalText>
        </code>
              <name>Influenza, seasonal, injectable, preservative free</name>
            </manufacturedMaterial>
          </manufacturedProduct>
        </consumable>
      </substanceAdministration>
    </entry>
  </section>
</component>
<component>
  <!--Plan of Care-->
  <section>
    <templateId root="2.16.840.1.113883.10.20.22.2.10"/>
    <templateId root="2.16.840.1.113883.10.20.22.2.10" extension="2014-06-09"/>
    <!--Plan of Care section template-->
    <code code="18776-5" codeSystem="2.16.840.1.113883.6.1" codeSystemName="LOINC" displayName="Treatment plan"/>
    <title>Plan of Care</title>
<text>
  <table border="1" width="100%">
    <thead>
      <tr>
        <th>Start</th>
        <th>Stop</th>
        <th>Description</th>
        <th>Code</th>
      </tr>
    </thead>
    <tbody>
        <tr>
          <td>2023-06-26T05:34:00+05:30</td>
          <td>2023-10-16T05:34:00+05:30</td>
          <td ID="careplans-desc-1">Fracture care</td>
          <td ID="careplans-code-1">http://snomed.info/sct 385691007</td>
        </tr>
    </tbody>
  </table>
</text>
  </section>
</component>
<component>
  <!--Social History - CCDA-->
  <section>
    <templateId root="2.16.840.1.113883.10.20.22.2.17" extension="2015-08-01"/>
    <templateId root="2.16.840.1.113883.10.20.22.2.17"/>
    <!-- Social history section template -->
    <code code="29762-2" codeSystem="2.16.840.1.113883.6.1"/>
    <title>Social History</title>
    <text>There is no current social history except smoking status.</text>
    <entry typeCode="DRIV">
      <observation classCode="OBS" moodCode="EVN">
        <templateId root="2.16.840.1.113883.10.20.22.4.78"/>
        <templateId root="2.16.840.1.113883.10.20.22.4.78" extension="2014-06-09"/>
        <!-- Smoking Status Meaningful Use template -->
        <id root="224bfc9e-d453-d88b-c005-876bc5cb133e"/>
        <code code="72166-2" codeSystem="2.16.840.1.113883.6.1" displayName="Tobacco smoking status NHIS" />
        <statusCode code="completed"/>
        <effectiveTime value="20250603040300"/>
        <value xsi:type="CD" code="266919005" displayName="Never smoked tobacco (finding)" codeSystem="2.16.840.1.113883.6.96"/>
          <author>
            <time value="20250610040300"/>
            <assignedAuthor>
              <id nullFlavor="NA"/>
              <addr nullFlavor="NA" />
              <telecom nullFlavor="NA" />
              <assignedAuthoringDevice>
                <manufacturerModelName>https://github.com/synthetichealth/synthea</manufacturerModelName>
                <softwareName>https://github.com/synthetichealth/synthea</softwareName>
              </assignedAuthoringDevice>
              <representedOrganization>
                <id nullFlavor="NA"/>
                <name>SOUTH SHORE CENTER FOR WELLNESS LTD</name>
                <telecom nullFlavor="NA"/>
                <addr>
                  <streetAddressLine>200 CORDWAINER DR</streetAddressLine>
                  <city>NORWELL</city>
                  <state>MA</state>
                  <postalCode>020611671</postalCode>
                </addr>
              </representedOrganization>
            </assignedAuthor>
          </author>
      </observation>
    </entry>
  </section>
</component><component>
<!--Survey Responses in Functional Status-->
    <section>
        <templateId root="2.16.840.1.113883.10.20.22.2.14" extension="2014-06-09" />
        <templateId root="2.16.840.1.113883.10.20.22.2.14" />
        <!-- Functional Status Section template V2-->
        <code code="47420-5" codeSystem="2.16.840.1.113883.6.1" codeSystemName="LOINC" displayName="Functional Status" />
        <title>Functional Status</title>
<text>
  <table border="1" width="100%">
    <thead>
      <tr>
        <th>Start</th>
        <th>Stop</th>
        <th>Description</th>
        <th>Code</th>
        <th>Value</th>
      </tr>
    </thead>
    <tbody>
        <tr>
          <td>2024-05-28T04:30:36+05:30</td>
          <td></td>
          <td ID="functional-status-desc-1">Generalized anxiety disorder 7 item (GAD-7) total score [Reported.PHQ]</td>
          <td ID="functional-status-code-1">http://loinc.org 70274-6</td>
          <td>1 {score}</td>
        </tr>
        <tr>
          <td>2024-05-28T05:07:45+05:30</td>
          <td></td>
          <td ID="functional-status-desc-2">Patient Health Questionnaire-9: Modified for Teens total score [Reported.PHQ.Teen]</td>
          <td ID="functional-status-code-2">http://loinc.org 89204-2</td>
          <td>1 {score}</td>
        </tr>
        <tr>
          <td>2024-11-05T04:43:32+05:30</td>
          <td></td>
          <td ID="functional-status-desc-3">Patient Health Questionnaire-9: Modified for Teens total score [Reported.PHQ.Teen]</td>
          <td ID="functional-status-code-3">http://loinc.org 89204-2</td>
          <td>2 {score}</td>
        </tr>
    </tbody>
  </table>
</text>
        <entry>
         <observation classCode="OBS" moodCode="EVN">
             <templateId root="2.16.840.1.113883.10.20.22.4.69"/>
             <id root="f9401df7-5f5a-381d-2dff-3688a639ac2a"/>
        <code  code="70274-6" codeSystem="2.16.840.1.113883.6.1" displayName="Generalized anxiety disorder 7 item (GAD-7) total score [Reported.PHQ]">
          <originalText><reference value="#functional-status-desc-1"/></originalText>
        </code>
             <text>
               <reference value="#functional-status-desc-1"/>
             </text>
             <statusCode code="completed"/>
             <effectiveTime value="20240528043036"/>
             <value xsi:type="INT" value="1"/>
         </observation>
        </entry>
        <entry>
         <observation classCode="OBS" moodCode="EVN">
             <templateId root="2.16.840.1.113883.10.20.22.4.69"/>
             <id root="bbdf0d26-c253-a778-0ce2-137289404b9d"/>
        <code  code="89204-2" codeSystem="2.16.840.1.113883.6.1" displayName="Patient Health Questionnaire-9: Modified for Teens total score [Reported.PHQ.Teen]">
          <originalText><reference value="#functional-status-desc-2"/></originalText>
        </code>
             <text>
               <reference value="#functional-status-desc-2"/>
             </text>
             <statusCode code="completed"/>
             <effectiveTime value="20240528050745"/>
             <value xsi:type="INT" value="1"/>
         </observation>
        </entry>
        <entry>
         <observation classCode="OBS" moodCode="EVN">
             <templateId root="2.16.840.1.113883.10.20.22.4.69"/>
             <id root="fc766897-f9c4-5d07-718e-a5f41cf4722b"/>
        <code  code="89204-2" codeSystem="2.16.840.1.113883.6.1" displayName="Patient Health Questionnaire-9: Modified for Teens total score [Reported.PHQ.Teen]">
          <originalText><reference value="#functional-status-desc-3"/></originalText>
        </code>
             <text>
               <reference value="#functional-status-desc-3"/>
             </text>
             <statusCode code="completed"/>
             <effectiveTime value="20241105044332"/>
             <value xsi:type="INT" value="2"/>
         </observation>
        </entry>
    </section>
</component>    </structuredBody>
  </component>
</ClinicalDocument>
