<?xml version="1.0" encoding="UTF-8"?>
<ClinicalDocument xmlns="urn:hl7-org:v3" xmlns:sdtc="urn:hl7-org:sdtc" xmlns:xsi="http://www.w3.org/2001/XMLSchema-instance" xsi:schemaLocation="urn:hl7-org:v3 http://xreg2.nist.gov:8080/hitspValidation/schema/cdar2c32/infrastructure/cda/C32_CDA.xsd">
  <realmCode code="US"/>
  <typeId root="2.16.840.1.113883.1.3" extension="POCD_HD000040"/>
  <templateId root="2.16.840.1.113883.10.20.22.1.1" extension="2015-08-01"/>
  <templateId root="2.16.840.1.113883.10.20.22.1.2" extension="2015-08-01"/>
  <id root="2.16.840.1.113883.19.5" extension="50a79878-4795-5f39-9206-0b836e437fe8" assigningAuthorityName="https://github.com/synthetichealth/synthea"/>
  <code code="34133-9" displayName="Summarization of episode note" codeSystem="2.16.840.1.113883.6.1" codeSystemName="LOINC"/>
  <title>C-CDA R2.1 Patient Record: Rachal9 Weissnat378</title>
  <effectiveTime value="20250609034125"/>
  <confidentialityCode code="N"/>
  <languageCode code="en-US"/>
  <recordTarget>
    <patientRole>
      <id root="2.16.840.1.113883.19.5" extension="50a79878-4795-5f39-9206-0b836e437fe8" assigningAuthorityName="https://github.com/synthetichealth/synthea"/>
      <addr use="HP">
        <streetAddressLine>874 Collier Arcade Unit 31</streetAddressLine>
        <city>Haverhill</city>
        <state>Massachusetts</state>
        <postalCode>01830</postalCode>
      </addr>
      <telecom nullFlavor="NI"/>
      <patient>
        <name>
          <given>Rachal9</given>
          <family>Weissnat378</family>
        </name>
        <administrativeGenderCode code="F" codeSystem="2.16.840.1.113883.5.1" codeSystemName="HL7 AdministrativeGender"/>
        <birthTime value="20070702034125"/>
        <raceCode code="2106-3" displayName="white" codeSystemName="CDC Race and Ethnicity" codeSystem="2.16.840.1.113883.6.238"/>
        <ethnicGroupCode code="2186-5" displayName="non-hispanic" codeSystemName="CDC Race and Ethnicity" codeSystem="2.16.840.1.113883.6.238"/>
        <languageCommunication>
          <languageCode code="en-US"/>
        </languageCommunication>
      </patient>
    </patientRole>
  </recordTarget>
  <author>
    <time value="20250609034125"/>
    <assignedAuthor>
      <id nullFlavor="NA"/>
      <addr nullFlavor="NA" />
      <telecom nullFlavor="NA" />
      <assignedAuthoringDevice>
        <manufacturerModelName>https://github.com/synthetichealth/synthea</manufacturerModelName>
        <softwareName>https://github.com/synthetichealth/synthea</softwareName>
      </assignedAuthoringDevice>
      <representedOrganization>
        <id nullFlavor="NA"/>
        <name>ACCESS PRIMARY CARE INC</name>
        <telecom nullFlavor="NA"/>
        <addr>
          <streetAddressLine>242 SUTTON ST</streetAddressLine>
          <city>NORTH ANDOVER</city>
          <state>MA</state>
          <postalCode>018451631</postalCode>
        </addr>
      </representedOrganization>
    </assignedAuthor>
  </author>
  <custodian>
    <assignedCustodian>
      <representedCustodianOrganization>
        <id nullFlavor="NA"/>
        <name>ACCESS PRIMARY CARE INC</name>
        <telecom nullFlavor="NA"/>
        <addr>
          <streetAddressLine>242 SUTTON ST</streetAddressLine>
          <city>NORTH ANDOVER</city>
          <state>MA</state>
          <postalCode>018451631</postalCode>
        </addr>
      </representedCustodianOrganization>
    </assignedCustodian>
  </custodian>
  <documentationOf>
    <serviceEvent classCode="PCPR">
      <effectiveTime>
        <low value="20070702034125"/>
        <high value="20250609034125"/>
      </effectiveTime>
    </serviceEvent>
  </documentationOf>
  <component>
    <structuredBody>
<component>
  <!-- Allergies: patient has no allergies -->
  <section nullFlavor="NI">
    <templateId root="2.16.840.1.113883.10.20.22.2.6.1" extension="2015-08-01"/>
    <code code="48765-2" codeSystem="2.16.840.1.113883.6.1" codeSystemName="LOINC" displayName="Allergy List"/>
    <title>Allergies</title>                
    <text>There are no current allergies at the time of this document's creation.</text>
  </section>
</component><component>
  <!-- Medications: patient has no medications -->
  <section nullFlavor="NI">
		<templateId root="2.16.840.1.113883.10.20.22.2.1.1" extension="2014-06-09"/>
    <code code="10160-0" codeSystem="2.16.840.1.113883.6.1" codeSystemName="LOINC" displayName="History of medication use"/>
    <title>Medications</title>
    <text>There are no current medications at the time of this document's creation.</text>
  </section>
</component><component>
  <!--Diagnostic Results-->
  <section>
    <templateId root="2.16.840.1.113883.10.20.22.2.3.1" extension="2015-08-01"/>
    <templateId root="2.16.840.1.113883.10.20.22.2.3.1"/>
    <!--Diagnostic Results section template-->
    <code code="30954-2" codeSystem="2.16.840.1.113883.6.1" codeSystemName="LOINC" displayName="Results"/>
    <title>Diagnostic Results</title>
<text>
  <table border="1" width="100%">
    <thead>
      <tr>
        <th>Start</th>
        <th>Stop</th>
        <th>Description</th>
        <th>Code</th>
      </tr>
    </thead>
    <tbody>
        <tr>
          <td>2023-08-14T03:41:25+05:30</td>
          <td></td>
          <td ID="reports-desc-1">CBC panel - Blood by Automated count</td>
          <td ID="reports-code-1">http://loinc.org 58410-2</td>
        </tr>
        <tr>
          <td>2023-08-14T04:18:10+05:30</td>
          <td></td>
          <td ID="reports-desc-2">Patient Health Questionnaire-9: Modified for Teens [Reported.PHQ.Teen]</td>
          <td ID="reports-code-2">http://loinc.org 89206-7</td>
        </tr>
        <tr>
          <td>2024-08-19T04:26:12+05:30</td>
          <td></td>
          <td ID="reports-desc-3">Patient Health Questionnaire-9: Modified for Teens [Reported.PHQ.Teen]</td>
          <td ID="reports-code-3">http://loinc.org 89206-7</td>
        </tr>
    </tbody>
  </table>
</text>
    <entry typeCode="DRIV">
      <organizer classCode="BATTERY" moodCode="EVN">
        <templateId root="2.16.840.1.113883.10.20.22.4.1" extension="2015-08-01"/>
        <templateId root="2.16.840.1.113883.10.20.22.4.1"/>
        <!--Result organizer template -->
        <id root="bfd679c3-2fc3-ef9d-8b58-71ec39466bd3"/>
        <code code="58410-2" codeSystem="2.16.840.1.113883.6.1" codeSystemName="LOINC" displayName="CBC panel - Blood by Automated count"/>
        <statusCode code="completed"/>
        <effectiveTime>
          <low value="20230814034125"/>
          <high value="20230814034125"/>
        </effectiveTime>
        <component>
          <observation classCode="OBS" moodCode="EVN">
            <templateId root="2.16.840.1.113883.10.20.22.4.2" extension="2015-08-01"/>
            <templateId root="2.16.840.1.113883.10.20.22.4.2"/>
            <id root="0f334105-1eae-47c7-2f3a-c4333e25a956"/>
        <code  code="6690-2" codeSystem="2.16.840.1.113883.6.1" displayName="Leukocytes [#/volume] in Blood by Automated count">
          <originalText><reference value="#reports-desc-1"/></originalText>
        </code>
            <text>
              <reference value="#reports-desc-1"/>
            </text>
            <statusCode code="completed"/>
            <effectiveTime value="20230814034125"/>
            <value xsi:type="PQ" value="5.3710969918953175" unit="10*3/uL"/>
          </observation>
        </component>
        <component>
          <observation classCode="OBS" moodCode="EVN">
            <templateId root="2.16.840.1.113883.10.20.22.4.2" extension="2015-08-01"/>
            <templateId root="2.16.840.1.113883.10.20.22.4.2"/>
            <id root="c53ade51-cfb2-b517-cac9-e591d8fb150d"/>
        <code  code="789-8" codeSystem="2.16.840.1.113883.6.1" displayName="Erythrocytes [#/volume] in Blood by Automated count">
          <originalText><reference value="#reports-desc-1"/></originalText>
        </code>
            <text>
              <reference value="#reports-desc-1"/>
            </text>
            <statusCode code="completed"/>
            <effectiveTime value="20230814034125"/>
            <value xsi:type="PQ" value="4.752922235635292" unit="10*6/uL"/>
          </observation>
        </component>
        <component>
          <observation classCode="OBS" moodCode="EVN">
            <templateId root="2.16.840.1.113883.10.20.22.4.2" extension="2015-08-01"/>
            <templateId root="2.16.840.1.113883.10.20.22.4.2"/>
            <id root="cabbe2ce-ed7a-ea82-15b1-81e412c4d557"/>
        <code  code="718-7" codeSystem="2.16.840.1.113883.6.1" displayName="Hemoglobin [Mass/volume] in Blood">
          <originalText><reference value="#reports-desc-1"/></originalText>
        </code>
            <text>
              <reference value="#reports-desc-1"/>
            </text>
            <statusCode code="completed"/>
            <effectiveTime value="20230814034125"/>
            <value xsi:type="PQ" value="14.147114075385169" unit="g/dL"/>
          </observation>
        </component>
        <component>
          <observation classCode="OBS" moodCode="EVN">
            <templateId root="2.16.840.1.113883.10.20.22.4.2" extension="2015-08-01"/>
            <templateId root="2.16.840.1.113883.10.20.22.4.2"/>
            <id root="6a84a5a7-9398-a1ef-c300-abb1fe498ebc"/>
        <code  code="4544-3" codeSystem="2.16.840.1.113883.6.1" displayName="Hematocrit [Volume Fraction] of Blood by Automated count">
          <originalText><reference value="#reports-desc-1"/></originalText>
        </code>
            <text>
              <reference value="#reports-desc-1"/>
            </text>
            <statusCode code="completed"/>
            <effectiveTime value="20230814034125"/>
            <value xsi:type="PQ" value="40.81397551961111" unit="%"/>
          </observation>
        </component>
        <component>
          <observation classCode="OBS" moodCode="EVN">
            <templateId root="2.16.840.1.113883.10.20.22.4.2" extension="2015-08-01"/>
            <templateId root="2.16.840.1.113883.10.20.22.4.2"/>
            <id root="1e9f5360-5def-7411-49f9-c44ea1259c76"/>
        <code  code="787-2" codeSystem="2.16.840.1.113883.6.1" displayName="MCV [Entitic volume] by Automated count">
          <originalText><reference value="#reports-desc-1"/></originalText>
        </code>
            <text>
              <reference value="#reports-desc-1"/>
            </text>
            <statusCode code="completed"/>
            <effectiveTime value="20230814034125"/>
            <value xsi:type="PQ" value="84.05121592961783" unit="fL"/>
          </observation>
        </component>
        <component>
          <observation classCode="OBS" moodCode="EVN">
            <templateId root="2.16.840.1.113883.10.20.22.4.2" extension="2015-08-01"/>
            <templateId root="2.16.840.1.113883.10.20.22.4.2"/>
            <id root="8e462d45-7ecc-51bc-731f-4cc055bd6378"/>
        <code  code="785-6" codeSystem="2.16.840.1.113883.6.1" displayName="MCH [Entitic mass] by Automated count">
          <originalText><reference value="#reports-desc-1"/></originalText>
        </code>
            <text>
              <reference value="#reports-desc-1"/>
            </text>
            <statusCode code="completed"/>
            <effectiveTime value="20230814034125"/>
            <value xsi:type="PQ" value="29.387513455010975" unit="pg"/>
          </observation>
        </component>
        <component>
          <observation classCode="OBS" moodCode="EVN">
            <templateId root="2.16.840.1.113883.10.20.22.4.2" extension="2015-08-01"/>
            <templateId root="2.16.840.1.113883.10.20.22.4.2"/>
            <id root="ea637c20-ccee-b56b-f66c-f62c33e5c846"/>
        <code  code="786-4" codeSystem="2.16.840.1.113883.6.1" displayName="MCHC [Mass/volume] by Automated count">
          <originalText><reference value="#reports-desc-1"/></originalText>
        </code>
            <text>
              <reference value="#reports-desc-1"/>
            </text>
            <statusCode code="completed"/>
            <effectiveTime value="20230814034125"/>
            <value xsi:type="PQ" value="33.508478333092775" unit="g/dL"/>
          </observation>
        </component>
        <component>
          <observation classCode="OBS" moodCode="EVN">
            <templateId root="2.16.840.1.113883.10.20.22.4.2" extension="2015-08-01"/>
            <templateId root="2.16.840.1.113883.10.20.22.4.2"/>
            <id root="24aa249c-fd81-b3a8-e65c-be09a603d914"/>
        <code  code="21000-5" codeSystem="2.16.840.1.113883.6.1" displayName="Erythrocyte distribution width [Entitic volume] by Automated count">
          <originalText><reference value="#reports-desc-1"/></originalText>
        </code>
            <text>
              <reference value="#reports-desc-1"/>
            </text>
            <statusCode code="completed"/>
            <effectiveTime value="20230814034125"/>
            <value xsi:type="PQ" value="40.95329517320102" unit="fL"/>
          </observation>
        </component>
        <component>
          <observation classCode="OBS" moodCode="EVN">
            <templateId root="2.16.840.1.113883.10.20.22.4.2" extension="2015-08-01"/>
            <templateId root="2.16.840.1.113883.10.20.22.4.2"/>
            <id root="cad8174d-f9f2-9b44-d18b-3fb7990af1e5"/>
        <code  code="777-3" codeSystem="2.16.840.1.113883.6.1" displayName="Platelets [#/volume] in Blood by Automated count">
          <originalText><reference value="#reports-desc-1"/></originalText>
        </code>
            <text>
              <reference value="#reports-desc-1"/>
            </text>
            <statusCode code="completed"/>
            <effectiveTime value="20230814034125"/>
            <value xsi:type="PQ" value="302.84704316663533" unit="10*3/uL"/>
          </observation>
        </component>
        <component>
          <observation classCode="OBS" moodCode="EVN">
            <templateId root="2.16.840.1.113883.10.20.22.4.2" extension="2015-08-01"/>
            <templateId root="2.16.840.1.113883.10.20.22.4.2"/>
            <id root="37b7c776-7d00-0eaa-4dd8-d85571bf32a8"/>
        <code  code="32207-3" codeSystem="2.16.840.1.113883.6.1" displayName="Platelet distribution width [Entitic volume] in Blood by Automated count">
          <originalText><reference value="#reports-desc-1"/></originalText>
        </code>
            <text>
              <reference value="#reports-desc-1"/>
            </text>
            <statusCode code="completed"/>
            <effectiveTime value="20230814034125"/>
            <value xsi:type="PQ" value="403.98442057014836" unit="fL"/>
          </observation>
        </component>
        <component>
          <observation classCode="OBS" moodCode="EVN">
            <templateId root="2.16.840.1.113883.10.20.22.4.2" extension="2015-08-01"/>
            <templateId root="2.16.840.1.113883.10.20.22.4.2"/>
            <id root="94ec3acb-f989-f5b8-997e-12e951e61f82"/>
        <code  code="32623-1" codeSystem="2.16.840.1.113883.6.1" displayName="Platelet mean volume [Entitic volume] in Blood by Automated count">
          <originalText><reference value="#reports-desc-1"/></originalText>
        </code>
            <text>
              <reference value="#reports-desc-1"/>
            </text>
            <statusCode code="completed"/>
            <effectiveTime value="20230814034125"/>
            <value xsi:type="PQ" value="10.862760538917964" unit="fL"/>
          </observation>
        </component>
      </organizer>
    </entry>
    <entry typeCode="DRIV">
      <organizer classCode="BATTERY" moodCode="EVN">
        <templateId root="2.16.840.1.113883.10.20.22.4.1" extension="2015-08-01"/>
        <templateId root="2.16.840.1.113883.10.20.22.4.1"/>
        <!--Result organizer template -->
        <id root="307272f8-0494-05a5-acd7-9dfade304dc3"/>
        <code code="89206-7" codeSystem="2.16.840.1.113883.6.1" codeSystemName="LOINC" displayName="Patient Health Questionnaire-9: Modified for Teens [Reported.PHQ.Teen]"/>
        <statusCode code="completed"/>
        <effectiveTime>
          <low value="20230814041810"/>
          <high value="20230814041810"/>
        </effectiveTime>
        <component>
          <observation classCode="OBS" moodCode="EVN">
            <templateId root="2.16.840.1.113883.10.20.22.4.2" extension="2015-08-01"/>
            <templateId root="2.16.840.1.113883.10.20.22.4.2"/>
            <id root="e3addb31-02b8-f874-3052-670ae1280932"/>
        <code  code="89204-2" codeSystem="2.16.840.1.113883.6.1" displayName="Patient Health Questionnaire-9: Modified for Teens total score [Reported.PHQ.Teen]">
          <originalText><reference value="#reports-desc-2"/></originalText>
        </code>
            <text>
              <reference value="#reports-desc-2"/>
            </text>
            <statusCode code="completed"/>
            <effectiveTime value="20230814041810"/>
            <value xsi:type="PQ" value="2" unit="{score}"/>
          </observation>
        </component>
      </organizer>
    </entry>
    <entry typeCode="DRIV">
      <organizer classCode="BATTERY" moodCode="EVN">
        <templateId root="2.16.840.1.113883.10.20.22.4.1" extension="2015-08-01"/>
        <templateId root="2.16.840.1.113883.10.20.22.4.1"/>
        <!--Result organizer template -->
        <id root="cbd4e595-d829-9a91-6fb1-0b11fd667a89"/>
        <code code="89206-7" codeSystem="2.16.840.1.113883.6.1" codeSystemName="LOINC" displayName="Patient Health Questionnaire-9: Modified for Teens [Reported.PHQ.Teen]"/>
        <statusCode code="completed"/>
        <effectiveTime>
          <low value="20240819042612"/>
          <high value="20240819042612"/>
        </effectiveTime>
        <component>
          <observation classCode="OBS" moodCode="EVN">
            <templateId root="2.16.840.1.113883.10.20.22.4.2" extension="2015-08-01"/>
            <templateId root="2.16.840.1.113883.10.20.22.4.2"/>
            <id root="065fadc8-9ffc-ad59-38f9-aa7bca53d2c4"/>
        <code  code="89204-2" codeSystem="2.16.840.1.113883.6.1" displayName="Patient Health Questionnaire-9: Modified for Teens total score [Reported.PHQ.Teen]">
          <originalText><reference value="#reports-desc-3"/></originalText>
        </code>
            <text>
              <reference value="#reports-desc-3"/>
            </text>
            <statusCode code="completed"/>
            <effectiveTime value="20240819042612"/>
            <value xsi:type="PQ" value="2" unit="{score}"/>
          </observation>
        </component>
      </organizer>
    </entry>
  </section>
</component><component>
  <!--Problems-->
  <section>
    <templateId root="2.16.840.1.113883.10.20.22.2.5.1" extension="2015-08-01"/>
    <!--Problems section template-->
    <code code="11450-4" codeSystem="2.16.840.1.113883.6.1" codeSystemName="LOINC" displayName="Problem list"/>
    <title>Problems</title>
<text>
  <table border="1" width="100%">
    <thead>
      <tr>
        <th>Start</th>
        <th>Stop</th>
        <th>Description</th>
        <th>Code</th>
      </tr>
    </thead>
    <tbody>
        <tr>
          <td>2007-07-02T03:41:25+05:30</td>
          <td>2007-08-06T03:41:25+05:30</td>
          <td ID="conditions-desc-1">Medication review due (situation)</td>
          <td ID="conditions-code-1">http://snomed.info/sct 314529007</td>
        </tr>
        <tr>
          <td>2007-10-08T03:41:25+05:30</td>
          <td>2008-12-08T03:41:25+05:30</td>
          <td ID="conditions-desc-2">Medication review due (situation)</td>
          <td ID="conditions-code-2">http://snomed.info/sct 314529007</td>
        </tr>
        <tr>
          <td>2009-06-08T03:41:25+05:30</td>
          <td>2010-12-06T03:41:25+05:30</td>
          <td ID="conditions-desc-3">Medication review due (situation)</td>
          <td ID="conditions-code-3">http://snomed.info/sct 314529007</td>
        </tr>
        <tr>
          <td>2011-06-06T03:41:25+05:30</td>
          <td>2011-06-06T03:41:25+05:30</td>
          <td ID="conditions-desc-4">Medication review due (situation)</td>
          <td ID="conditions-code-4">http://snomed.info/sct 314529007</td>
        </tr>
        <tr>
          <td>2012-06-11T03:41:25+05:30</td>
          <td>2013-06-17T03:41:25+05:30</td>
          <td ID="conditions-desc-5">Medication review due (situation)</td>
          <td ID="conditions-code-5">http://snomed.info/sct 314529007</td>
        </tr>
        <tr>
          <td>2014-06-23T03:41:25+05:30</td>
          <td>2017-07-10T03:41:25+05:30</td>
          <td ID="conditions-desc-6">Medication review due (situation)</td>
          <td ID="conditions-code-6">http://snomed.info/sct 314529007</td>
        </tr>
        <tr>
          <td>2018-07-16T03:41:25+05:30</td>
          <td>2018-07-16T03:41:25+05:30</td>
          <td ID="conditions-desc-7">Medication review due (situation)</td>
          <td ID="conditions-code-7">http://snomed.info/sct 314529007</td>
        </tr>
        <tr>
          <td>2019-07-22T03:41:25+05:30</td>
          <td>2023-02-20T03:41:25+05:30</td>
          <td ID="conditions-desc-8">Medication review due (situation)</td>
          <td ID="conditions-code-8">http://snomed.info/sct 314529007</td>
        </tr>
        <tr>
          <td>2023-08-14T03:41:25+05:30</td>
          <td>2023-08-14T03:41:25+05:30</td>
          <td ID="conditions-desc-9">Medication review due (situation)</td>
          <td ID="conditions-code-9">http://snomed.info/sct 314529007</td>
        </tr>
        <tr>
          <td>2024-08-19T03:41:25+05:30</td>
          <td></td>
          <td ID="conditions-desc-10">Medication review due (situation)</td>
          <td ID="conditions-code-10">http://snomed.info/sct 314529007</td>
        </tr>
    </tbody>
  </table>
</text>
    <entry typeCode="DRIV">
      <act classCode="ACT" moodCode="EVN">
        <templateId root="2.16.840.1.113883.10.20.22.4.3"/>
        <templateId root="2.16.840.1.113883.10.20.22.4.3" extension="2015-08-01"/>
        <!-- Problem act template -->
        <id root="aff485e8-d412-5734-ba70-a64a0c9ec8d5"/>
        <code nullFlavor="NA"/>
        <statusCode code="completed"/>
        <effectiveTime>
          <low value="20070702034125"/>
          <high value="20070806034125"/>
        </effectiveTime>
        <entryRelationship typeCode="SUBJ" inversionInd="false">
          <observation classCode="OBS" moodCode="EVN">
            <templateId root="2.16.840.1.113883.10.20.22.4.4"/>
            <templateId root="2.16.840.1.113883.10.20.22.4.4" extension="2015-08-01"/>
            <!--Problem observation template - NOT episode template-->
            <id root="acc769ee-b91d-ee87-4943-f3debe154bd4"/>
            <code code="64572001" displayName="Condition" codeSystem="2.16.840.1.113883.6.96" codeSystemName="SNOMED-CT">
              <translation code="75323-6" displayName="Condition" codeSystem="2.16.840.1.113883.6.1" codeSystemName="LOINC"/>
            </code>
            <text>
              <reference value="#conditions-desc-1"/>
            </text>
            <statusCode code="completed"/>
            <effectiveTime>
              <low value="20070702034125"/>
              <high value="20070806034125"/>
            </effectiveTime>
            <priorityCode code="8319008" codeSystem="2.16.840.1.113883.6.96" displayName="Principal diagnosis" />
        <value xsi:type="CD" code="314529007" codeSystem="2.16.840.1.113883.6.96" displayName="Medication review due (situation)">
          <originalText><reference value="#conditions-desc-1"/></originalText>
        </value>
          </observation>
        </entryRelationship>
      </act>
    </entry>
    <entry typeCode="DRIV">
      <act classCode="ACT" moodCode="EVN">
        <templateId root="2.16.840.1.113883.10.20.22.4.3"/>
        <templateId root="2.16.840.1.113883.10.20.22.4.3" extension="2015-08-01"/>
        <!-- Problem act template -->
        <id root="c54b4818-649d-02d5-afc9-a83cb192f613"/>
        <code nullFlavor="NA"/>
        <statusCode code="completed"/>
        <effectiveTime>
          <low value="20071008034125"/>
          <high value="20081208034125"/>
        </effectiveTime>
        <entryRelationship typeCode="SUBJ" inversionInd="false">
          <observation classCode="OBS" moodCode="EVN">
            <templateId root="2.16.840.1.113883.10.20.22.4.4"/>
            <templateId root="2.16.840.1.113883.10.20.22.4.4" extension="2015-08-01"/>
            <!--Problem observation template - NOT episode template-->
            <id root="f30126fc-3058-8416-9355-417df74f68ff"/>
            <code code="64572001" displayName="Condition" codeSystem="2.16.840.1.113883.6.96" codeSystemName="SNOMED-CT">
              <translation code="75323-6" displayName="Condition" codeSystem="2.16.840.1.113883.6.1" codeSystemName="LOINC"/>
            </code>
            <text>
              <reference value="#conditions-desc-2"/>
            </text>
            <statusCode code="completed"/>
            <effectiveTime>
              <low value="20071008034125"/>
              <high value="20081208034125"/>
            </effectiveTime>
            <priorityCode code="8319008" codeSystem="2.16.840.1.113883.6.96" displayName="Principal diagnosis" />
        <value xsi:type="CD" code="314529007" codeSystem="2.16.840.1.113883.6.96" displayName="Medication review due (situation)">
          <originalText><reference value="#conditions-desc-2"/></originalText>
        </value>
          </observation>
        </entryRelationship>
      </act>
    </entry>
    <entry typeCode="DRIV">
      <act classCode="ACT" moodCode="EVN">
        <templateId root="2.16.840.1.113883.10.20.22.4.3"/>
        <templateId root="2.16.840.1.113883.10.20.22.4.3" extension="2015-08-01"/>
        <!-- Problem act template -->
        <id root="8cbb375f-d085-5c46-c4cb-0b36f85722df"/>
        <code nullFlavor="NA"/>
        <statusCode code="completed"/>
        <effectiveTime>
          <low value="20090608034125"/>
          <high value="20101206034125"/>
        </effectiveTime>
        <entryRelationship typeCode="SUBJ" inversionInd="false">
          <observation classCode="OBS" moodCode="EVN">
            <templateId root="2.16.840.1.113883.10.20.22.4.4"/>
            <templateId root="2.16.840.1.113883.10.20.22.4.4" extension="2015-08-01"/>
            <!--Problem observation template - NOT episode template-->
            <id root="46a2689f-bb93-9e24-40e0-268470404e41"/>
            <code code="64572001" displayName="Condition" codeSystem="2.16.840.1.113883.6.96" codeSystemName="SNOMED-CT">
              <translation code="75323-6" displayName="Condition" codeSystem="2.16.840.1.113883.6.1" codeSystemName="LOINC"/>
            </code>
            <text>
              <reference value="#conditions-desc-3"/>
            </text>
            <statusCode code="completed"/>
            <effectiveTime>
              <low value="20090608034125"/>
              <high value="20101206034125"/>
            </effectiveTime>
            <priorityCode code="8319008" codeSystem="2.16.840.1.113883.6.96" displayName="Principal diagnosis" />
        <value xsi:type="CD" code="314529007" codeSystem="2.16.840.1.113883.6.96" displayName="Medication review due (situation)">
          <originalText><reference value="#conditions-desc-3"/></originalText>
        </value>
          </observation>
        </entryRelationship>
      </act>
    </entry>
    <entry typeCode="DRIV">
      <act classCode="ACT" moodCode="EVN">
        <templateId root="2.16.840.1.113883.10.20.22.4.3"/>
        <templateId root="2.16.840.1.113883.10.20.22.4.3" extension="2015-08-01"/>
        <!-- Problem act template -->
        <id root="8832cbd5-a2dd-ce8a-b1a2-e776afa0707c"/>
        <code nullFlavor="NA"/>
        <statusCode code="completed"/>
        <effectiveTime>
          <low value="20110606034125"/>
          <high value="20110606034125"/>
        </effectiveTime>
        <entryRelationship typeCode="SUBJ" inversionInd="false">
          <observation classCode="OBS" moodCode="EVN">
            <templateId root="2.16.840.1.113883.10.20.22.4.4"/>
            <templateId root="2.16.840.1.113883.10.20.22.4.4" extension="2015-08-01"/>
            <!--Problem observation template - NOT episode template-->
            <id root="7666e666-6783-eeec-aa1b-ea096cbad79b"/>
            <code code="64572001" displayName="Condition" codeSystem="2.16.840.1.113883.6.96" codeSystemName="SNOMED-CT">
              <translation code="75323-6" displayName="Condition" codeSystem="2.16.840.1.113883.6.1" codeSystemName="LOINC"/>
            </code>
            <text>
              <reference value="#conditions-desc-4"/>
            </text>
            <statusCode code="completed"/>
            <effectiveTime>
              <low value="20110606034125"/>
              <high value="20110606034125"/>
            </effectiveTime>
            <priorityCode code="8319008" codeSystem="2.16.840.1.113883.6.96" displayName="Principal diagnosis" />
        <value xsi:type="CD" code="314529007" codeSystem="2.16.840.1.113883.6.96" displayName="Medication review due (situation)">
          <originalText><reference value="#conditions-desc-4"/></originalText>
        </value>
          </observation>
        </entryRelationship>
      </act>
    </entry>
    <entry typeCode="DRIV">
      <act classCode="ACT" moodCode="EVN">
        <templateId root="2.16.840.1.113883.10.20.22.4.3"/>
        <templateId root="2.16.840.1.113883.10.20.22.4.3" extension="2015-08-01"/>
        <!-- Problem act template -->
        <id root="a032fbed-0f35-1286-d402-16371f98dcc1"/>
        <code nullFlavor="NA"/>
        <statusCode code="completed"/>
        <effectiveTime>
          <low value="20120611034125"/>
          <high value="20130617034125"/>
        </effectiveTime>
        <entryRelationship typeCode="SUBJ" inversionInd="false">
          <observation classCode="OBS" moodCode="EVN">
            <templateId root="2.16.840.1.113883.10.20.22.4.4"/>
            <templateId root="2.16.840.1.113883.10.20.22.4.4" extension="2015-08-01"/>
            <!--Problem observation template - NOT episode template-->
            <id root="5e4b3182-39c9-31ef-a2b1-96d473cd8c97"/>
            <code code="64572001" displayName="Condition" codeSystem="2.16.840.1.113883.6.96" codeSystemName="SNOMED-CT">
              <translation code="75323-6" displayName="Condition" codeSystem="2.16.840.1.113883.6.1" codeSystemName="LOINC"/>
            </code>
            <text>
              <reference value="#conditions-desc-5"/>
            </text>
            <statusCode code="completed"/>
            <effectiveTime>
              <low value="20120611034125"/>
              <high value="20130617034125"/>
            </effectiveTime>
            <priorityCode code="8319008" codeSystem="2.16.840.1.113883.6.96" displayName="Principal diagnosis" />
        <value xsi:type="CD" code="314529007" codeSystem="2.16.840.1.113883.6.96" displayName="Medication review due (situation)">
          <originalText><reference value="#conditions-desc-5"/></originalText>
        </value>
          </observation>
        </entryRelationship>
      </act>
    </entry>
    <entry typeCode="DRIV">
      <act classCode="ACT" moodCode="EVN">
        <templateId root="2.16.840.1.113883.10.20.22.4.3"/>
        <templateId root="2.16.840.1.113883.10.20.22.4.3" extension="2015-08-01"/>
        <!-- Problem act template -->
        <id root="100502b0-65e4-ec88-4c0e-d156a7c6f9a4"/>
        <code nullFlavor="NA"/>
        <statusCode code="completed"/>
        <effectiveTime>
          <low value="20140623034125"/>
          <high value="20170710034125"/>
        </effectiveTime>
        <entryRelationship typeCode="SUBJ" inversionInd="false">
          <observation classCode="OBS" moodCode="EVN">
            <templateId root="2.16.840.1.113883.10.20.22.4.4"/>
            <templateId root="2.16.840.1.113883.10.20.22.4.4" extension="2015-08-01"/>
            <!--Problem observation template - NOT episode template-->
            <id root="3cb200f1-5d67-ef4f-b881-9e209ed505c1"/>
            <code code="64572001" displayName="Condition" codeSystem="2.16.840.1.113883.6.96" codeSystemName="SNOMED-CT">
              <translation code="75323-6" displayName="Condition" codeSystem="2.16.840.1.113883.6.1" codeSystemName="LOINC"/>
            </code>
            <text>
              <reference value="#conditions-desc-6"/>
            </text>
            <statusCode code="completed"/>
            <effectiveTime>
              <low value="20140623034125"/>
              <high value="20170710034125"/>
            </effectiveTime>
            <priorityCode code="8319008" codeSystem="2.16.840.1.113883.6.96" displayName="Principal diagnosis" />
        <value xsi:type="CD" code="314529007" codeSystem="2.16.840.1.113883.6.96" displayName="Medication review due (situation)">
          <originalText><reference value="#conditions-desc-6"/></originalText>
        </value>
          </observation>
        </entryRelationship>
      </act>
    </entry>
    <entry typeCode="DRIV">
      <act classCode="ACT" moodCode="EVN">
        <templateId root="2.16.840.1.113883.10.20.22.4.3"/>
        <templateId root="2.16.840.1.113883.10.20.22.4.3" extension="2015-08-01"/>
        <!-- Problem act template -->
        <id root="f5a2a62f-af0e-2376-a34e-49fa75f3e8b2"/>
        <code nullFlavor="NA"/>
        <statusCode code="completed"/>
        <effectiveTime>
          <low value="20180716034125"/>
          <high value="20180716034125"/>
        </effectiveTime>
        <entryRelationship typeCode="SUBJ" inversionInd="false">
          <observation classCode="OBS" moodCode="EVN">
            <templateId root="2.16.840.1.113883.10.20.22.4.4"/>
            <templateId root="2.16.840.1.113883.10.20.22.4.4" extension="2015-08-01"/>
            <!--Problem observation template - NOT episode template-->
            <id root="034f9bdd-e4cb-a05c-cbda-62a4094ab556"/>
            <code code="64572001" displayName="Condition" codeSystem="2.16.840.1.113883.6.96" codeSystemName="SNOMED-CT">
              <translation code="75323-6" displayName="Condition" codeSystem="2.16.840.1.113883.6.1" codeSystemName="LOINC"/>
            </code>
            <text>
              <reference value="#conditions-desc-7"/>
            </text>
            <statusCode code="completed"/>
            <effectiveTime>
              <low value="20180716034125"/>
              <high value="20180716034125"/>
            </effectiveTime>
            <priorityCode code="8319008" codeSystem="2.16.840.1.113883.6.96" displayName="Principal diagnosis" />
        <value xsi:type="CD" code="314529007" codeSystem="2.16.840.1.113883.6.96" displayName="Medication review due (situation)">
          <originalText><reference value="#conditions-desc-7"/></originalText>
        </value>
          </observation>
        </entryRelationship>
      </act>
    </entry>
    <entry typeCode="DRIV">
      <act classCode="ACT" moodCode="EVN">
        <templateId root="2.16.840.1.113883.10.20.22.4.3"/>
        <templateId root="2.16.840.1.113883.10.20.22.4.3" extension="2015-08-01"/>
        <!-- Problem act template -->
        <id root="19cf9070-a065-4006-0cb4-61da6f267adb"/>
        <code nullFlavor="NA"/>
        <statusCode code="completed"/>
        <effectiveTime>
          <low value="20190722034125"/>
          <high value="20230220034125"/>
        </effectiveTime>
        <entryRelationship typeCode="SUBJ" inversionInd="false">
          <observation classCode="OBS" moodCode="EVN">
            <templateId root="2.16.840.1.113883.10.20.22.4.4"/>
            <templateId root="2.16.840.1.113883.10.20.22.4.4" extension="2015-08-01"/>
            <!--Problem observation template - NOT episode template-->
            <id root="d8770646-8cee-096f-295d-efcd24eb073b"/>
            <code code="64572001" displayName="Condition" codeSystem="2.16.840.1.113883.6.96" codeSystemName="SNOMED-CT">
              <translation code="75323-6" displayName="Condition" codeSystem="2.16.840.1.113883.6.1" codeSystemName="LOINC"/>
            </code>
            <text>
              <reference value="#conditions-desc-8"/>
            </text>
            <statusCode code="completed"/>
            <effectiveTime>
              <low value="20190722034125"/>
              <high value="20230220034125"/>
            </effectiveTime>
            <priorityCode code="8319008" codeSystem="2.16.840.1.113883.6.96" displayName="Principal diagnosis" />
        <value xsi:type="CD" code="314529007" codeSystem="2.16.840.1.113883.6.96" displayName="Medication review due (situation)">
          <originalText><reference value="#conditions-desc-8"/></originalText>
        </value>
          </observation>
        </entryRelationship>
      </act>
    </entry>
    <entry typeCode="DRIV">
      <act classCode="ACT" moodCode="EVN">
        <templateId root="2.16.840.1.113883.10.20.22.4.3"/>
        <templateId root="2.16.840.1.113883.10.20.22.4.3" extension="2015-08-01"/>
        <!-- Problem act template -->
        <id root="6508cb2b-b19f-15d1-55f5-8af068fa3af9"/>
        <code nullFlavor="NA"/>
        <statusCode code="completed"/>
        <effectiveTime>
          <low value="20230814034125"/>
          <high value="20230814034125"/>
        </effectiveTime>
        <entryRelationship typeCode="SUBJ" inversionInd="false">
          <observation classCode="OBS" moodCode="EVN">
            <templateId root="2.16.840.1.113883.10.20.22.4.4"/>
            <templateId root="2.16.840.1.113883.10.20.22.4.4" extension="2015-08-01"/>
            <!--Problem observation template - NOT episode template-->
            <id root="38fad3e0-49b9-dcf6-9cf5-614d60090c30"/>
            <code code="64572001" displayName="Condition" codeSystem="2.16.840.1.113883.6.96" codeSystemName="SNOMED-CT">
              <translation code="75323-6" displayName="Condition" codeSystem="2.16.840.1.113883.6.1" codeSystemName="LOINC"/>
            </code>
            <text>
              <reference value="#conditions-desc-9"/>
            </text>
            <statusCode code="completed"/>
            <effectiveTime>
              <low value="20230814034125"/>
              <high value="20230814034125"/>
            </effectiveTime>
            <priorityCode code="8319008" codeSystem="2.16.840.1.113883.6.96" displayName="Principal diagnosis" />
        <value xsi:type="CD" code="314529007" codeSystem="2.16.840.1.113883.6.96" displayName="Medication review due (situation)">
          <originalText><reference value="#conditions-desc-9"/></originalText>
        </value>
          </observation>
        </entryRelationship>
      </act>
    </entry>
    <entry typeCode="DRIV">
      <act classCode="ACT" moodCode="EVN">
        <templateId root="2.16.840.1.113883.10.20.22.4.3"/>
        <templateId root="2.16.840.1.113883.10.20.22.4.3" extension="2015-08-01"/>
        <!-- Problem act template -->
        <id root="c2636ea4-e9f9-5101-3e44-8c7079dda57a"/>
        <code nullFlavor="NA"/>
        <statusCode code="active"/>
        <effectiveTime>
          <low value="20240819034125"/>
          
        </effectiveTime>
        <entryRelationship typeCode="SUBJ" inversionInd="false">
          <observation classCode="OBS" moodCode="EVN">
            <templateId root="2.16.840.1.113883.10.20.22.4.4"/>
            <templateId root="2.16.840.1.113883.10.20.22.4.4" extension="2015-08-01"/>
            <!--Problem observation template - NOT episode template-->
            <id root="e18dc536-868b-fbd0-2e14-bed8d6952445"/>
            <code code="64572001" displayName="Condition" codeSystem="2.16.840.1.113883.6.96" codeSystemName="SNOMED-CT">
              <translation code="75323-6" displayName="Condition" codeSystem="2.16.840.1.113883.6.1" codeSystemName="LOINC"/>
            </code>
            <text>
              <reference value="#conditions-desc-10"/>
            </text>
            <statusCode code="completed"/>
            <effectiveTime>
              <low value="20240819034125"/>
              
            </effectiveTime>
            <priorityCode code="8319008" codeSystem="2.16.840.1.113883.6.96" displayName="Principal diagnosis" />
        <value xsi:type="CD" code="314529007" codeSystem="2.16.840.1.113883.6.96" displayName="Medication review due (situation)">
          <originalText><reference value="#conditions-desc-10"/></originalText>
        </value>
          </observation>
        </entryRelationship>
      </act>
    </entry>
  </section>
</component>
<component>
  <!--Surgeries-->
  <section>
    <templateId root="2.16.840.1.113883.10.20.22.2.7.1" extension="2014-06-09"/>
    <!--Surgeries section template-->
    <code code="47519-4" codeSystem="2.16.840.1.113883.6.1" codeSystemName="LOINC" displayName="List of surgeries"/>
    <title>Surgeries</title>
<text>
  <table border="1" width="100%">
    <thead>
      <tr>
        <th>Start</th>
        <th>Stop</th>
        <th>Description</th>
        <th>Code</th>
      </tr>
    </thead>
    <tbody>
        <tr>
          <td>2023-08-14T03:41:25+05:30</td>
          <td>2023-08-14T03:56:25+05:30</td>
          <td ID="procedures-desc-1">Medication Reconciliation (procedure)</td>
          <td ID="procedures-code-1">http://snomed.info/sct 430193006</td>
        </tr>
        <tr>
          <td>2023-08-14T03:41:25+05:30</td>
          <td>2023-08-14T03:54:08+05:30</td>
          <td ID="procedures-desc-2">Depression screening (procedure)</td>
          <td ID="procedures-code-2">http://snomed.info/sct 171207006</td>
        </tr>
        <tr>
          <td>2023-08-14T03:54:08+05:30</td>
          <td>2023-08-14T04:18:10+05:30</td>
          <td ID="procedures-desc-3">Depression screening using Patient Health Questionnaire Nine Item score (procedure)</td>
          <td ID="procedures-code-3">http://snomed.info/sct 715252007</td>
        </tr>
        <tr>
          <td>2024-08-19T03:41:25+05:30</td>
          <td>2024-08-19T03:56:21+05:30</td>
          <td ID="procedures-desc-4">Depression screening (procedure)</td>
          <td ID="procedures-code-4">http://snomed.info/sct 171207006</td>
        </tr>
        <tr>
          <td>2024-08-19T03:56:21+05:30</td>
          <td>2024-08-19T04:26:12+05:30</td>
          <td ID="procedures-desc-5">Depression screening using Patient Health Questionnaire Nine Item score (procedure)</td>
          <td ID="procedures-code-5">http://snomed.info/sct 715252007</td>
        </tr>
        <tr>
          <td>2024-08-19T04:26:12+05:30</td>
          <td>2024-08-19T04:39:34+05:30</td>
          <td ID="procedures-desc-6">Assessment of substance use (procedure)</td>
          <td ID="procedures-code-6">http://snomed.info/sct 428211000124100</td>
        </tr>
        <tr>
          <td>2024-08-19T04:39:34+05:30</td>
          <td>2024-08-19T05:08:47+05:30</td>
          <td ID="procedures-desc-7">Assessment using Car, Relax, Alone, Forget, Friends, Trouble Screening Test (procedure)</td>
          <td ID="procedures-code-7">http://snomed.info/sct 868187001</td>
        </tr>
        <tr>
          <td>2024-08-19T05:08:47+05:30</td>
          <td>2024-08-19T05:19:49+05:30</td>
          <td ID="procedures-desc-8">Anticipatory guidance (procedure)</td>
          <td ID="procedures-code-8">http://snomed.info/sct 386516004</td>
        </tr>
    </tbody>
  </table>
</text>
    <entry typeCode="DRIV">
      <procedure classCode="PROC" moodCode="EVN">
        <templateId root="2.16.840.1.113883.10.20.22.4.14"/>
        <!-- Procedure activity template -->
        <id root="c880c005-35d4-9b14-99b5-54d766da7745"/>
        <code  code="430193006" codeSystem="2.16.840.1.113883.6.96" displayName="Medication Reconciliation (procedure)">
          <originalText><reference value="#procedures-desc-1"/></originalText>
        </code>
        <text>
          <reference value="#procedures-desc-1"/>
        </text>
        <statusCode code="completed"/>
        <effectiveTime value="20230814034125"/>
      </procedure>
    </entry>
    <entry typeCode="DRIV">
      <procedure classCode="PROC" moodCode="EVN">
        <templateId root="2.16.840.1.113883.10.20.22.4.14"/>
        <!-- Procedure activity template -->
        <id root="86d6cbc3-843c-efc5-3757-dc0f5ee2f284"/>
        <code  code="171207006" codeSystem="2.16.840.1.113883.6.96" displayName="Depression screening (procedure)">
          <originalText><reference value="#procedures-desc-2"/></originalText>
        </code>
        <text>
          <reference value="#procedures-desc-2"/>
        </text>
        <statusCode code="completed"/>
        <effectiveTime value="20230814034125"/>
      </procedure>
    </entry>
    <entry typeCode="DRIV">
      <procedure classCode="PROC" moodCode="EVN">
        <templateId root="2.16.840.1.113883.10.20.22.4.14"/>
        <!-- Procedure activity template -->
        <id root="d80b47a3-2134-5d83-f708-f0d23a6315a2"/>
        <code  code="715252007" codeSystem="2.16.840.1.113883.6.96" displayName="Depression screening using Patient Health Questionnaire Nine Item score (procedure)">
          <originalText><reference value="#procedures-desc-3"/></originalText>
        </code>
        <text>
          <reference value="#procedures-desc-3"/>
        </text>
        <statusCode code="completed"/>
        <effectiveTime value="20230814035408"/>
      </procedure>
    </entry>
    <entry typeCode="DRIV">
      <procedure classCode="PROC" moodCode="EVN">
        <templateId root="2.16.840.1.113883.10.20.22.4.14"/>
        <!-- Procedure activity template -->
        <id root="93fb92a2-4387-6698-b098-c200a067650e"/>
        <code  code="171207006" codeSystem="2.16.840.1.113883.6.96" displayName="Depression screening (procedure)">
          <originalText><reference value="#procedures-desc-4"/></originalText>
        </code>
        <text>
          <reference value="#procedures-desc-4"/>
        </text>
        <statusCode code="completed"/>
        <effectiveTime value="20240819034125"/>
      </procedure>
    </entry>
    <entry typeCode="DRIV">
      <procedure classCode="PROC" moodCode="EVN">
        <templateId root="2.16.840.1.113883.10.20.22.4.14"/>
        <!-- Procedure activity template -->
        <id root="852b0189-06db-307d-c42f-cc397e6e6d99"/>
        <code  code="715252007" codeSystem="2.16.840.1.113883.6.96" displayName="Depression screening using Patient Health Questionnaire Nine Item score (procedure)">
          <originalText><reference value="#procedures-desc-5"/></originalText>
        </code>
        <text>
          <reference value="#procedures-desc-5"/>
        </text>
        <statusCode code="completed"/>
        <effectiveTime value="20240819035621"/>
      </procedure>
    </entry>
    <entry typeCode="DRIV">
      <procedure classCode="PROC" moodCode="EVN">
        <templateId root="2.16.840.1.113883.10.20.22.4.14"/>
        <!-- Procedure activity template -->
        <id root="8191f956-4c96-aad2-8de8-4cf1ef635eb9"/>
        <code  code="428211000124100" codeSystem="2.16.840.1.113883.6.96" displayName="Assessment of substance use (procedure)">
          <originalText><reference value="#procedures-desc-6"/></originalText>
        </code>
        <text>
          <reference value="#procedures-desc-6"/>
        </text>
        <statusCode code="completed"/>
        <effectiveTime value="20240819042612"/>
      </procedure>
    </entry>
    <entry typeCode="DRIV">
      <procedure classCode="PROC" moodCode="EVN">
        <templateId root="2.16.840.1.113883.10.20.22.4.14"/>
        <!-- Procedure activity template -->
        <id root="8792b01e-0582-f7e2-3418-83445cd4a350"/>
        <code  code="868187001" codeSystem="2.16.840.1.113883.6.96" displayName="Assessment using Car, Relax, Alone, Forget, Friends, Trouble Screening Test (procedure)">
          <originalText><reference value="#procedures-desc-7"/></originalText>
        </code>
        <text>
          <reference value="#procedures-desc-7"/>
        </text>
        <statusCode code="completed"/>
        <effectiveTime value="20240819043934"/>
      </procedure>
    </entry>
    <entry typeCode="DRIV">
      <procedure classCode="PROC" moodCode="EVN">
        <templateId root="2.16.840.1.113883.10.20.22.4.14"/>
        <!-- Procedure activity template -->
        <id root="34713e74-4aad-0f71-7fde-a0b69942a0bb"/>
        <code  code="386516004" codeSystem="2.16.840.1.113883.6.96" displayName="Anticipatory guidance (procedure)">
          <originalText><reference value="#procedures-desc-8"/></originalText>
        </code>
        <text>
          <reference value="#procedures-desc-8"/>
        </text>
        <statusCode code="completed"/>
        <effectiveTime value="20240819050847"/>
      </procedure>
    </entry>
  </section>
</component>
<component>
  <!--Encounters-->
  <section>
    <templateId root="2.16.840.1.113883.10.20.22.2.22" extension="2015-08-01"/> <!-- CCDA Template id -->
    <!--Encounters section template-->
    <code code="46240-8" codeSystem="2.16.840.1.113883.6.1" codeSystemName="LOINC" displayName="History of encounters"/>
    <title>Encounters</title>
<text>
  <table border="1" width="100%">
    <thead>
      <tr>
        <th>Start</th>
        <th>Stop</th>
        <th>Description</th>
        <th>Code</th>
      </tr>
    </thead>
    <tbody>
        <tr>
          <td>2007-07-02T03:41:25+05:30</td>
          <td>2007-07-02T03:56:25+05:30</td>
          <td ID="encounters-desc-1">Well child visit (procedure)</td>
          <td ID="encounters-code-1">http://snomed.info/sct 410620009</td>
        </tr>
        <tr>
          <td>2007-10-08T03:41:25+05:30</td>
          <td>2007-10-08T03:56:25+05:30</td>
          <td ID="encounters-desc-2">Well child visit (procedure)</td>
          <td ID="encounters-code-2">http://snomed.info/sct 410620009</td>
        </tr>
        <tr>
          <td>2009-06-08T03:41:25+05:30</td>
          <td>2009-06-08T03:56:25+05:30</td>
          <td ID="encounters-desc-3">Well child visit (procedure)</td>
          <td ID="encounters-code-3">http://snomed.info/sct 410620009</td>
        </tr>
        <tr>
          <td>2011-06-06T03:41:25+05:30</td>
          <td>2011-06-06T03:56:25+05:30</td>
          <td ID="encounters-desc-4">Well child visit (procedure)</td>
          <td ID="encounters-code-4">http://snomed.info/sct 410620009</td>
        </tr>
        <tr>
          <td>2012-06-11T03:41:25+05:30</td>
          <td>2012-06-11T03:56:25+05:30</td>
          <td ID="encounters-desc-5">Well child visit (procedure)</td>
          <td ID="encounters-code-5">http://snomed.info/sct 410620009</td>
        </tr>
        <tr>
          <td>2014-06-23T03:41:25+05:30</td>
          <td>2014-06-23T03:56:25+05:30</td>
          <td ID="encounters-desc-6">Well child visit (procedure)</td>
          <td ID="encounters-code-6">http://snomed.info/sct 410620009</td>
        </tr>
        <tr>
          <td>2018-07-16T03:41:25+05:30</td>
          <td>2018-07-16T03:56:25+05:30</td>
          <td ID="encounters-desc-7">Well child visit (procedure)</td>
          <td ID="encounters-code-7">http://snomed.info/sct 410620009</td>
        </tr>
        <tr>
          <td>2019-07-22T03:41:25+05:30</td>
          <td>2019-07-22T04:02:16+05:30</td>
          <td ID="encounters-desc-8">Well child visit (procedure)</td>
          <td ID="encounters-code-8">http://snomed.info/sct 410620009</td>
        </tr>
        <tr>
          <td>2023-02-10T23:41:25+05:30</td>
          <td>2023-02-10T23:56:25+05:30</td>
          <td ID="encounters-desc-9">Encounter for symptom</td>
          <td ID="encounters-code-9">http://snomed.info/sct 185345009</td>
        </tr>
        <tr>
          <td>2023-08-14T03:41:25+05:30</td>
          <td>2023-08-14T03:56:25+05:30</td>
          <td ID="encounters-desc-10">Well child visit (procedure)</td>
          <td ID="encounters-code-10">http://snomed.info/sct 410620009</td>
        </tr>
        <tr>
          <td>2024-08-19T03:41:25+05:30</td>
          <td>2024-08-19T03:56:25+05:30</td>
          <td ID="encounters-desc-11">Well child visit (procedure)</td>
          <td ID="encounters-code-11">http://snomed.info/sct 410620009</td>
        </tr>
    </tbody>
  </table>
</text>
    <entry typeCode="DRIV">
      <encounter classCode="ENC" moodCode="EVN">
		    <templateId root="2.16.840.1.113883.10.20.22.4.49"/>
        <!-- Encounter activity template -->
        <id root="41b53738-b254-a783-79b5-44fcbe863b8c"/>
        <code  code="410620009" codeSystem="2.16.840.1.113883.6.96" displayName="Well child visit (procedure)">
          <originalText><reference value="#encounters-desc-1"/></originalText>
        </code>
        <text>
          <reference value="#encounters-desc-1"/>
        </text>
        <effectiveTime>
          <low value="20070702034125"/>
          <high value="20070702035625"/>
        </effectiveTime>
      </encounter>
    </entry>
    <entry typeCode="DRIV">
      <encounter classCode="ENC" moodCode="EVN">
		    <templateId root="2.16.840.1.113883.10.20.22.4.49"/>
        <!-- Encounter activity template -->
        <id root="3c91b4c4-f806-a613-0f43-6ecc7fcbfe2b"/>
        <code  code="410620009" codeSystem="2.16.840.1.113883.6.96" displayName="Well child visit (procedure)">
          <originalText><reference value="#encounters-desc-2"/></originalText>
        </code>
        <text>
          <reference value="#encounters-desc-2"/>
        </text>
        <effectiveTime>
          <low value="20071008034125"/>
          <high value="20071008035625"/>
        </effectiveTime>
      </encounter>
    </entry>
    <entry typeCode="DRIV">
      <encounter classCode="ENC" moodCode="EVN">
		    <templateId root="2.16.840.1.113883.10.20.22.4.49"/>
        <!-- Encounter activity template -->
        <id root="b7bcad1c-0875-2a8a-7888-efb3bb5563ec"/>
        <code  code="410620009" codeSystem="2.16.840.1.113883.6.96" displayName="Well child visit (procedure)">
          <originalText><reference value="#encounters-desc-3"/></originalText>
        </code>
        <text>
          <reference value="#encounters-desc-3"/>
        </text>
        <effectiveTime>
          <low value="20090608034125"/>
          <high value="20090608035625"/>
        </effectiveTime>
      </encounter>
    </entry>
    <entry typeCode="DRIV">
      <encounter classCode="ENC" moodCode="EVN">
		    <templateId root="2.16.840.1.113883.10.20.22.4.49"/>
        <!-- Encounter activity template -->
        <id root="f4e18aa2-692a-dce4-6ee4-c4eb1205ce65"/>
        <code  code="410620009" codeSystem="2.16.840.1.113883.6.96" displayName="Well child visit (procedure)">
          <originalText><reference value="#encounters-desc-4"/></originalText>
        </code>
        <text>
          <reference value="#encounters-desc-4"/>
        </text>
        <effectiveTime>
          <low value="20110606034125"/>
          <high value="20110606035625"/>
        </effectiveTime>
      </encounter>
    </entry>
    <entry typeCode="DRIV">
      <encounter classCode="ENC" moodCode="EVN">
		    <templateId root="2.16.840.1.113883.10.20.22.4.49"/>
        <!-- Encounter activity template -->
        <id root="a972bcb8-063a-5b3a-44e2-5238e4b008fc"/>
        <code  code="410620009" codeSystem="2.16.840.1.113883.6.96" displayName="Well child visit (procedure)">
          <originalText><reference value="#encounters-desc-5"/></originalText>
        </code>
        <text>
          <reference value="#encounters-desc-5"/>
        </text>
        <effectiveTime>
          <low value="20120611034125"/>
          <high value="20120611035625"/>
        </effectiveTime>
      </encounter>
    </entry>
    <entry typeCode="DRIV">
      <encounter classCode="ENC" moodCode="EVN">
		    <templateId root="2.16.840.1.113883.10.20.22.4.49"/>
        <!-- Encounter activity template -->
        <id root="70d43cd9-7420-464a-ca98-f57c6b28db3a"/>
        <code  code="410620009" codeSystem="2.16.840.1.113883.6.96" displayName="Well child visit (procedure)">
          <originalText><reference value="#encounters-desc-6"/></originalText>
        </code>
        <text>
          <reference value="#encounters-desc-6"/>
        </text>
        <effectiveTime>
          <low value="20140623034125"/>
          <high value="20140623035625"/>
        </effectiveTime>
      </encounter>
    </entry>
    <entry typeCode="DRIV">
      <encounter classCode="ENC" moodCode="EVN">
		    <templateId root="2.16.840.1.113883.10.20.22.4.49"/>
        <!-- Encounter activity template -->
        <id root="e1da87f5-b2c9-900c-b617-e1aa4d5f24e6"/>
        <code  code="410620009" codeSystem="2.16.840.1.113883.6.96" displayName="Well child visit (procedure)">
          <originalText><reference value="#encounters-desc-7"/></originalText>
        </code>
        <text>
          <reference value="#encounters-desc-7"/>
        </text>
        <effectiveTime>
          <low value="20180716034125"/>
          <high value="20180716035625"/>
        </effectiveTime>
      </encounter>
    </entry>
    <entry typeCode="DRIV">
      <encounter classCode="ENC" moodCode="EVN">
		    <templateId root="2.16.840.1.113883.10.20.22.4.49"/>
        <!-- Encounter activity template -->
        <id root="78d8406d-ab06-6c60-58c4-5041a3df74bb"/>
        <code  code="410620009" codeSystem="2.16.840.1.113883.6.96" displayName="Well child visit (procedure)">
          <originalText><reference value="#encounters-desc-8"/></originalText>
        </code>
        <text>
          <reference value="#encounters-desc-8"/>
        </text>
        <effectiveTime>
          <low value="20190722034125"/>
          <high value="20190722040216"/>
        </effectiveTime>
      </encounter>
    </entry>
    <entry typeCode="DRIV">
      <encounter classCode="ENC" moodCode="EVN">
		    <templateId root="2.16.840.1.113883.10.20.22.4.49"/>
        <!-- Encounter activity template -->
        <id root="c6a849c5-6b45-ac9c-5361-7c7af03ebc87"/>
        <code  code="185345009" codeSystem="2.16.840.1.113883.6.96" displayName="Encounter for symptom">
          <originalText><reference value="#encounters-desc-9"/></originalText>
        </code>
        <text>
          <reference value="#encounters-desc-9"/>
        </text>
        <effectiveTime>
          <low value="20230210234125"/>
          <high value="20230210235625"/>
        </effectiveTime>
      </encounter>
    </entry>
    <entry typeCode="DRIV">
      <encounter classCode="ENC" moodCode="EVN">
		    <templateId root="2.16.840.1.113883.10.20.22.4.49"/>
        <!-- Encounter activity template -->
        <id root="b4db8211-506c-f4f0-0339-7f30944f2639"/>
        <code  code="410620009" codeSystem="2.16.840.1.113883.6.96" displayName="Well child visit (procedure)">
          <originalText><reference value="#encounters-desc-10"/></originalText>
        </code>
        <text>
          <reference value="#encounters-desc-10"/>
        </text>
        <effectiveTime>
          <low value="20230814034125"/>
          <high value="20230814035625"/>
        </effectiveTime>
      </encounter>
    </entry>
    <entry typeCode="DRIV">
      <encounter classCode="ENC" moodCode="EVN">
		    <templateId root="2.16.840.1.113883.10.20.22.4.49"/>
        <!-- Encounter activity template -->
        <id root="6a8789ce-301b-d24c-102e-0b3d2daf08db"/>
        <code  code="410620009" codeSystem="2.16.840.1.113883.6.96" displayName="Well child visit (procedure)">
          <originalText><reference value="#encounters-desc-11"/></originalText>
        </code>
        <text>
          <reference value="#encounters-desc-11"/>
        </text>
        <effectiveTime>
          <low value="20240819034125"/>
          <high value="20240819035625"/>
        </effectiveTime>
      </encounter>
    </entry>
  </section>
</component>
<component>
  <!--Vital Signs-->
  <section>
    <templateId root="2.16.840.1.113883.10.20.22.2.4.1" extension="2015-08-01"/>
    <!--Vital Signs section template-->
    <code code="8716-3" codeSystem="2.16.840.1.113883.6.1" codeSystemName="LOINC" displayName="Vital signs"/>
    <title>Vital Signs</title>
<text>
  <table border="1" width="100%">
    <thead>
      <tr>
        <th>Start</th>
        <th>Stop</th>
        <th>Description</th>
        <th>Code</th>
        <th>Value</th>
      </tr>
    </thead>
    <tbody>
        <tr>
          <td>2023-08-14T03:41:25+05:30</td>
          <td></td>
          <td ID="observations-desc-1">Body Height</td>
          <td ID="observations-code-1">http://loinc.org 8302-2</td>
          <td>142.7 cm</td>
        </tr>
        <tr>
          <td>2023-08-14T03:41:25+05:30</td>
          <td></td>
          <td ID="observations-desc-2">Pain severity - 0-10 verbal numeric rating [Score] - Reported</td>
          <td ID="observations-code-2">http://loinc.org 72514-3</td>
          <td>2 {score}</td>
        </tr>
        <tr>
          <td>2023-08-14T03:41:25+05:30</td>
          <td></td>
          <td ID="observations-desc-3">Body Weight</td>
          <td ID="observations-code-3">http://loinc.org 29463-7</td>
          <td>35.4 kg</td>
        </tr>
        <tr>
          <td>2023-08-14T03:41:25+05:30</td>
          <td></td>
          <td ID="observations-desc-4">Body mass index (BMI) [Ratio]</td>
          <td ID="observations-code-4">http://loinc.org 39156-5</td>
          <td>17.38 kg/m2</td>
        </tr>
        <tr>
          <td>2023-08-14T03:41:25+05:30</td>
          <td></td>
          <td ID="observations-desc-5">Body mass index (BMI) [Percentile] Per age and sex</td>
          <td ID="observations-code-5">http://loinc.org 59576-9</td>
          <td>9.258239354195885 %</td>
        </tr>
        <tr>
          <td>2023-08-14T03:41:25+05:30</td>
          <td></td>
          <td ID="observations-desc-6">Heart rate</td>
          <td ID="observations-code-6">http://loinc.org 8867-4</td>
          <td>64 /min</td>
        </tr>
        <tr>
          <td>2023-08-14T03:41:25+05:30</td>
          <td></td>
          <td ID="observations-desc-7">Respiratory rate</td>
          <td ID="observations-code-7">http://loinc.org 9279-1</td>
          <td>14 /min</td>
        </tr>
        <tr>
          <td>2024-08-19T03:41:25+05:30</td>
          <td></td>
          <td ID="observations-desc-8">Body Height</td>
          <td ID="observations-code-8">http://loinc.org 8302-2</td>
          <td>142.9 cm</td>
        </tr>
        <tr>
          <td>2024-08-19T03:41:25+05:30</td>
          <td></td>
          <td ID="observations-desc-9">Pain severity - 0-10 verbal numeric rating [Score] - Reported</td>
          <td ID="observations-code-9">http://loinc.org 72514-3</td>
          <td>2 {score}</td>
        </tr>
        <tr>
          <td>2024-08-19T03:41:25+05:30</td>
          <td></td>
          <td ID="observations-desc-10">Body Weight</td>
          <td ID="observations-code-10">http://loinc.org 29463-7</td>
          <td>35.4 kg</td>
        </tr>
        <tr>
          <td>2024-08-19T03:41:25+05:30</td>
          <td></td>
          <td ID="observations-desc-11">Body mass index (BMI) [Ratio]</td>
          <td ID="observations-code-11">http://loinc.org 39156-5</td>
          <td>17.35 kg/m2</td>
        </tr>
        <tr>
          <td>2024-08-19T03:41:25+05:30</td>
          <td></td>
          <td ID="observations-desc-12">Body mass index (BMI) [Percentile] Per age and sex</td>
          <td ID="observations-code-12">http://loinc.org 59576-9</td>
          <td>5.656276390226261 %</td>
        </tr>
        <tr>
          <td>2024-08-19T03:41:25+05:30</td>
          <td></td>
          <td ID="observations-desc-13">Heart rate</td>
          <td ID="observations-code-13">http://loinc.org 8867-4</td>
          <td>95 /min</td>
        </tr>
        <tr>
          <td>2024-08-19T03:41:25+05:30</td>
          <td></td>
          <td ID="observations-desc-14">Respiratory rate</td>
          <td ID="observations-code-14">http://loinc.org 9279-1</td>
          <td>15 /min</td>
        </tr>
    </tbody>
  </table>
</text>
    <entry typeCode="DRIV">
      <organizer classCode="CLUSTER" moodCode="EVN">
        <templateId root="2.16.840.1.113883.10.20.22.4.26"/>
        <templateId root="2.16.840.1.113883.10.20.22.4.26" extension="2015-08-01"/>
        <!-- Vital signs organizer template -->
        <id root="e6ad9317-8017-e6db-b07a-502dc4bf5c8c"/>
        <code code="46680005" codeSystem="2.16.840.1.113883.6.96" displayName="Vital signs" codeSystemName="SNOMED CT">
          <translation code="74728-7" displayName="Vital signs, weight, height, head circumference, oximetry, BMI, and BSA panel" codeSystem="2.16.840.1.113883.6.1" codeSystemName="LOINC" />
        </code>
        <statusCode code="completed"/>
        <effectiveTime value="20250609034125"/>
        <component>
          <observation classCode="OBS" moodCode="EVN">
            <templateId root="2.16.840.1.113883.10.20.22.4.27"/>
            <templateId root="2.16.840.1.113883.10.20.22.4.27" extension="2014-06-09"/>
            <!-- Result observation template -->
            <id root="6fed38f6-3011-3899-df50-ea111b02ad5e"/>
        <code  code="8302-2" codeSystem="2.16.840.1.113883.6.1" displayName="Body Height">
          <originalText><reference value="#observations-desc-1"/></originalText>
        </code>
            <text>
              <reference value="#observations-desc-1"/>
            </text>
            <statusCode code="completed"/>
            <effectiveTime value="20230814034125"/>
            <value xsi:type="PQ" value="142.7" unit="cm"/>
          </observation>
        </component>
        <component>
          <observation classCode="OBS" moodCode="EVN">
            <templateId root="2.16.840.1.113883.10.20.22.4.27"/>
            <templateId root="2.16.840.1.113883.10.20.22.4.27" extension="2014-06-09"/>
            <!-- Result observation template -->
            <id root="5a44b2c1-f24f-2ee2-4562-5958561e8714"/>
        <code  code="72514-3" codeSystem="2.16.840.1.113883.6.1" displayName="Pain severity - 0-10 verbal numeric rating [Score] - Reported">
          <originalText><reference value="#observations-desc-2"/></originalText>
        </code>
            <text>
              <reference value="#observations-desc-2"/>
            </text>
            <statusCode code="completed"/>
            <effectiveTime value="20230814034125"/>
            <value xsi:type="PQ" value="2" unit="{score}"/>
          </observation>
        </component>
        <component>
          <observation classCode="OBS" moodCode="EVN">
            <templateId root="2.16.840.1.113883.10.20.22.4.27"/>
            <templateId root="2.16.840.1.113883.10.20.22.4.27" extension="2014-06-09"/>
            <!-- Result observation template -->
            <id root="232b4049-72d9-7d36-a729-4e66002f3c50"/>
        <code  code="29463-7" codeSystem="2.16.840.1.113883.6.1" displayName="Body Weight">
          <originalText><reference value="#observations-desc-3"/></originalText>
        </code>
            <text>
              <reference value="#observations-desc-3"/>
            </text>
            <statusCode code="completed"/>
            <effectiveTime value="20230814034125"/>
            <value xsi:type="PQ" value="35.4" unit="kg"/>
          </observation>
        </component>
        <component>
          <observation classCode="OBS" moodCode="EVN">
            <templateId root="2.16.840.1.113883.10.20.22.4.27"/>
            <templateId root="2.16.840.1.113883.10.20.22.4.27" extension="2014-06-09"/>
            <!-- Result observation template -->
            <id root="18ef04b5-eb37-9e68-27f3-c1363411b50e"/>
        <code  code="39156-5" codeSystem="2.16.840.1.113883.6.1" displayName="Body mass index (BMI) [Ratio]">
          <originalText><reference value="#observations-desc-4"/></originalText>
        </code>
            <text>
              <reference value="#observations-desc-4"/>
            </text>
            <statusCode code="completed"/>
            <effectiveTime value="20230814034125"/>
            <value xsi:type="PQ" value="17.38" unit="kg/m2"/>
          </observation>
        </component>
        <component>
          <observation classCode="OBS" moodCode="EVN">
            <templateId root="2.16.840.1.113883.10.20.22.4.27"/>
            <templateId root="2.16.840.1.113883.10.20.22.4.27" extension="2014-06-09"/>
            <!-- Result observation template -->
            <id root="8a12a0e4-cedb-53b7-f1d5-ba695d9c2f82"/>
        <code  code="59576-9" codeSystem="2.16.840.1.113883.6.1" displayName="Body mass index (BMI) [Percentile] Per age and sex">
          <originalText><reference value="#observations-desc-5"/></originalText>
        </code>
            <text>
              <reference value="#observations-desc-5"/>
            </text>
            <statusCode code="completed"/>
            <effectiveTime value="20230814034125"/>
            <value xsi:type="PQ" value="9.258239354195885" unit="%"/>
          </observation>
        </component>
        <component>
          <observation classCode="OBS" moodCode="EVN">
            <templateId root="2.16.840.1.113883.10.20.22.4.27"/>
            <templateId root="2.16.840.1.113883.10.20.22.4.27" extension="2014-06-09"/>
            <!-- Result observation template -->
            <id root="005e8107-965c-1f1a-1b64-6fc7f760734c"/>
        <code  code="8867-4" codeSystem="2.16.840.1.113883.6.1" displayName="Heart rate">
          <originalText><reference value="#observations-desc-6"/></originalText>
        </code>
            <text>
              <reference value="#observations-desc-6"/>
            </text>
            <statusCode code="completed"/>
            <effectiveTime value="20230814034125"/>
            <value xsi:type="PQ" value="64" unit="/min"/>
          </observation>
        </component>
        <component>
          <observation classCode="OBS" moodCode="EVN">
            <templateId root="2.16.840.1.113883.10.20.22.4.27"/>
            <templateId root="2.16.840.1.113883.10.20.22.4.27" extension="2014-06-09"/>
            <!-- Result observation template -->
            <id root="89ff0368-e816-cbc9-e86a-136cb2ddc8f1"/>
        <code  code="9279-1" codeSystem="2.16.840.1.113883.6.1" displayName="Respiratory rate">
          <originalText><reference value="#observations-desc-7"/></originalText>
        </code>
            <text>
              <reference value="#observations-desc-7"/>
            </text>
            <statusCode code="completed"/>
            <effectiveTime value="20230814034125"/>
            <value xsi:type="PQ" value="14" unit="/min"/>
          </observation>
        </component>
        <component>
          <observation classCode="OBS" moodCode="EVN">
            <templateId root="2.16.840.1.113883.10.20.22.4.27"/>
            <templateId root="2.16.840.1.113883.10.20.22.4.27" extension="2014-06-09"/>
            <!-- Result observation template -->
            <id root="73d9d29b-c6c9-5b87-6b58-66c8b55bea0b"/>
        <code  code="8302-2" codeSystem="2.16.840.1.113883.6.1" displayName="Body Height">
          <originalText><reference value="#observations-desc-8"/></originalText>
        </code>
            <text>
              <reference value="#observations-desc-8"/>
            </text>
            <statusCode code="completed"/>
            <effectiveTime value="20240819034125"/>
            <value xsi:type="PQ" value="142.9" unit="cm"/>
          </observation>
        </component>
        <component>
          <observation classCode="OBS" moodCode="EVN">
            <templateId root="2.16.840.1.113883.10.20.22.4.27"/>
            <templateId root="2.16.840.1.113883.10.20.22.4.27" extension="2014-06-09"/>
            <!-- Result observation template -->
            <id root="9a0f1c6c-f3aa-9d6f-1e05-56fa76063999"/>
        <code  code="72514-3" codeSystem="2.16.840.1.113883.6.1" displayName="Pain severity - 0-10 verbal numeric rating [Score] - Reported">
          <originalText><reference value="#observations-desc-9"/></originalText>
        </code>
            <text>
              <reference value="#observations-desc-9"/>
            </text>
            <statusCode code="completed"/>
            <effectiveTime value="20240819034125"/>
            <value xsi:type="PQ" value="2" unit="{score}"/>
          </observation>
        </component>
        <component>
          <observation classCode="OBS" moodCode="EVN">
            <templateId root="2.16.840.1.113883.10.20.22.4.27"/>
            <templateId root="2.16.840.1.113883.10.20.22.4.27" extension="2014-06-09"/>
            <!-- Result observation template -->
            <id root="234dedd6-dc80-4a96-75f0-9826f500d7b8"/>
        <code  code="29463-7" codeSystem="2.16.840.1.113883.6.1" displayName="Body Weight">
          <originalText><reference value="#observations-desc-10"/></originalText>
        </code>
            <text>
              <reference value="#observations-desc-10"/>
            </text>
            <statusCode code="completed"/>
            <effectiveTime value="20240819034125"/>
            <value xsi:type="PQ" value="35.4" unit="kg"/>
          </observation>
        </component>
        <component>
          <observation classCode="OBS" moodCode="EVN">
            <templateId root="2.16.840.1.113883.10.20.22.4.27"/>
            <templateId root="2.16.840.1.113883.10.20.22.4.27" extension="2014-06-09"/>
            <!-- Result observation template -->
            <id root="6d7bb64d-1c8e-52a9-5077-388a4513b2e1"/>
        <code  code="39156-5" codeSystem="2.16.840.1.113883.6.1" displayName="Body mass index (BMI) [Ratio]">
          <originalText><reference value="#observations-desc-11"/></originalText>
        </code>
            <text>
              <reference value="#observations-desc-11"/>
            </text>
            <statusCode code="completed"/>
            <effectiveTime value="20240819034125"/>
            <value xsi:type="PQ" value="17.35" unit="kg/m2"/>
          </observation>
        </component>
        <component>
          <observation classCode="OBS" moodCode="EVN">
            <templateId root="2.16.840.1.113883.10.20.22.4.27"/>
            <templateId root="2.16.840.1.113883.10.20.22.4.27" extension="2014-06-09"/>
            <!-- Result observation template -->
            <id root="48230a93-b720-4bed-adc1-69e682419717"/>
        <code  code="59576-9" codeSystem="2.16.840.1.113883.6.1" displayName="Body mass index (BMI) [Percentile] Per age and sex">
          <originalText><reference value="#observations-desc-12"/></originalText>
        </code>
            <text>
              <reference value="#observations-desc-12"/>
            </text>
            <statusCode code="completed"/>
            <effectiveTime value="20240819034125"/>
            <value xsi:type="PQ" value="5.656276390226261" unit="%"/>
          </observation>
        </component>
        <component>
          <observation classCode="OBS" moodCode="EVN">
            <templateId root="2.16.840.1.113883.10.20.22.4.27"/>
            <templateId root="2.16.840.1.113883.10.20.22.4.27" extension="2014-06-09"/>
            <!-- Result observation template -->
            <id root="2786c790-8606-414d-2768-44b83f8b3d96"/>
        <code  code="8867-4" codeSystem="2.16.840.1.113883.6.1" displayName="Heart rate">
          <originalText><reference value="#observations-desc-13"/></originalText>
        </code>
            <text>
              <reference value="#observations-desc-13"/>
            </text>
            <statusCode code="completed"/>
            <effectiveTime value="20240819034125"/>
            <value xsi:type="PQ" value="95" unit="/min"/>
          </observation>
        </component>
        <component>
          <observation classCode="OBS" moodCode="EVN">
            <templateId root="2.16.840.1.113883.10.20.22.4.27"/>
            <templateId root="2.16.840.1.113883.10.20.22.4.27" extension="2014-06-09"/>
            <!-- Result observation template -->
            <id root="71e29dd6-8c78-d380-0fdd-b4d8f286a020"/>
        <code  code="9279-1" codeSystem="2.16.840.1.113883.6.1" displayName="Respiratory rate">
          <originalText><reference value="#observations-desc-14"/></originalText>
        </code>
            <text>
              <reference value="#observations-desc-14"/>
            </text>
            <statusCode code="completed"/>
            <effectiveTime value="20240819034125"/>
            <value xsi:type="PQ" value="15" unit="/min"/>
          </observation>
        </component>
      </organizer>
    </entry>
  </section>
</component>
<component>
  <!--Immunizations-->
  <section>
    <templateId root="2.16.840.1.113883.10.20.22.2.2" extension="2015-08-01"/>
    <!--Immunizations section template-->
    <code code="11369-6" codeSystem="2.16.840.1.113883.6.1" codeSystemName="LOINC" displayName="History of immunizations"/>
    <title>Immunizations</title>
<text>
  <table border="1" width="100%">
    <thead>
      <tr>
        <th>Start</th>
        <th>Stop</th>
        <th>Description</th>
        <th>Code</th>
      </tr>
    </thead>
    <tbody>
        <tr>
          <td>2023-08-14T03:41:25+05:30</td>
          <td></td>
          <td ID="immunizations-desc-1">meningococcal MCV4P</td>
          <td ID="immunizations-code-1">http://hl7.org/fhir/sid/cvx 114</td>
        </tr>
        <tr>
          <td>2024-08-19T03:41:25+05:30</td>
          <td></td>
          <td ID="immunizations-desc-2">Influenza, seasonal, injectable, preservative free</td>
          <td ID="immunizations-code-2">http://hl7.org/fhir/sid/cvx 140</td>
        </tr>
    </tbody>
  </table>
</text>
    <entry typeCode="DRIV">
      <substanceAdministration classCode="SBADM" moodCode="EVN" negationInd="false">
        <templateId root="2.16.840.1.113883.10.20.22.4.52"/>
        <!-- Medication activity template -->
        <id root="645fc01e-5da6-771e-1e91-ae412b49228d"/>
        <code code='IMMUNIZ' codeSystem='2.16.840.1.113883.5.4' codeSystemName='ActCode'/>
        <text>
          <reference value="#immunizations-desc-1"/>
        </text>
        <statusCode code="completed"/>
        <effectiveTime value="20230814034125"/>
        <doseQuantity nullFlavor="UNK"/>
        <consumable>
          <manufacturedProduct classCode="MANU">
            <templateId root="2.16.840.1.113883.10.20.22.4.54"/>
            <!-- Product template -->
            <manufacturedMaterial>
        <code  code="114" codeSystem="2.16.840.1.113883.12.292" displayName="meningococcal MCV4P">
          <originalText><reference value="#immunizations-desc-1"/></originalText>
        </code>
              <name>meningococcal MCV4P</name>
            </manufacturedMaterial>
          </manufacturedProduct>
        </consumable>
      </substanceAdministration>
    </entry>
    <entry typeCode="DRIV">
      <substanceAdministration classCode="SBADM" moodCode="EVN" negationInd="false">
        <templateId root="2.16.840.1.113883.10.20.22.4.52"/>
        <!-- Medication activity template -->
        <id root="3bc11c95-09f2-ddc4-daac-2b8a118dc753"/>
        <code code='IMMUNIZ' codeSystem='2.16.840.1.113883.5.4' codeSystemName='ActCode'/>
        <text>
          <reference value="#immunizations-desc-2"/>
        </text>
        <statusCode code="completed"/>
        <effectiveTime value="20240819034125"/>
        <doseQuantity nullFlavor="UNK"/>
        <consumable>
          <manufacturedProduct classCode="MANU">
            <templateId root="2.16.840.1.113883.10.20.22.4.54"/>
            <!-- Product template -->
            <manufacturedMaterial>
        <code  code="140" codeSystem="2.16.840.1.113883.12.292" displayName="Influenza, seasonal, injectable, preservative free">
          <originalText><reference value="#immunizations-desc-2"/></originalText>
        </code>
              <name>Influenza, seasonal, injectable, preservative free</name>
            </manufacturedMaterial>
          </manufacturedProduct>
        </consumable>
      </substanceAdministration>
    </entry>
  </section>
</component>
<component>
  <!--Plan of Care-->
  <section>
    <templateId root="2.16.840.1.113883.10.20.22.2.10"/>
    <templateId root="2.16.840.1.113883.10.20.22.2.10" extension="2014-06-09"/>
    <!--Plan of Care section template-->
    <code code="18776-5" codeSystem="2.16.840.1.113883.6.1" codeSystemName="LOINC" displayName="Treatment plan"/>
    <title>Plan of Care</title>
<text>
  <table border="1" width="100%">
    <thead>
      <tr>
        <th>Start</th>
        <th>Stop</th>
        <th>Description</th>
        <th>Code</th>
      </tr>
    </thead>
    <tbody>
        <tr>
          <td>2023-02-10T23:44:36+05:30</td>
          <td>2023-08-14T03:41:25+05:30</td>
          <td ID="careplans-desc-1">Respiratory therapy</td>
          <td ID="careplans-code-1">http://snomed.info/sct 53950000</td>
        </tr>
    </tbody>
  </table>
</text>
  </section>
</component>
<component>
  <!--Social History - CCDA-->
  <section>
    <templateId root="2.16.840.1.113883.10.20.22.2.17" extension="2015-08-01"/>
    <templateId root="2.16.840.1.113883.10.20.22.2.17"/>
    <!-- Social history section template -->
    <code code="29762-2" codeSystem="2.16.840.1.113883.6.1"/>
    <title>Social History</title>
    <text>There is no current social history except smoking status.</text>
    <entry typeCode="DRIV">
      <observation classCode="OBS" moodCode="EVN">
        <templateId root="2.16.840.1.113883.10.20.22.4.78"/>
        <templateId root="2.16.840.1.113883.10.20.22.4.78" extension="2014-06-09"/>
        <!-- Smoking Status Meaningful Use template -->
        <id root="13043e29-5ae8-77a5-f379-35e6ee86f314"/>
        <code code="72166-2" codeSystem="2.16.840.1.113883.6.1" displayName="Tobacco smoking status NHIS" />
        <statusCode code="completed"/>
        <effectiveTime value="20240819034125"/>
        <value xsi:type="CD" code="449868002" displayName="Smokes tobacco daily (finding)" codeSystem="2.16.840.1.113883.6.96"/>
          <author>
            <time value="20250609034125"/>
            <assignedAuthor>
              <id nullFlavor="NA"/>
              <addr nullFlavor="NA" />
              <telecom nullFlavor="NA" />
              <assignedAuthoringDevice>
                <manufacturerModelName>https://github.com/synthetichealth/synthea</manufacturerModelName>
                <softwareName>https://github.com/synthetichealth/synthea</softwareName>
              </assignedAuthoringDevice>
              <representedOrganization>
                <id nullFlavor="NA"/>
                <name>ACCESS PRIMARY CARE INC</name>
                <telecom nullFlavor="NA"/>
                <addr>
                  <streetAddressLine>242 SUTTON ST</streetAddressLine>
                  <city>NORTH ANDOVER</city>
                  <state>MA</state>
                  <postalCode>018451631</postalCode>
                </addr>
              </representedOrganization>
            </assignedAuthor>
          </author>
      </observation>
    </entry>
  </section>
</component><component>
<!--Survey Responses in Functional Status-->
    <section>
        <templateId root="2.16.840.1.113883.10.20.22.2.14" extension="2014-06-09" />
        <templateId root="2.16.840.1.113883.10.20.22.2.14" />
        <!-- Functional Status Section template V2-->
        <code code="47420-5" codeSystem="2.16.840.1.113883.6.1" codeSystemName="LOINC" displayName="Functional Status" />
        <title>Functional Status</title>
<text>
  <table border="1" width="100%">
    <thead>
      <tr>
        <th>Start</th>
        <th>Stop</th>
        <th>Description</th>
        <th>Code</th>
        <th>Value</th>
      </tr>
    </thead>
    <tbody>
        <tr>
          <td>2023-08-14T04:18:10+05:30</td>
          <td></td>
          <td ID="functional-status-desc-1">Patient Health Questionnaire-9: Modified for Teens total score [Reported.PHQ.Teen]</td>
          <td ID="functional-status-code-1">http://loinc.org 89204-2</td>
          <td>2 {score}</td>
        </tr>
        <tr>
          <td>2024-08-19T04:26:12+05:30</td>
          <td></td>
          <td ID="functional-status-desc-2">Patient Health Questionnaire-9: Modified for Teens total score [Reported.PHQ.Teen]</td>
          <td ID="functional-status-code-2">http://loinc.org 89204-2</td>
          <td>2 {score}</td>
        </tr>
    </tbody>
  </table>
</text>
        <entry>
         <observation classCode="OBS" moodCode="EVN">
             <templateId root="2.16.840.1.113883.10.20.22.4.69"/>
             <id root="e3addb31-02b8-f874-3052-670ae1280932"/>
        <code  code="89204-2" codeSystem="2.16.840.1.113883.6.1" displayName="Patient Health Questionnaire-9: Modified for Teens total score [Reported.PHQ.Teen]">
          <originalText><reference value="#functional-status-desc-1"/></originalText>
        </code>
             <text>
               <reference value="#functional-status-desc-1"/>
             </text>
             <statusCode code="completed"/>
             <effectiveTime value="20230814041810"/>
             <value xsi:type="INT" value="2"/>
         </observation>
        </entry>
        <entry>
         <observation classCode="OBS" moodCode="EVN">
             <templateId root="2.16.840.1.113883.10.20.22.4.69"/>
             <id root="065fadc8-9ffc-ad59-38f9-aa7bca53d2c4"/>
        <code  code="89204-2" codeSystem="2.16.840.1.113883.6.1" displayName="Patient Health Questionnaire-9: Modified for Teens total score [Reported.PHQ.Teen]">
          <originalText><reference value="#functional-status-desc-2"/></originalText>
        </code>
             <text>
               <reference value="#functional-status-desc-2"/>
             </text>
             <statusCode code="completed"/>
             <effectiveTime value="20240819042612"/>
             <value xsi:type="INT" value="2"/>
         </observation>
        </entry>
    </section>
</component>    </structuredBody>
  </component>
</ClinicalDocument>
