<?xml version="1.0" encoding="UTF-8"?>
<ClinicalDocument xmlns="urn:hl7-org:v3" xmlns:sdtc="urn:hl7-org:sdtc" xmlns:xsi="http://www.w3.org/2001/XMLSchema-instance" xsi:schemaLocation="urn:hl7-org:v3 http://xreg2.nist.gov:8080/hitspValidation/schema/cdar2c32/infrastructure/cda/C32_CDA.xsd">
  <realmCode code="US"/>
  <typeId root="2.16.840.1.113883.1.3" extension="POCD_HD000040"/>
  <templateId root="2.16.840.1.113883.10.20.22.1.1" extension="2015-08-01"/>
  <templateId root="2.16.840.1.113883.10.20.22.1.2" extension="2015-08-01"/>
  <id root="2.16.840.1.113883.19.5" extension="6fdabd6f-ad61-7e18-986a-79ea3e7cab51" assigningAuthorityName="https://github.com/synthetichealth/synthea"/>
  <code code="34133-9" displayName="Summarization of episode note" codeSystem="2.16.840.1.113883.6.1" codeSystemName="LOINC"/>
  <title>C-CDA R2.1 Patient Record: Reynaldo722 Spinka232</title>
  <effectiveTime value="20250605054958"/>
  <confidentialityCode code="N"/>
  <languageCode code="en-US"/>
  <recordTarget>
    <patientRole>
      <id root="2.16.840.1.113883.19.5" extension="6fdabd6f-ad61-7e18-986a-79ea3e7cab51" assigningAuthorityName="https://github.com/synthetichealth/synthea"/>
      <addr use="HP">
        <streetAddressLine>515 Walsh Throughway</streetAddressLine>
        <city>Billerica</city>
        <state>Massachusetts</state>
        <postalCode>00000</postalCode>
      </addr>
      <telecom nullFlavor="NI"/>
      <patient>
        <name>
          <given>Reynaldo722</given>
          <family>Spinka232</family>
        </name>
        <administrativeGenderCode code="M" codeSystem="2.16.840.1.113883.5.1" codeSystemName="HL7 AdministrativeGender"/>
        <birthTime value="19860925054958"/>
        <raceCode code="2106-3" displayName="white" codeSystemName="CDC Race and Ethnicity" codeSystem="2.16.840.1.113883.6.238"/>
        <ethnicGroupCode code="2186-5" displayName="non-hispanic" codeSystemName="CDC Race and Ethnicity" codeSystem="2.16.840.1.113883.6.238"/>
        <languageCommunication>
          <languageCode code="en-US"/>
        </languageCommunication>
      </patient>
    </patientRole>
  </recordTarget>
  <author>
    <time value="20250605054958"/>
    <assignedAuthor>
      <id nullFlavor="NA"/>
      <addr nullFlavor="NA" />
      <telecom nullFlavor="NA" />
      <assignedAuthoringDevice>
        <manufacturerModelName>https://github.com/synthetichealth/synthea</manufacturerModelName>
        <softwareName>https://github.com/synthetichealth/synthea</softwareName>
      </assignedAuthoringDevice>
      <representedOrganization>
        <id nullFlavor="NA"/>
        <name>GREATER LOWELL FAMILY PRACTICE PC</name>
        <telecom nullFlavor="NA"/>
        <addr>
          <streetAddressLine>600 CLARK RD</streetAddressLine>
          <city>TEWKSBURY</city>
          <state>MA</state>
          <postalCode>018761699</postalCode>
        </addr>
      </representedOrganization>
    </assignedAuthor>
  </author>
  <custodian>
    <assignedCustodian>
      <representedCustodianOrganization>
        <id nullFlavor="NA"/>
        <name>GREATER LOWELL FAMILY PRACTICE PC</name>
        <telecom nullFlavor="NA"/>
        <addr>
          <streetAddressLine>600 CLARK RD</streetAddressLine>
          <city>TEWKSBURY</city>
          <state>MA</state>
          <postalCode>018761699</postalCode>
        </addr>
      </representedCustodianOrganization>
    </assignedCustodian>
  </custodian>
  <documentationOf>
    <serviceEvent classCode="PCPR">
      <effectiveTime>
        <low value="19860925054958"/>
        <high value="20250605054958"/>
      </effectiveTime>
    </serviceEvent>
  </documentationOf>
  <component>
    <structuredBody>
<component>
  <!--Allergies/Reactions-->
  <section>
    <templateId root="2.16.840.1.113883.10.20.22.2.6.1" extension="2015-08-01"/>
    <!--Allergies/Reactions section template-->
    <code code="48765-2" codeSystem="2.16.840.1.113883.6.1" codeSystemName="LOINC" displayName="Allergies"/>
    <title>Allergies and Adverse Reactions</title>
<text>
  <table border="1" width="100%">
    <thead>
      <tr>
        <th>Start</th>
        <th>Stop</th>
        <th>Description</th>
        <th>Code</th>
      </tr>
    </thead>
    <tbody>
        <tr>
          <td>2015-10-13T18:49:58+05:30</td>
          <td></td>
          <td ID="allergies-desc-1">Allergy to substance (finding)</td>
          <td ID="allergies-code-1">http://snomed.info/sct 419199007</td>
        </tr>
    </tbody>
  </table>
</text>
    <entry typeCode="DRIV">
      <act classCode="ACT" moodCode="EVN">
        <templateId root="2.16.840.1.113883.10.20.22.4.30"/>
        <templateId root="2.16.840.1.113883.10.20.22.4.30" extension="2015-08-01"/>
        <!--Allergy act template -->
        <id root="c0416512-c6be-c0af-2edd-bed1c1f3d9ef"/>
        <code nullFlavor="NA"/>
        <statusCode code="active"/>
        <effectiveTime>
          <low value="20151013184958"/>
        </effectiveTime>
        <entryRelationship typeCode="SUBJ" inversionInd="false">
          <observation classCode="OBS" moodCode="EVN">
            <templateId root="2.16.840.1.113883.10.20.22.4.7"/>
            <templateId root="2.16.840.1.113883.10.20.22.4.7" extension="2014-06-09"/>
            <id root="df9b2e0b-2e97-e2a5-d939-055360d3fce7"/>
            <code code="ASSERTION" codeSystem="2.16.840.1.113883.5.4" />
            <text>
              <reference value="#allergies-desc-1"/>
            </text>
            <statusCode code="completed"/>
            <effectiveTime>
              <low value="20151013184958"/>
            </effectiveTime>
                    <value xsi:type="CD" code="419199007" displayName="Allergy to substance" codeSystem="2.16.840.1.113883.6.96" codeSystemName="SNOMED CT" />
            <participant typeCode="CSM">
              <participantRole classCode="MANU">
                <playingEntity classCode="MMAT">
        <code  code="419199007" codeSystem="2.16.840.1.113883.6.96" displayName="Allergy to substance (finding)">
          <originalText><reference value="#allergies-desc-1"/></originalText>
        </code>
                  <name>Allergy to substance (finding)</name>
                </playingEntity>
              </participantRole>
            </participant>
          </observation>
        </entryRelationship>
      </act>
    </entry>
  </section>
</component><component>
  <!--Medications-->
  <section>
	<templateId root="2.16.840.1.113883.10.20.22.2.1.1" extension="2014-06-09"/>
    <code code="10160-0" displayName="History of medication use" codeSystem="2.16.840.1.113883.6.1" codeSystemName="LOINC"/>
    <title>Medications</title>
<text>
  <table border="1" width="100%">
    <thead>
      <tr>
        <th>Start</th>
        <th>Stop</th>
        <th>Description</th>
        <th>Code</th>
      </tr>
    </thead>
    <tbody>
        <tr>
          <td>2015-09-24T20:49:58+05:30</td>
          <td></td>
          <td ID="medications-desc-1">Hydrocortisone 10 MG/ML Topical Cream</td>
          <td ID="medications-code-1">http://www.nlm.nih.gov/research/umls/rxnorm 106258</td>
        </tr>
        <tr>
          <td>2015-10-13T19:21:22+05:30</td>
          <td></td>
          <td ID="medications-desc-2">Loratadine 10 MG Oral Tablet</td>
          <td ID="medications-code-2">http://www.nlm.nih.gov/research/umls/rxnorm 311372</td>
        </tr>
        <tr>
          <td>2015-10-13T19:21:22+05:30</td>
          <td></td>
          <td ID="medications-desc-3">NDA020800 0.3 ML Epinephrine 1 MG/ML Auto-Injector</td>
          <td ID="medications-code-3">http://www.nlm.nih.gov/research/umls/rxnorm 1870230</td>
        </tr>
    </tbody>
  </table>
</text>
    <entry>
      <!--CCD Medication activity - Required-->
      <substanceAdministration classCode="SBADM" moodCode="EVN">
        <templateId root="2.16.840.1.113883.10.20.22.4.16"/>
        <templateId root="2.16.840.1.113883.10.20.22.4.16" extension="2014-06-09"/>
        <id root="24ceed72-4c63-ecef-abfb-05cf0030e6ff"/>
        <statusCode code="completed"/>
        <effectiveTime xsi:type="IVL_TS">
          <low value="20150924204958"/>
          <high nullFlavor="UNK"/>
        </effectiveTime>
        <doseQuantity value="1"/>
        <consumable>
          <!--CCD Product - Required-->
          <manufacturedProduct classCode="MANU">
            <templateId root="2.16.840.1.113883.10.20.22.4.23"/>
            <templateId root="2.16.840.1.113883.10.20.22.4.23" extension="2014-06-09"/>
            <manufacturedMaterial>
        <code  code="106258" codeSystem="2.16.840.1.113883.6.88" displayName="Hydrocortisone 10 MG/ML Topical Cream">
          <originalText><reference value="#medications-desc-1"/></originalText>
        </code>
              <name>Hydrocortisone 10 MG/ML Topical Cream</name>
            </manufacturedMaterial>
          </manufacturedProduct>
        </consumable>
      </substanceAdministration>
    </entry>
    <entry>
      <!--CCD Medication activity - Required-->
      <substanceAdministration classCode="SBADM" moodCode="EVN">
        <templateId root="2.16.840.1.113883.10.20.22.4.16"/>
        <templateId root="2.16.840.1.113883.10.20.22.4.16" extension="2014-06-09"/>
        <id root="b032feae-3c92-7167-e1b8-2e405cb7ddf5"/>
        <statusCode code="completed"/>
        <effectiveTime xsi:type="IVL_TS">
          <low value="20151013192122"/>
          <high nullFlavor="UNK"/>
        </effectiveTime>
        <doseQuantity value="1"/>
        <consumable>
          <!--CCD Product - Required-->
          <manufacturedProduct classCode="MANU">
            <templateId root="2.16.840.1.113883.10.20.22.4.23"/>
            <templateId root="2.16.840.1.113883.10.20.22.4.23" extension="2014-06-09"/>
            <manufacturedMaterial>
        <code  code="311372" codeSystem="2.16.840.1.113883.6.88" displayName="Loratadine 10 MG Oral Tablet">
          <originalText><reference value="#medications-desc-2"/></originalText>
        </code>
              <name>Loratadine 10 MG Oral Tablet</name>
            </manufacturedMaterial>
          </manufacturedProduct>
        </consumable>
      </substanceAdministration>
    </entry>
    <entry>
      <!--CCD Medication activity - Required-->
      <substanceAdministration classCode="SBADM" moodCode="EVN">
        <templateId root="2.16.840.1.113883.10.20.22.4.16"/>
        <templateId root="2.16.840.1.113883.10.20.22.4.16" extension="2014-06-09"/>
        <id root="37b4094c-7b58-292b-c1fb-11bef92f3a84"/>
        <statusCode code="completed"/>
        <effectiveTime xsi:type="IVL_TS">
          <low value="20151013192122"/>
          <high nullFlavor="UNK"/>
        </effectiveTime>
        <doseQuantity value="1"/>
        <consumable>
          <!--CCD Product - Required-->
          <manufacturedProduct classCode="MANU">
            <templateId root="2.16.840.1.113883.10.20.22.4.23"/>
            <templateId root="2.16.840.1.113883.10.20.22.4.23" extension="2014-06-09"/>
            <manufacturedMaterial>
        <code  code="1870230" codeSystem="2.16.840.1.113883.6.88" displayName="NDA020800 0.3 ML Epinephrine 1 MG/ML Auto-Injector">
          <originalText><reference value="#medications-desc-3"/></originalText>
        </code>
              <name>NDA020800 0.3 ML Epinephrine 1 MG/ML Auto-Injector</name>
            </manufacturedMaterial>
          </manufacturedProduct>
        </consumable>
      </substanceAdministration>
    </entry>
  </section>
</component>
<component>
  <!--Diagnostic Results-->
  <section>
    <templateId root="2.16.840.1.113883.10.20.22.2.3.1" extension="2015-08-01"/>
    <templateId root="2.16.840.1.113883.10.20.22.2.3.1"/>
    <!--Diagnostic Results section template-->
    <code code="30954-2" codeSystem="2.16.840.1.113883.6.1" codeSystemName="LOINC" displayName="Results"/>
    <title>Diagnostic Results</title>
<text>
  <table border="1" width="100%">
    <thead>
      <tr>
        <th>Start</th>
        <th>Stop</th>
        <th>Description</th>
        <th>Code</th>
      </tr>
    </thead>
    <tbody>
        <tr>
          <td>2023-12-14T05:49:58+05:30</td>
          <td></td>
          <td ID="reports-desc-1">Lipid panel with direct LDL - Serum or Plasma</td>
          <td ID="reports-code-1">http://loinc.org 57698-3</td>
        </tr>
        <tr>
          <td>2023-12-14T07:19:13+05:30</td>
          <td></td>
          <td ID="reports-desc-2">Patient Health Questionnaire 2 item (PHQ-2) [Reported]</td>
          <td ID="reports-code-2">http://loinc.org 55757-9</td>
        </tr>
        <tr>
          <td>2023-12-14T07:52:15+05:30</td>
          <td></td>
          <td ID="reports-desc-3">Drug Abuse Screening Test-10 [DAST-10]</td>
          <td ID="reports-code-3">http://loinc.org 82666-9</td>
        </tr>
    </tbody>
  </table>
</text>
    <entry typeCode="DRIV">
      <organizer classCode="BATTERY" moodCode="EVN">
        <templateId root="2.16.840.1.113883.10.20.22.4.1" extension="2015-08-01"/>
        <templateId root="2.16.840.1.113883.10.20.22.4.1"/>
        <!--Result organizer template -->
        <id root="8377d49c-4562-7090-d911-50c7bbeccf79"/>
        <code code="57698-3" codeSystem="2.16.840.1.113883.6.1" codeSystemName="LOINC" displayName="Lipid panel with direct LDL - Serum or Plasma"/>
        <statusCode code="completed"/>
        <effectiveTime>
          <low value="20231214054958"/>
          <high value="20231214054958"/>
        </effectiveTime>
        <component>
          <observation classCode="OBS" moodCode="EVN">
            <templateId root="2.16.840.1.113883.10.20.22.4.2" extension="2015-08-01"/>
            <templateId root="2.16.840.1.113883.10.20.22.4.2"/>
            <id root="27a6a221-d815-1691-b94f-f1c7e96a62ce"/>
        <code  code="2093-3" codeSystem="2.16.840.1.113883.6.1" displayName="Cholesterol [Mass/volume] in Serum or Plasma">
          <originalText><reference value="#reports-desc-1"/></originalText>
        </code>
            <text>
              <reference value="#reports-desc-1"/>
            </text>
            <statusCode code="completed"/>
            <effectiveTime value="20231214054958"/>
            <value xsi:type="PQ" value="150.58" unit="mg/dL"/>
          </observation>
        </component>
        <component>
          <observation classCode="OBS" moodCode="EVN">
            <templateId root="2.16.840.1.113883.10.20.22.4.2" extension="2015-08-01"/>
            <templateId root="2.16.840.1.113883.10.20.22.4.2"/>
            <id root="3c8a61eb-0bb1-f9af-6026-9f133259d5f9"/>
        <code  code="2571-8" codeSystem="2.16.840.1.113883.6.1" displayName="Triglycerides">
          <originalText><reference value="#reports-desc-1"/></originalText>
        </code>
            <text>
              <reference value="#reports-desc-1"/>
            </text>
            <statusCode code="completed"/>
            <effectiveTime value="20231214054958"/>
            <value xsi:type="PQ" value="114.9" unit="mg/dL"/>
          </observation>
        </component>
        <component>
          <observation classCode="OBS" moodCode="EVN">
            <templateId root="2.16.840.1.113883.10.20.22.4.2" extension="2015-08-01"/>
            <templateId root="2.16.840.1.113883.10.20.22.4.2"/>
            <id root="5dd4f436-2eaa-0074-7881-65e58873c691"/>
        <code  code="18262-6" codeSystem="2.16.840.1.113883.6.1" displayName="Low Density Lipoprotein Cholesterol">
          <originalText><reference value="#reports-desc-1"/></originalText>
        </code>
            <text>
              <reference value="#reports-desc-1"/>
            </text>
            <statusCode code="completed"/>
            <effectiveTime value="20231214054958"/>
            <value xsi:type="PQ" value="71.81" unit="mg/dL"/>
          </observation>
        </component>
        <component>
          <observation classCode="OBS" moodCode="EVN">
            <templateId root="2.16.840.1.113883.10.20.22.4.2" extension="2015-08-01"/>
            <templateId root="2.16.840.1.113883.10.20.22.4.2"/>
            <id root="2616c4ba-ae8d-d0aa-8405-3673f57394b2"/>
        <code  code="2085-9" codeSystem="2.16.840.1.113883.6.1" displayName="Cholesterol in HDL [Mass/volume] in Serum or Plasma">
          <originalText><reference value="#reports-desc-1"/></originalText>
        </code>
            <text>
              <reference value="#reports-desc-1"/>
            </text>
            <statusCode code="completed"/>
            <effectiveTime value="20231214054958"/>
            <value xsi:type="PQ" value="55.78" unit="mg/dL"/>
          </observation>
        </component>
      </organizer>
    </entry>
    <entry typeCode="DRIV">
      <organizer classCode="BATTERY" moodCode="EVN">
        <templateId root="2.16.840.1.113883.10.20.22.4.1" extension="2015-08-01"/>
        <templateId root="2.16.840.1.113883.10.20.22.4.1"/>
        <!--Result organizer template -->
        <id root="7876d2c3-1d17-7079-b80a-0bb8614d0b85"/>
        <code code="55757-9" codeSystem="2.16.840.1.113883.6.1" codeSystemName="LOINC" displayName="Patient Health Questionnaire 2 item (PHQ-2) [Reported]"/>
        <statusCode code="completed"/>
        <effectiveTime>
          <low value="20231214071913"/>
          <high value="20231214071913"/>
        </effectiveTime>
        <component>
          <observation classCode="OBS" moodCode="EVN">
            <templateId root="2.16.840.1.113883.10.20.22.4.2" extension="2015-08-01"/>
            <templateId root="2.16.840.1.113883.10.20.22.4.2"/>
            <id root="c6069880-b3a3-534b-7778-55846fda4146"/>
        <code  code="55758-7" codeSystem="2.16.840.1.113883.6.1" displayName="Patient Health Questionnaire 2 item (PHQ-2) total score [Reported]">
          <originalText><reference value="#reports-desc-2"/></originalText>
        </code>
            <text>
              <reference value="#reports-desc-2"/>
            </text>
            <statusCode code="completed"/>
            <effectiveTime value="20231214071913"/>
            <value xsi:type="PQ" value="0" unit="{score}"/>
          </observation>
        </component>
      </organizer>
    </entry>
    <entry typeCode="DRIV">
      <organizer classCode="BATTERY" moodCode="EVN">
        <templateId root="2.16.840.1.113883.10.20.22.4.1" extension="2015-08-01"/>
        <templateId root="2.16.840.1.113883.10.20.22.4.1"/>
        <!--Result organizer template -->
        <id root="9c346f26-c73a-d43a-74cb-fa69901c2dc2"/>
        <code code="82666-9" codeSystem="2.16.840.1.113883.6.1" codeSystemName="LOINC" displayName="Drug Abuse Screening Test-10 [DAST-10]"/>
        <statusCode code="completed"/>
        <effectiveTime>
          <low value="20231214075215"/>
          <high value="20231214075215"/>
        </effectiveTime>
        <component>
          <observation classCode="OBS" moodCode="EVN">
            <templateId root="2.16.840.1.113883.10.20.22.4.2" extension="2015-08-01"/>
            <templateId root="2.16.840.1.113883.10.20.22.4.2"/>
            <id root="0e24834a-7015-f03e-b6b4-98abe9a1032e"/>
        <code  code="82667-7" codeSystem="2.16.840.1.113883.6.1" displayName="Total score [DAST-10]">
          <originalText><reference value="#reports-desc-3"/></originalText>
        </code>
            <text>
              <reference value="#reports-desc-3"/>
            </text>
            <statusCode code="completed"/>
            <effectiveTime value="20231214075215"/>
            <value xsi:type="PQ" value="6" unit="{score}"/>
          </observation>
        </component>
      </organizer>
    </entry>
  </section>
</component><component>
  <!--Problems-->
  <section>
    <templateId root="2.16.840.1.113883.10.20.22.2.5.1" extension="2015-08-01"/>
    <!--Problems section template-->
    <code code="11450-4" codeSystem="2.16.840.1.113883.6.1" codeSystemName="LOINC" displayName="Problem list"/>
    <title>Problems</title>
<text>
  <table border="1" width="100%">
    <thead>
      <tr>
        <th>Start</th>
        <th>Stop</th>
        <th>Description</th>
        <th>Code</th>
      </tr>
    </thead>
    <tbody>
        <tr>
          <td>2004-11-18T06:44:25+05:30</td>
          <td></td>
          <td ID="conditions-desc-1">Received certificate of high school equivalency (finding)</td>
          <td ID="conditions-code-1">http://snomed.info/sct 5251000175109</td>
        </tr>
        <tr>
          <td>2004-11-18T06:44:25+05:30</td>
          <td>2008-11-27T06:38:49+05:30</td>
          <td ID="conditions-desc-2">Stress (finding)</td>
          <td ID="conditions-code-2">http://snomed.info/sct 73595000</td>
        </tr>
        <tr>
          <td>2005-11-24T06:26:11+05:30</td>
          <td>2008-11-27T06:38:49+05:30</td>
          <td ID="conditions-desc-3">Full-time employment (finding)</td>
          <td ID="conditions-code-3">http://snomed.info/sct 160903007</td>
        </tr>
        <tr>
          <td>2011-12-01T05:49:58+05:30</td>
          <td></td>
          <td ID="conditions-desc-4">Body mass index 30+ - obesity (finding)</td>
          <td ID="conditions-code-4">http://snomed.info/sct 162864005</td>
        </tr>
        <tr>
          <td>2014-12-04T05:49:58+05:30</td>
          <td>2023-12-14T05:49:58+05:30</td>
          <td ID="conditions-desc-5">Medication review due (situation)</td>
          <td ID="conditions-code-5">http://snomed.info/sct 314529007</td>
        </tr>
        <tr>
          <td>2014-12-04T06:26:36+05:30</td>
          <td>2020-12-10T06:26:36+05:30</td>
          <td ID="conditions-desc-6">Full-time employment (finding)</td>
          <td ID="conditions-code-6">http://snomed.info/sct 160903007</td>
        </tr>
        <tr>
          <td>2014-12-04T06:26:36+05:30</td>
          <td>2017-12-07T06:21:09+05:30</td>
          <td ID="conditions-desc-7">Stress (finding)</td>
          <td ID="conditions-code-7">http://snomed.info/sct 73595000</td>
        </tr>
        <tr>
          <td>2017-12-07T06:21:09+05:30</td>
          <td></td>
          <td ID="conditions-desc-8">Has a criminal record (finding)</td>
          <td ID="conditions-code-8">http://snomed.info/sct 266948004</td>
        </tr>
        <tr>
          <td>2020-12-10T06:26:36+05:30</td>
          <td>2023-12-14T06:40:21+05:30</td>
          <td ID="conditions-desc-9">Not in labor force (finding)</td>
          <td ID="conditions-code-9">http://snomed.info/sct 741062008</td>
        </tr>
        <tr>
          <td>2020-12-10T06:26:36+05:30</td>
          <td></td>
          <td ID="conditions-desc-10">Stress (finding)</td>
          <td ID="conditions-code-10">http://snomed.info/sct 73595000</td>
        </tr>
        <tr>
          <td>2023-12-14T06:40:21+05:30</td>
          <td></td>
          <td ID="conditions-desc-11">Full-time employment (finding)</td>
          <td ID="conditions-code-11">http://snomed.info/sct 160903007</td>
        </tr>
        <tr>
          <td>2023-12-14T07:52:15+05:30</td>
          <td></td>
          <td ID="conditions-desc-12">Misuses drugs (finding)</td>
          <td ID="conditions-code-12">http://snomed.info/sct 361055000</td>
        </tr>
    </tbody>
  </table>
</text>
    <entry typeCode="DRIV">
      <act classCode="ACT" moodCode="EVN">
        <templateId root="2.16.840.1.113883.10.20.22.4.3"/>
        <templateId root="2.16.840.1.113883.10.20.22.4.3" extension="2015-08-01"/>
        <!-- Problem act template -->
        <id root="995761a8-36f9-9af6-b5ec-d4ecc4db4cc8"/>
        <code nullFlavor="NA"/>
        <statusCode code="active"/>
        <effectiveTime>
          <low value="20041118064425"/>
          
        </effectiveTime>
        <entryRelationship typeCode="SUBJ" inversionInd="false">
          <observation classCode="OBS" moodCode="EVN">
            <templateId root="2.16.840.1.113883.10.20.22.4.4"/>
            <templateId root="2.16.840.1.113883.10.20.22.4.4" extension="2015-08-01"/>
            <!--Problem observation template - NOT episode template-->
            <id root="11c9900f-8f1f-92e0-5225-7802a1616f73"/>
            <code code="64572001" displayName="Condition" codeSystem="2.16.840.1.113883.6.96" codeSystemName="SNOMED-CT">
              <translation code="75323-6" displayName="Condition" codeSystem="2.16.840.1.113883.6.1" codeSystemName="LOINC"/>
            </code>
            <text>
              <reference value="#conditions-desc-1"/>
            </text>
            <statusCode code="completed"/>
            <effectiveTime>
              <low value="20041118064425"/>
              
            </effectiveTime>
            <priorityCode code="8319008" codeSystem="2.16.840.1.113883.6.96" displayName="Principal diagnosis" />
        <value xsi:type="CD" code="5251000175109" codeSystem="2.16.840.1.113883.6.96" displayName="Received certificate of high school equivalency (finding)">
          <originalText><reference value="#conditions-desc-1"/></originalText>
        </value>
          </observation>
        </entryRelationship>
      </act>
    </entry>
    <entry typeCode="DRIV">
      <act classCode="ACT" moodCode="EVN">
        <templateId root="2.16.840.1.113883.10.20.22.4.3"/>
        <templateId root="2.16.840.1.113883.10.20.22.4.3" extension="2015-08-01"/>
        <!-- Problem act template -->
        <id root="268b4d97-0c72-7779-cdbb-ad3224053ad4"/>
        <code nullFlavor="NA"/>
        <statusCode code="completed"/>
        <effectiveTime>
          <low value="20041118064425"/>
          <high value="20081127063849"/>
        </effectiveTime>
        <entryRelationship typeCode="SUBJ" inversionInd="false">
          <observation classCode="OBS" moodCode="EVN">
            <templateId root="2.16.840.1.113883.10.20.22.4.4"/>
            <templateId root="2.16.840.1.113883.10.20.22.4.4" extension="2015-08-01"/>
            <!--Problem observation template - NOT episode template-->
            <id root="271931b5-842d-2362-ad96-88cc2c038d26"/>
            <code code="64572001" displayName="Condition" codeSystem="2.16.840.1.113883.6.96" codeSystemName="SNOMED-CT">
              <translation code="75323-6" displayName="Condition" codeSystem="2.16.840.1.113883.6.1" codeSystemName="LOINC"/>
            </code>
            <text>
              <reference value="#conditions-desc-2"/>
            </text>
            <statusCode code="completed"/>
            <effectiveTime>
              <low value="20041118064425"/>
              <high value="20081127063849"/>
            </effectiveTime>
            <priorityCode code="8319008" codeSystem="2.16.840.1.113883.6.96" displayName="Principal diagnosis" />
        <value xsi:type="CD" code="73595000" codeSystem="2.16.840.1.113883.6.96" displayName="Stress (finding)">
          <originalText><reference value="#conditions-desc-2"/></originalText>
        </value>
          </observation>
        </entryRelationship>
      </act>
    </entry>
    <entry typeCode="DRIV">
      <act classCode="ACT" moodCode="EVN">
        <templateId root="2.16.840.1.113883.10.20.22.4.3"/>
        <templateId root="2.16.840.1.113883.10.20.22.4.3" extension="2015-08-01"/>
        <!-- Problem act template -->
        <id root="4f1724f3-66de-fd23-a4a7-1faa8918824f"/>
        <code nullFlavor="NA"/>
        <statusCode code="completed"/>
        <effectiveTime>
          <low value="20051124062611"/>
          <high value="20081127063849"/>
        </effectiveTime>
        <entryRelationship typeCode="SUBJ" inversionInd="false">
          <observation classCode="OBS" moodCode="EVN">
            <templateId root="2.16.840.1.113883.10.20.22.4.4"/>
            <templateId root="2.16.840.1.113883.10.20.22.4.4" extension="2015-08-01"/>
            <!--Problem observation template - NOT episode template-->
            <id root="25ae96fe-b1d5-0704-e3c9-eacd684f4fd7"/>
            <code code="64572001" displayName="Condition" codeSystem="2.16.840.1.113883.6.96" codeSystemName="SNOMED-CT">
              <translation code="75323-6" displayName="Condition" codeSystem="2.16.840.1.113883.6.1" codeSystemName="LOINC"/>
            </code>
            <text>
              <reference value="#conditions-desc-3"/>
            </text>
            <statusCode code="completed"/>
            <effectiveTime>
              <low value="20051124062611"/>
              <high value="20081127063849"/>
            </effectiveTime>
            <priorityCode code="8319008" codeSystem="2.16.840.1.113883.6.96" displayName="Principal diagnosis" />
        <value xsi:type="CD" code="160903007" codeSystem="2.16.840.1.113883.6.96" displayName="Full-time employment (finding)">
          <originalText><reference value="#conditions-desc-3"/></originalText>
        </value>
          </observation>
        </entryRelationship>
      </act>
    </entry>
    <entry typeCode="DRIV">
      <act classCode="ACT" moodCode="EVN">
        <templateId root="2.16.840.1.113883.10.20.22.4.3"/>
        <templateId root="2.16.840.1.113883.10.20.22.4.3" extension="2015-08-01"/>
        <!-- Problem act template -->
        <id root="b9b5799d-61ba-a1a1-35e2-0f2c9951d93e"/>
        <code nullFlavor="NA"/>
        <statusCode code="active"/>
        <effectiveTime>
          <low value="20111201054958"/>
          
        </effectiveTime>
        <entryRelationship typeCode="SUBJ" inversionInd="false">
          <observation classCode="OBS" moodCode="EVN">
            <templateId root="2.16.840.1.113883.10.20.22.4.4"/>
            <templateId root="2.16.840.1.113883.10.20.22.4.4" extension="2015-08-01"/>
            <!--Problem observation template - NOT episode template-->
            <id root="dc1efe0f-c565-9d1d-20b7-0a1d0fb0c949"/>
            <code code="64572001" displayName="Condition" codeSystem="2.16.840.1.113883.6.96" codeSystemName="SNOMED-CT">
              <translation code="75323-6" displayName="Condition" codeSystem="2.16.840.1.113883.6.1" codeSystemName="LOINC"/>
            </code>
            <text>
              <reference value="#conditions-desc-4"/>
            </text>
            <statusCode code="completed"/>
            <effectiveTime>
              <low value="20111201054958"/>
              
            </effectiveTime>
            <priorityCode code="8319008" codeSystem="2.16.840.1.113883.6.96" displayName="Principal diagnosis" />
        <value xsi:type="CD" code="162864005" codeSystem="2.16.840.1.113883.6.96" displayName="Body mass index 30+ - obesity (finding)">
          <originalText><reference value="#conditions-desc-4"/></originalText>
        </value>
          </observation>
        </entryRelationship>
      </act>
    </entry>
    <entry typeCode="DRIV">
      <act classCode="ACT" moodCode="EVN">
        <templateId root="2.16.840.1.113883.10.20.22.4.3"/>
        <templateId root="2.16.840.1.113883.10.20.22.4.3" extension="2015-08-01"/>
        <!-- Problem act template -->
        <id root="b9d5de82-46b6-a84e-8cf7-9b210c4a56e6"/>
        <code nullFlavor="NA"/>
        <statusCode code="completed"/>
        <effectiveTime>
          <low value="20141204054958"/>
          <high value="20231214054958"/>
        </effectiveTime>
        <entryRelationship typeCode="SUBJ" inversionInd="false">
          <observation classCode="OBS" moodCode="EVN">
            <templateId root="2.16.840.1.113883.10.20.22.4.4"/>
            <templateId root="2.16.840.1.113883.10.20.22.4.4" extension="2015-08-01"/>
            <!--Problem observation template - NOT episode template-->
            <id root="5e5e1624-79ed-4f6d-7634-9ddacb184db0"/>
            <code code="64572001" displayName="Condition" codeSystem="2.16.840.1.113883.6.96" codeSystemName="SNOMED-CT">
              <translation code="75323-6" displayName="Condition" codeSystem="2.16.840.1.113883.6.1" codeSystemName="LOINC"/>
            </code>
            <text>
              <reference value="#conditions-desc-5"/>
            </text>
            <statusCode code="completed"/>
            <effectiveTime>
              <low value="20141204054958"/>
              <high value="20231214054958"/>
            </effectiveTime>
            <priorityCode code="8319008" codeSystem="2.16.840.1.113883.6.96" displayName="Principal diagnosis" />
        <value xsi:type="CD" code="314529007" codeSystem="2.16.840.1.113883.6.96" displayName="Medication review due (situation)">
          <originalText><reference value="#conditions-desc-5"/></originalText>
        </value>
          </observation>
        </entryRelationship>
      </act>
    </entry>
    <entry typeCode="DRIV">
      <act classCode="ACT" moodCode="EVN">
        <templateId root="2.16.840.1.113883.10.20.22.4.3"/>
        <templateId root="2.16.840.1.113883.10.20.22.4.3" extension="2015-08-01"/>
        <!-- Problem act template -->
        <id root="635dac57-6209-1b71-4f9b-e616242c6ef3"/>
        <code nullFlavor="NA"/>
        <statusCode code="completed"/>
        <effectiveTime>
          <low value="20141204062636"/>
          <high value="20201210062636"/>
        </effectiveTime>
        <entryRelationship typeCode="SUBJ" inversionInd="false">
          <observation classCode="OBS" moodCode="EVN">
            <templateId root="2.16.840.1.113883.10.20.22.4.4"/>
            <templateId root="2.16.840.1.113883.10.20.22.4.4" extension="2015-08-01"/>
            <!--Problem observation template - NOT episode template-->
            <id root="665bb1c1-c96a-2a3c-091c-c78298f14275"/>
            <code code="64572001" displayName="Condition" codeSystem="2.16.840.1.113883.6.96" codeSystemName="SNOMED-CT">
              <translation code="75323-6" displayName="Condition" codeSystem="2.16.840.1.113883.6.1" codeSystemName="LOINC"/>
            </code>
            <text>
              <reference value="#conditions-desc-6"/>
            </text>
            <statusCode code="completed"/>
            <effectiveTime>
              <low value="20141204062636"/>
              <high value="20201210062636"/>
            </effectiveTime>
            <priorityCode code="8319008" codeSystem="2.16.840.1.113883.6.96" displayName="Principal diagnosis" />
        <value xsi:type="CD" code="160903007" codeSystem="2.16.840.1.113883.6.96" displayName="Full-time employment (finding)">
          <originalText><reference value="#conditions-desc-6"/></originalText>
        </value>
          </observation>
        </entryRelationship>
      </act>
    </entry>
    <entry typeCode="DRIV">
      <act classCode="ACT" moodCode="EVN">
        <templateId root="2.16.840.1.113883.10.20.22.4.3"/>
        <templateId root="2.16.840.1.113883.10.20.22.4.3" extension="2015-08-01"/>
        <!-- Problem act template -->
        <id root="252465f1-47ab-b5f8-d0cc-dd94983c335e"/>
        <code nullFlavor="NA"/>
        <statusCode code="completed"/>
        <effectiveTime>
          <low value="20141204062636"/>
          <high value="20171207062109"/>
        </effectiveTime>
        <entryRelationship typeCode="SUBJ" inversionInd="false">
          <observation classCode="OBS" moodCode="EVN">
            <templateId root="2.16.840.1.113883.10.20.22.4.4"/>
            <templateId root="2.16.840.1.113883.10.20.22.4.4" extension="2015-08-01"/>
            <!--Problem observation template - NOT episode template-->
            <id root="108de831-bc98-52c2-e6c3-5382cef09536"/>
            <code code="64572001" displayName="Condition" codeSystem="2.16.840.1.113883.6.96" codeSystemName="SNOMED-CT">
              <translation code="75323-6" displayName="Condition" codeSystem="2.16.840.1.113883.6.1" codeSystemName="LOINC"/>
            </code>
            <text>
              <reference value="#conditions-desc-7"/>
            </text>
            <statusCode code="completed"/>
            <effectiveTime>
              <low value="20141204062636"/>
              <high value="20171207062109"/>
            </effectiveTime>
            <priorityCode code="8319008" codeSystem="2.16.840.1.113883.6.96" displayName="Principal diagnosis" />
        <value xsi:type="CD" code="73595000" codeSystem="2.16.840.1.113883.6.96" displayName="Stress (finding)">
          <originalText><reference value="#conditions-desc-7"/></originalText>
        </value>
          </observation>
        </entryRelationship>
      </act>
    </entry>
    <entry typeCode="DRIV">
      <act classCode="ACT" moodCode="EVN">
        <templateId root="2.16.840.1.113883.10.20.22.4.3"/>
        <templateId root="2.16.840.1.113883.10.20.22.4.3" extension="2015-08-01"/>
        <!-- Problem act template -->
        <id root="b80109d9-9ea8-5cfc-22f0-c45e7ae60fc6"/>
        <code nullFlavor="NA"/>
        <statusCode code="active"/>
        <effectiveTime>
          <low value="20171207062109"/>
          
        </effectiveTime>
        <entryRelationship typeCode="SUBJ" inversionInd="false">
          <observation classCode="OBS" moodCode="EVN">
            <templateId root="2.16.840.1.113883.10.20.22.4.4"/>
            <templateId root="2.16.840.1.113883.10.20.22.4.4" extension="2015-08-01"/>
            <!--Problem observation template - NOT episode template-->
            <id root="4f775a2c-aac6-ffc9-f936-ef0d27a51f10"/>
            <code code="64572001" displayName="Condition" codeSystem="2.16.840.1.113883.6.96" codeSystemName="SNOMED-CT">
              <translation code="75323-6" displayName="Condition" codeSystem="2.16.840.1.113883.6.1" codeSystemName="LOINC"/>
            </code>
            <text>
              <reference value="#conditions-desc-8"/>
            </text>
            <statusCode code="completed"/>
            <effectiveTime>
              <low value="20171207062109"/>
              
            </effectiveTime>
            <priorityCode code="8319008" codeSystem="2.16.840.1.113883.6.96" displayName="Principal diagnosis" />
        <value xsi:type="CD" code="266948004" codeSystem="2.16.840.1.113883.6.96" displayName="Has a criminal record (finding)">
          <originalText><reference value="#conditions-desc-8"/></originalText>
        </value>
          </observation>
        </entryRelationship>
      </act>
    </entry>
    <entry typeCode="DRIV">
      <act classCode="ACT" moodCode="EVN">
        <templateId root="2.16.840.1.113883.10.20.22.4.3"/>
        <templateId root="2.16.840.1.113883.10.20.22.4.3" extension="2015-08-01"/>
        <!-- Problem act template -->
        <id root="6258f2e9-4bc7-f510-c0e5-0d5038c24952"/>
        <code nullFlavor="NA"/>
        <statusCode code="completed"/>
        <effectiveTime>
          <low value="20201210062636"/>
          <high value="20231214064021"/>
        </effectiveTime>
        <entryRelationship typeCode="SUBJ" inversionInd="false">
          <observation classCode="OBS" moodCode="EVN">
            <templateId root="2.16.840.1.113883.10.20.22.4.4"/>
            <templateId root="2.16.840.1.113883.10.20.22.4.4" extension="2015-08-01"/>
            <!--Problem observation template - NOT episode template-->
            <id root="e6008dd3-7771-d890-3eff-672de9947820"/>
            <code code="64572001" displayName="Condition" codeSystem="2.16.840.1.113883.6.96" codeSystemName="SNOMED-CT">
              <translation code="75323-6" displayName="Condition" codeSystem="2.16.840.1.113883.6.1" codeSystemName="LOINC"/>
            </code>
            <text>
              <reference value="#conditions-desc-9"/>
            </text>
            <statusCode code="completed"/>
            <effectiveTime>
              <low value="20201210062636"/>
              <high value="20231214064021"/>
            </effectiveTime>
            <priorityCode code="8319008" codeSystem="2.16.840.1.113883.6.96" displayName="Principal diagnosis" />
        <value xsi:type="CD" code="741062008" codeSystem="2.16.840.1.113883.6.96" displayName="Not in labor force (finding)">
          <originalText><reference value="#conditions-desc-9"/></originalText>
        </value>
          </observation>
        </entryRelationship>
      </act>
    </entry>
    <entry typeCode="DRIV">
      <act classCode="ACT" moodCode="EVN">
        <templateId root="2.16.840.1.113883.10.20.22.4.3"/>
        <templateId root="2.16.840.1.113883.10.20.22.4.3" extension="2015-08-01"/>
        <!-- Problem act template -->
        <id root="0ee066e1-da98-6869-5317-ce68bc9227d7"/>
        <code nullFlavor="NA"/>
        <statusCode code="active"/>
        <effectiveTime>
          <low value="20201210062636"/>
          
        </effectiveTime>
        <entryRelationship typeCode="SUBJ" inversionInd="false">
          <observation classCode="OBS" moodCode="EVN">
            <templateId root="2.16.840.1.113883.10.20.22.4.4"/>
            <templateId root="2.16.840.1.113883.10.20.22.4.4" extension="2015-08-01"/>
            <!--Problem observation template - NOT episode template-->
            <id root="6a7695e0-ded6-ddf2-3b98-451fe952ff45"/>
            <code code="64572001" displayName="Condition" codeSystem="2.16.840.1.113883.6.96" codeSystemName="SNOMED-CT">
              <translation code="75323-6" displayName="Condition" codeSystem="2.16.840.1.113883.6.1" codeSystemName="LOINC"/>
            </code>
            <text>
              <reference value="#conditions-desc-10"/>
            </text>
            <statusCode code="completed"/>
            <effectiveTime>
              <low value="20201210062636"/>
              
            </effectiveTime>
            <priorityCode code="8319008" codeSystem="2.16.840.1.113883.6.96" displayName="Principal diagnosis" />
        <value xsi:type="CD" code="73595000" codeSystem="2.16.840.1.113883.6.96" displayName="Stress (finding)">
          <originalText><reference value="#conditions-desc-10"/></originalText>
        </value>
          </observation>
        </entryRelationship>
      </act>
    </entry>
    <entry typeCode="DRIV">
      <act classCode="ACT" moodCode="EVN">
        <templateId root="2.16.840.1.113883.10.20.22.4.3"/>
        <templateId root="2.16.840.1.113883.10.20.22.4.3" extension="2015-08-01"/>
        <!-- Problem act template -->
        <id root="d495903d-a60c-771e-cec7-c984b96fb372"/>
        <code nullFlavor="NA"/>
        <statusCode code="active"/>
        <effectiveTime>
          <low value="20231214064021"/>
          
        </effectiveTime>
        <entryRelationship typeCode="SUBJ" inversionInd="false">
          <observation classCode="OBS" moodCode="EVN">
            <templateId root="2.16.840.1.113883.10.20.22.4.4"/>
            <templateId root="2.16.840.1.113883.10.20.22.4.4" extension="2015-08-01"/>
            <!--Problem observation template - NOT episode template-->
            <id root="e2707821-fb9f-41c7-da08-5bdb09ae1a2b"/>
            <code code="64572001" displayName="Condition" codeSystem="2.16.840.1.113883.6.96" codeSystemName="SNOMED-CT">
              <translation code="75323-6" displayName="Condition" codeSystem="2.16.840.1.113883.6.1" codeSystemName="LOINC"/>
            </code>
            <text>
              <reference value="#conditions-desc-11"/>
            </text>
            <statusCode code="completed"/>
            <effectiveTime>
              <low value="20231214064021"/>
              
            </effectiveTime>
            <priorityCode code="8319008" codeSystem="2.16.840.1.113883.6.96" displayName="Principal diagnosis" />
        <value xsi:type="CD" code="160903007" codeSystem="2.16.840.1.113883.6.96" displayName="Full-time employment (finding)">
          <originalText><reference value="#conditions-desc-11"/></originalText>
        </value>
          </observation>
        </entryRelationship>
      </act>
    </entry>
    <entry typeCode="DRIV">
      <act classCode="ACT" moodCode="EVN">
        <templateId root="2.16.840.1.113883.10.20.22.4.3"/>
        <templateId root="2.16.840.1.113883.10.20.22.4.3" extension="2015-08-01"/>
        <!-- Problem act template -->
        <id root="07068b84-52ae-4163-4b2c-38707b35900b"/>
        <code nullFlavor="NA"/>
        <statusCode code="active"/>
        <effectiveTime>
          <low value="20231214075215"/>
          
        </effectiveTime>
        <entryRelationship typeCode="SUBJ" inversionInd="false">
          <observation classCode="OBS" moodCode="EVN">
            <templateId root="2.16.840.1.113883.10.20.22.4.4"/>
            <templateId root="2.16.840.1.113883.10.20.22.4.4" extension="2015-08-01"/>
            <!--Problem observation template - NOT episode template-->
            <id root="c6000726-5033-d08a-d7ec-1af148ebf185"/>
            <code code="64572001" displayName="Condition" codeSystem="2.16.840.1.113883.6.96" codeSystemName="SNOMED-CT">
              <translation code="75323-6" displayName="Condition" codeSystem="2.16.840.1.113883.6.1" codeSystemName="LOINC"/>
            </code>
            <text>
              <reference value="#conditions-desc-12"/>
            </text>
            <statusCode code="completed"/>
            <effectiveTime>
              <low value="20231214075215"/>
              
            </effectiveTime>
            <priorityCode code="8319008" codeSystem="2.16.840.1.113883.6.96" displayName="Principal diagnosis" />
        <value xsi:type="CD" code="361055000" codeSystem="2.16.840.1.113883.6.96" displayName="Misuses drugs (finding)">
          <originalText><reference value="#conditions-desc-12"/></originalText>
        </value>
          </observation>
        </entryRelationship>
      </act>
    </entry>
  </section>
</component>
<component>
  <!--Surgeries-->
  <section>
    <templateId root="2.16.840.1.113883.10.20.22.2.7.1" extension="2014-06-09"/>
    <!--Surgeries section template-->
    <code code="47519-4" codeSystem="2.16.840.1.113883.6.1" codeSystemName="LOINC" displayName="List of surgeries"/>
    <title>Surgeries</title>
<text>
  <table border="1" width="100%">
    <thead>
      <tr>
        <th>Start</th>
        <th>Stop</th>
        <th>Description</th>
        <th>Code</th>
      </tr>
    </thead>
    <tbody>
        <tr>
          <td>2023-12-14T05:49:58+05:30</td>
          <td>2023-12-14T06:04:58+05:30</td>
          <td ID="procedures-desc-1">Medication Reconciliation (procedure)</td>
          <td ID="procedures-code-1">http://snomed.info/sct 430193006</td>
        </tr>
        <tr>
          <td>2023-12-14T05:49:58+05:30</td>
          <td>2023-12-14T06:40:21+05:30</td>
          <td ID="procedures-desc-2">Assessment of health and social care needs (procedure)</td>
          <td ID="procedures-code-2">http://snomed.info/sct 710824005</td>
        </tr>
        <tr>
          <td>2023-12-14T06:40:21+05:30</td>
          <td>2023-12-14T06:51:55+05:30</td>
          <td ID="procedures-desc-3">Depression screening (procedure)</td>
          <td ID="procedures-code-3">http://snomed.info/sct 171207006</td>
        </tr>
        <tr>
          <td>2023-12-14T06:51:55+05:30</td>
          <td>2023-12-14T07:19:13+05:30</td>
          <td ID="procedures-desc-4">Depression screening using Patient Health Questionnaire Two-Item score (procedure)</td>
          <td ID="procedures-code-4">http://snomed.info/sct 454711000124102</td>
        </tr>
        <tr>
          <td>2023-12-14T07:19:13+05:30</td>
          <td>2023-12-14T07:29:46+05:30</td>
          <td ID="procedures-desc-5">Assessment of substance use (procedure)</td>
          <td ID="procedures-code-5">http://snomed.info/sct 428211000124100</td>
        </tr>
        <tr>
          <td>2023-12-14T07:29:46+05:30</td>
          <td>2023-12-14T07:52:15+05:30</td>
          <td ID="procedures-desc-6">Screening for drug abuse (procedure)</td>
          <td ID="procedures-code-6">http://snomed.info/sct 713106006</td>
        </tr>
    </tbody>
  </table>
</text>
    <entry typeCode="DRIV">
      <procedure classCode="PROC" moodCode="EVN">
        <templateId root="2.16.840.1.113883.10.20.22.4.14"/>
        <!-- Procedure activity template -->
        <id root="a0618057-98bf-86cc-9520-b88a4a7137ad"/>
        <code  code="430193006" codeSystem="2.16.840.1.113883.6.96" displayName="Medication Reconciliation (procedure)">
          <originalText><reference value="#procedures-desc-1"/></originalText>
        </code>
        <text>
          <reference value="#procedures-desc-1"/>
        </text>
        <statusCode code="completed"/>
        <effectiveTime value="20231214054958"/>
      </procedure>
    </entry>
    <entry typeCode="DRIV">
      <procedure classCode="PROC" moodCode="EVN">
        <templateId root="2.16.840.1.113883.10.20.22.4.14"/>
        <!-- Procedure activity template -->
        <id root="433e4c72-6418-7fd5-3e61-8d69b1cf1942"/>
        <code  code="710824005" codeSystem="2.16.840.1.113883.6.96" displayName="Assessment of health and social care needs (procedure)">
          <originalText><reference value="#procedures-desc-2"/></originalText>
        </code>
        <text>
          <reference value="#procedures-desc-2"/>
        </text>
        <statusCode code="completed"/>
        <effectiveTime value="20231214054958"/>
      </procedure>
    </entry>
    <entry typeCode="DRIV">
      <procedure classCode="PROC" moodCode="EVN">
        <templateId root="2.16.840.1.113883.10.20.22.4.14"/>
        <!-- Procedure activity template -->
        <id root="5f70d30f-455d-e77c-6025-9c86075fbd97"/>
        <code  code="171207006" codeSystem="2.16.840.1.113883.6.96" displayName="Depression screening (procedure)">
          <originalText><reference value="#procedures-desc-3"/></originalText>
        </code>
        <text>
          <reference value="#procedures-desc-3"/>
        </text>
        <statusCode code="completed"/>
        <effectiveTime value="20231214064021"/>
      </procedure>
    </entry>
    <entry typeCode="DRIV">
      <procedure classCode="PROC" moodCode="EVN">
        <templateId root="2.16.840.1.113883.10.20.22.4.14"/>
        <!-- Procedure activity template -->
        <id root="e5aca96b-61a8-c6af-2758-6d0f8e4aa79a"/>
        <code  code="454711000124102" codeSystem="2.16.840.1.113883.6.96" displayName="Depression screening using Patient Health Questionnaire Two-Item score (procedure)">
          <originalText><reference value="#procedures-desc-4"/></originalText>
        </code>
        <text>
          <reference value="#procedures-desc-4"/>
        </text>
        <statusCode code="completed"/>
        <effectiveTime value="20231214065155"/>
      </procedure>
    </entry>
    <entry typeCode="DRIV">
      <procedure classCode="PROC" moodCode="EVN">
        <templateId root="2.16.840.1.113883.10.20.22.4.14"/>
        <!-- Procedure activity template -->
        <id root="84819332-b7ed-f74e-110f-45f81d660bc7"/>
        <code  code="428211000124100" codeSystem="2.16.840.1.113883.6.96" displayName="Assessment of substance use (procedure)">
          <originalText><reference value="#procedures-desc-5"/></originalText>
        </code>
        <text>
          <reference value="#procedures-desc-5"/>
        </text>
        <statusCode code="completed"/>
        <effectiveTime value="20231214071913"/>
      </procedure>
    </entry>
    <entry typeCode="DRIV">
      <procedure classCode="PROC" moodCode="EVN">
        <templateId root="2.16.840.1.113883.10.20.22.4.14"/>
        <!-- Procedure activity template -->
        <id root="cc683a64-6308-d898-3851-f5f9bf2758df"/>
        <code  code="713106006" codeSystem="2.16.840.1.113883.6.96" displayName="Screening for drug abuse (procedure)">
          <originalText><reference value="#procedures-desc-6"/></originalText>
        </code>
        <text>
          <reference value="#procedures-desc-6"/>
        </text>
        <statusCode code="completed"/>
        <effectiveTime value="20231214072946"/>
      </procedure>
    </entry>
  </section>
</component>
<component>
  <!--Encounters-->
  <section>
    <templateId root="2.16.840.1.113883.10.20.22.2.22" extension="2015-08-01"/> <!-- CCDA Template id -->
    <!--Encounters section template-->
    <code code="46240-8" codeSystem="2.16.840.1.113883.6.1" codeSystemName="LOINC" displayName="History of encounters"/>
    <title>Encounters</title>
<text>
  <table border="1" width="100%">
    <thead>
      <tr>
        <th>Start</th>
        <th>Stop</th>
        <th>Description</th>
        <th>Code</th>
      </tr>
    </thead>
    <tbody>
        <tr>
          <td>2004-11-18T05:49:58+05:30</td>
          <td>2004-11-18T06:44:25+05:30</td>
          <td ID="encounters-desc-1">General examination of patient (procedure)</td>
          <td ID="encounters-code-1">http://snomed.info/sct 162673000</td>
        </tr>
        <tr>
          <td>2005-11-24T05:49:58+05:30</td>
          <td>2005-11-24T06:26:11+05:30</td>
          <td ID="encounters-desc-2">General examination of patient (procedure)</td>
          <td ID="encounters-code-2">http://snomed.info/sct 162673000</td>
        </tr>
        <tr>
          <td>2011-12-01T05:49:58+05:30</td>
          <td>2011-12-01T06:25:48+05:30</td>
          <td ID="encounters-desc-3">General examination of patient (procedure)</td>
          <td ID="encounters-code-3">http://snomed.info/sct 162673000</td>
        </tr>
        <tr>
          <td>2014-12-04T05:49:58+05:30</td>
          <td>2014-12-04T06:26:36+05:30</td>
          <td ID="encounters-desc-4">General examination of patient (procedure)</td>
          <td ID="encounters-code-4">http://snomed.info/sct 162673000</td>
        </tr>
        <tr>
          <td>2015-09-24T20:49:58+05:30</td>
          <td>2015-09-24T21:04:58+05:30</td>
          <td ID="encounters-desc-5">Encounter for problem</td>
          <td ID="encounters-code-5">http://snomed.info/sct 185347001</td>
        </tr>
        <tr>
          <td>2015-10-13T18:49:58+05:30</td>
          <td>2015-10-13T19:21:22+05:30</td>
          <td ID="encounters-desc-6">Encounter for problem</td>
          <td ID="encounters-code-6">http://snomed.info/sct 185347001</td>
        </tr>
        <tr>
          <td>2017-12-07T05:49:58+05:30</td>
          <td>2017-12-07T06:21:09+05:30</td>
          <td ID="encounters-desc-7">General examination of patient (procedure)</td>
          <td ID="encounters-code-7">http://snomed.info/sct 162673000</td>
        </tr>
        <tr>
          <td>2020-12-10T05:49:58+05:30</td>
          <td>2020-12-10T06:26:36+05:30</td>
          <td ID="encounters-desc-8">General examination of patient (procedure)</td>
          <td ID="encounters-code-8">http://snomed.info/sct 162673000</td>
        </tr>
        <tr>
          <td>2023-12-14T05:49:58+05:30</td>
          <td>2023-12-14T06:40:21+05:30</td>
          <td ID="encounters-desc-9">General examination of patient (procedure)</td>
          <td ID="encounters-code-9">http://snomed.info/sct 162673000</td>
        </tr>
    </tbody>
  </table>
</text>
    <entry typeCode="DRIV">
      <encounter classCode="ENC" moodCode="EVN">
		    <templateId root="2.16.840.1.113883.10.20.22.4.49"/>
        <!-- Encounter activity template -->
        <id root="370dce65-f94f-b8da-aa21-dc2bc702c6f8"/>
        <code  code="162673000" codeSystem="2.16.840.1.113883.6.96" displayName="General examination of patient (procedure)">
          <originalText><reference value="#encounters-desc-1"/></originalText>
        </code>
        <text>
          <reference value="#encounters-desc-1"/>
        </text>
        <effectiveTime>
          <low value="20041118054958"/>
          <high value="20041118064425"/>
        </effectiveTime>
      </encounter>
    </entry>
    <entry typeCode="DRIV">
      <encounter classCode="ENC" moodCode="EVN">
		    <templateId root="2.16.840.1.113883.10.20.22.4.49"/>
        <!-- Encounter activity template -->
        <id root="038c23ec-30c1-6ff1-f73c-f7e65e7d12bf"/>
        <code  code="162673000" codeSystem="2.16.840.1.113883.6.96" displayName="General examination of patient (procedure)">
          <originalText><reference value="#encounters-desc-2"/></originalText>
        </code>
        <text>
          <reference value="#encounters-desc-2"/>
        </text>
        <effectiveTime>
          <low value="20051124054958"/>
          <high value="20051124062611"/>
        </effectiveTime>
      </encounter>
    </entry>
    <entry typeCode="DRIV">
      <encounter classCode="ENC" moodCode="EVN">
		    <templateId root="2.16.840.1.113883.10.20.22.4.49"/>
        <!-- Encounter activity template -->
        <id root="11df6860-2536-5f79-e924-642288f7b256"/>
        <code  code="162673000" codeSystem="2.16.840.1.113883.6.96" displayName="General examination of patient (procedure)">
          <originalText><reference value="#encounters-desc-3"/></originalText>
        </code>
        <text>
          <reference value="#encounters-desc-3"/>
        </text>
        <effectiveTime>
          <low value="20111201054958"/>
          <high value="20111201062548"/>
        </effectiveTime>
      </encounter>
    </entry>
    <entry typeCode="DRIV">
      <encounter classCode="ENC" moodCode="EVN">
		    <templateId root="2.16.840.1.113883.10.20.22.4.49"/>
        <!-- Encounter activity template -->
        <id root="22a33a87-abe4-2198-41fb-bb3263bbce05"/>
        <code  code="162673000" codeSystem="2.16.840.1.113883.6.96" displayName="General examination of patient (procedure)">
          <originalText><reference value="#encounters-desc-4"/></originalText>
        </code>
        <text>
          <reference value="#encounters-desc-4"/>
        </text>
        <effectiveTime>
          <low value="20141204054958"/>
          <high value="20141204062636"/>
        </effectiveTime>
      </encounter>
    </entry>
    <entry typeCode="DRIV">
      <encounter classCode="ENC" moodCode="EVN">
		    <templateId root="2.16.840.1.113883.10.20.22.4.49"/>
        <!-- Encounter activity template -->
        <id root="39793a21-ef9d-071f-74f0-4614018adee0"/>
        <code  code="185347001" codeSystem="2.16.840.1.113883.6.96" displayName="Encounter for problem">
          <originalText><reference value="#encounters-desc-5"/></originalText>
        </code>
        <text>
          <reference value="#encounters-desc-5"/>
        </text>
        <effectiveTime>
          <low value="20150924204958"/>
          <high value="20150924210458"/>
        </effectiveTime>
      </encounter>
    </entry>
    <entry typeCode="DRIV">
      <encounter classCode="ENC" moodCode="EVN">
		    <templateId root="2.16.840.1.113883.10.20.22.4.49"/>
        <!-- Encounter activity template -->
        <id root="703df99c-1e29-0cce-c408-0be4674429ad"/>
        <code  code="185347001" codeSystem="2.16.840.1.113883.6.96" displayName="Encounter for problem">
          <originalText><reference value="#encounters-desc-6"/></originalText>
        </code>
        <text>
          <reference value="#encounters-desc-6"/>
        </text>
        <effectiveTime>
          <low value="20151013184958"/>
          <high value="20151013192122"/>
        </effectiveTime>
      </encounter>
    </entry>
    <entry typeCode="DRIV">
      <encounter classCode="ENC" moodCode="EVN">
		    <templateId root="2.16.840.1.113883.10.20.22.4.49"/>
        <!-- Encounter activity template -->
        <id root="d3441eb6-20a6-1e30-f922-5964e012006c"/>
        <code  code="162673000" codeSystem="2.16.840.1.113883.6.96" displayName="General examination of patient (procedure)">
          <originalText><reference value="#encounters-desc-7"/></originalText>
        </code>
        <text>
          <reference value="#encounters-desc-7"/>
        </text>
        <effectiveTime>
          <low value="20171207054958"/>
          <high value="20171207062109"/>
        </effectiveTime>
      </encounter>
    </entry>
    <entry typeCode="DRIV">
      <encounter classCode="ENC" moodCode="EVN">
		    <templateId root="2.16.840.1.113883.10.20.22.4.49"/>
        <!-- Encounter activity template -->
        <id root="9da8f13a-d84b-4d0e-d9c7-aa260402a177"/>
        <code  code="162673000" codeSystem="2.16.840.1.113883.6.96" displayName="General examination of patient (procedure)">
          <originalText><reference value="#encounters-desc-8"/></originalText>
        </code>
        <text>
          <reference value="#encounters-desc-8"/>
        </text>
        <effectiveTime>
          <low value="20201210054958"/>
          <high value="20201210062636"/>
        </effectiveTime>
      </encounter>
    </entry>
    <entry typeCode="DRIV">
      <encounter classCode="ENC" moodCode="EVN">
		    <templateId root="2.16.840.1.113883.10.20.22.4.49"/>
        <!-- Encounter activity template -->
        <id root="a8ea80e5-7bbc-586e-0e1f-ce6c846dd871"/>
        <code  code="162673000" codeSystem="2.16.840.1.113883.6.96" displayName="General examination of patient (procedure)">
          <originalText><reference value="#encounters-desc-9"/></originalText>
        </code>
        <text>
          <reference value="#encounters-desc-9"/>
        </text>
        <effectiveTime>
          <low value="20231214054958"/>
          <high value="20231214064021"/>
        </effectiveTime>
      </encounter>
    </entry>
  </section>
</component>
<component>
  <!--Vital Signs-->
  <section>
    <templateId root="2.16.840.1.113883.10.20.22.2.4.1" extension="2015-08-01"/>
    <!--Vital Signs section template-->
    <code code="8716-3" codeSystem="2.16.840.1.113883.6.1" codeSystemName="LOINC" displayName="Vital signs"/>
    <title>Vital Signs</title>
<text>
  <table border="1" width="100%">
    <thead>
      <tr>
        <th>Start</th>
        <th>Stop</th>
        <th>Description</th>
        <th>Code</th>
        <th>Value</th>
      </tr>
    </thead>
    <tbody>
        <tr>
          <td>2023-12-14T05:49:58+05:30</td>
          <td></td>
          <td ID="observations-desc-1">Body Height</td>
          <td ID="observations-code-1">http://loinc.org 8302-2</td>
          <td>176.8 cm</td>
        </tr>
        <tr>
          <td>2023-12-14T05:49:58+05:30</td>
          <td></td>
          <td ID="observations-desc-2">Pain severity - 0-10 verbal numeric rating [Score] - Reported</td>
          <td ID="observations-code-2">http://loinc.org 72514-3</td>
          <td>2 {score}</td>
        </tr>
        <tr>
          <td>2023-12-14T05:49:58+05:30</td>
          <td></td>
          <td ID="observations-desc-3">Body Weight</td>
          <td ID="observations-code-3">http://loinc.org 29463-7</td>
          <td>87.1 kg</td>
        </tr>
        <tr>
          <td>2023-12-14T05:49:58+05:30</td>
          <td></td>
          <td ID="observations-desc-4">Body mass index (BMI) [Ratio]</td>
          <td ID="observations-code-4">http://loinc.org 39156-5</td>
          <td>27.87 kg/m2</td>
        </tr>
        <tr>
          <td>2023-12-14T05:49:58+05:30</td>
          <td></td>
          <td ID="observations-desc-5">Heart rate</td>
          <td ID="observations-code-5">http://loinc.org 8867-4</td>
          <td>97 /min</td>
        </tr>
        <tr>
          <td>2023-12-14T05:49:58+05:30</td>
          <td></td>
          <td ID="observations-desc-6">Respiratory rate</td>
          <td ID="observations-code-6">http://loinc.org 9279-1</td>
          <td>15 /min</td>
        </tr>
    </tbody>
  </table>
</text>
    <entry typeCode="DRIV">
      <organizer classCode="CLUSTER" moodCode="EVN">
        <templateId root="2.16.840.1.113883.10.20.22.4.26"/>
        <templateId root="2.16.840.1.113883.10.20.22.4.26" extension="2015-08-01"/>
        <!-- Vital signs organizer template -->
        <id root="6daa2331-1cbb-d13c-7e51-ba9b40942d99"/>
        <code code="46680005" codeSystem="2.16.840.1.113883.6.96" displayName="Vital signs" codeSystemName="SNOMED CT">
          <translation code="74728-7" displayName="Vital signs, weight, height, head circumference, oximetry, BMI, and BSA panel" codeSystem="2.16.840.1.113883.6.1" codeSystemName="LOINC" />
        </code>
        <statusCode code="completed"/>
        <effectiveTime value="20250605054958"/>
        <component>
          <observation classCode="OBS" moodCode="EVN">
            <templateId root="2.16.840.1.113883.10.20.22.4.27"/>
            <templateId root="2.16.840.1.113883.10.20.22.4.27" extension="2014-06-09"/>
            <!-- Result observation template -->
            <id root="7874e0e4-037c-4838-9051-535cb4d94ef7"/>
        <code  code="8302-2" codeSystem="2.16.840.1.113883.6.1" displayName="Body Height">
          <originalText><reference value="#observations-desc-1"/></originalText>
        </code>
            <text>
              <reference value="#observations-desc-1"/>
            </text>
            <statusCode code="completed"/>
            <effectiveTime value="20231214054958"/>
            <value xsi:type="PQ" value="176.8" unit="cm"/>
          </observation>
        </component>
        <component>
          <observation classCode="OBS" moodCode="EVN">
            <templateId root="2.16.840.1.113883.10.20.22.4.27"/>
            <templateId root="2.16.840.1.113883.10.20.22.4.27" extension="2014-06-09"/>
            <!-- Result observation template -->
            <id root="33f51a01-c3ad-d14e-6242-7ec53e225210"/>
        <code  code="72514-3" codeSystem="2.16.840.1.113883.6.1" displayName="Pain severity - 0-10 verbal numeric rating [Score] - Reported">
          <originalText><reference value="#observations-desc-2"/></originalText>
        </code>
            <text>
              <reference value="#observations-desc-2"/>
            </text>
            <statusCode code="completed"/>
            <effectiveTime value="20231214054958"/>
            <value xsi:type="PQ" value="2" unit="{score}"/>
          </observation>
        </component>
        <component>
          <observation classCode="OBS" moodCode="EVN">
            <templateId root="2.16.840.1.113883.10.20.22.4.27"/>
            <templateId root="2.16.840.1.113883.10.20.22.4.27" extension="2014-06-09"/>
            <!-- Result observation template -->
            <id root="73efa627-3ecd-80a4-b54f-91e063b21c73"/>
        <code  code="29463-7" codeSystem="2.16.840.1.113883.6.1" displayName="Body Weight">
          <originalText><reference value="#observations-desc-3"/></originalText>
        </code>
            <text>
              <reference value="#observations-desc-3"/>
            </text>
            <statusCode code="completed"/>
            <effectiveTime value="20231214054958"/>
            <value xsi:type="PQ" value="87.1" unit="kg"/>
          </observation>
        </component>
        <component>
          <observation classCode="OBS" moodCode="EVN">
            <templateId root="2.16.840.1.113883.10.20.22.4.27"/>
            <templateId root="2.16.840.1.113883.10.20.22.4.27" extension="2014-06-09"/>
            <!-- Result observation template -->
            <id root="91205aa7-732c-21df-d84e-02851188ecbb"/>
        <code  code="39156-5" codeSystem="2.16.840.1.113883.6.1" displayName="Body mass index (BMI) [Ratio]">
          <originalText><reference value="#observations-desc-4"/></originalText>
        </code>
            <text>
              <reference value="#observations-desc-4"/>
            </text>
            <statusCode code="completed"/>
            <effectiveTime value="20231214054958"/>
            <value xsi:type="PQ" value="27.87" unit="kg/m2"/>
          </observation>
        </component>
        <component>
          <observation classCode="OBS" moodCode="EVN">
            <templateId root="2.16.840.1.113883.10.20.22.4.27"/>
            <templateId root="2.16.840.1.113883.10.20.22.4.27" extension="2014-06-09"/>
            <!-- Result observation template -->
            <id root="e9b50153-121d-8f39-9c1c-cef059302dae"/>
        <code  code="8867-4" codeSystem="2.16.840.1.113883.6.1" displayName="Heart rate">
          <originalText><reference value="#observations-desc-5"/></originalText>
        </code>
            <text>
              <reference value="#observations-desc-5"/>
            </text>
            <statusCode code="completed"/>
            <effectiveTime value="20231214054958"/>
            <value xsi:type="PQ" value="97" unit="/min"/>
          </observation>
        </component>
        <component>
          <observation classCode="OBS" moodCode="EVN">
            <templateId root="2.16.840.1.113883.10.20.22.4.27"/>
            <templateId root="2.16.840.1.113883.10.20.22.4.27" extension="2014-06-09"/>
            <!-- Result observation template -->
            <id root="8b1c8292-f97e-b2e2-62a1-7e970b6e686f"/>
        <code  code="9279-1" codeSystem="2.16.840.1.113883.6.1" displayName="Respiratory rate">
          <originalText><reference value="#observations-desc-6"/></originalText>
        </code>
            <text>
              <reference value="#observations-desc-6"/>
            </text>
            <statusCode code="completed"/>
            <effectiveTime value="20231214054958"/>
            <value xsi:type="PQ" value="15" unit="/min"/>
          </observation>
        </component>
      </organizer>
    </entry>
  </section>
</component>
<component>
  <!--Immunizations-->
  <section>
    <templateId root="2.16.840.1.113883.10.20.22.2.2" extension="2015-08-01"/>
    <!--Immunizations section template-->
    <code code="11369-6" codeSystem="2.16.840.1.113883.6.1" codeSystemName="LOINC" displayName="History of immunizations"/>
    <title>Immunizations</title>
<text>
  <table border="1" width="100%">
    <thead>
      <tr>
        <th>Start</th>
        <th>Stop</th>
        <th>Description</th>
        <th>Code</th>
      </tr>
    </thead>
    <tbody>
        <tr>
          <td>2023-12-14T05:49:58+05:30</td>
          <td></td>
          <td ID="immunizations-desc-1">Influenza, seasonal, injectable, preservative free</td>
          <td ID="immunizations-code-1">http://hl7.org/fhir/sid/cvx 140</td>
        </tr>
    </tbody>
  </table>
</text>
    <entry typeCode="DRIV">
      <substanceAdministration classCode="SBADM" moodCode="EVN" negationInd="false">
        <templateId root="2.16.840.1.113883.10.20.22.4.52"/>
        <!-- Medication activity template -->
        <id root="8a8d8da1-f59f-6cde-f91f-7b8dfe67a512"/>
        <code code='IMMUNIZ' codeSystem='2.16.840.1.113883.5.4' codeSystemName='ActCode'/>
        <text>
          <reference value="#immunizations-desc-1"/>
        </text>
        <statusCode code="completed"/>
        <effectiveTime value="20231214054958"/>
        <doseQuantity nullFlavor="UNK"/>
        <consumable>
          <manufacturedProduct classCode="MANU">
            <templateId root="2.16.840.1.113883.10.20.22.4.54"/>
            <!-- Product template -->
            <manufacturedMaterial>
        <code  code="140" codeSystem="2.16.840.1.113883.12.292" displayName="Influenza, seasonal, injectable, preservative free">
          <originalText><reference value="#immunizations-desc-1"/></originalText>
        </code>
              <name>Influenza, seasonal, injectable, preservative free</name>
            </manufacturedMaterial>
          </manufacturedProduct>
        </consumable>
      </substanceAdministration>
    </entry>
  </section>
</component>
<component>
  <!--Plan of Care-->
  <section>
    <templateId root="2.16.840.1.113883.10.20.22.2.10"/>
    <templateId root="2.16.840.1.113883.10.20.22.2.10" extension="2014-06-09"/>
    <!--Plan of Care section template-->
    <code code="18776-5" codeSystem="2.16.840.1.113883.6.1" codeSystemName="LOINC" displayName="Treatment plan"/>
    <title>Plan of Care</title>
<text>
  <table border="1" width="100%">
    <thead>
      <tr>
        <th>Start</th>
        <th>Stop</th>
        <th>Description</th>
        <th>Code</th>
      </tr>
    </thead>
    <tbody>
        <tr>
          <td>2015-10-13T19:21:22+05:30</td>
          <td></td>
          <td ID="careplans-desc-1">Self-care interventions (procedure)</td>
          <td ID="careplans-code-1">http://snomed.info/sct 384758001</td>
        </tr>
    </tbody>
  </table>
</text>
  </section>
</component>
<component>
  <!--Social History - CCDA-->
  <section>
    <templateId root="2.16.840.1.113883.10.20.22.2.17" extension="2015-08-01"/>
    <templateId root="2.16.840.1.113883.10.20.22.2.17"/>
    <!-- Social history section template -->
    <code code="29762-2" codeSystem="2.16.840.1.113883.6.1"/>
    <title>Social History</title>
    <text>There is no current social history except smoking status.</text>
    <entry typeCode="DRIV">
      <observation classCode="OBS" moodCode="EVN">
        <templateId root="2.16.840.1.113883.10.20.22.4.78"/>
        <templateId root="2.16.840.1.113883.10.20.22.4.78" extension="2014-06-09"/>
        <!-- Smoking Status Meaningful Use template -->
        <id root="9e216195-3cc6-3001-881c-e11c100a3cc6"/>
        <code code="72166-2" codeSystem="2.16.840.1.113883.6.1" displayName="Tobacco smoking status NHIS" />
        <statusCode code="completed"/>
        <effectiveTime value="20231214054958"/>
        <value xsi:type="CD" code="8517006" displayName="Ex-smoker (finding)" codeSystem="2.16.840.1.113883.6.96"/>
          <author>
            <time value="20250605054958"/>
            <assignedAuthor>
              <id nullFlavor="NA"/>
              <addr nullFlavor="NA" />
              <telecom nullFlavor="NA" />
              <assignedAuthoringDevice>
                <manufacturerModelName>https://github.com/synthetichealth/synthea</manufacturerModelName>
                <softwareName>https://github.com/synthetichealth/synthea</softwareName>
              </assignedAuthoringDevice>
              <representedOrganization>
                <id nullFlavor="NA"/>
                <name>GREATER LOWELL FAMILY PRACTICE PC</name>
                <telecom nullFlavor="NA"/>
                <addr>
                  <streetAddressLine>600 CLARK RD</streetAddressLine>
                  <city>TEWKSBURY</city>
                  <state>MA</state>
                  <postalCode>018761699</postalCode>
                </addr>
              </representedOrganization>
            </assignedAuthor>
          </author>
      </observation>
    </entry>
  </section>
</component><component>
<!--Survey Responses in Functional Status-->
    <section>
        <templateId root="2.16.840.1.113883.10.20.22.2.14" extension="2014-06-09" />
        <templateId root="2.16.840.1.113883.10.20.22.2.14" />
        <!-- Functional Status Section template V2-->
        <code code="47420-5" codeSystem="2.16.840.1.113883.6.1" codeSystemName="LOINC" displayName="Functional Status" />
        <title>Functional Status</title>
<text>
  <table border="1" width="100%">
    <thead>
      <tr>
        <th>Start</th>
        <th>Stop</th>
        <th>Description</th>
        <th>Code</th>
        <th>Value</th>
      </tr>
    </thead>
    <tbody>
        <tr>
          <td>2023-12-14T07:19:13+05:30</td>
          <td></td>
          <td ID="functional-status-desc-1">Patient Health Questionnaire 2 item (PHQ-2) total score [Reported]</td>
          <td ID="functional-status-code-1">http://loinc.org 55758-7</td>
          <td>0 {score}</td>
        </tr>
        <tr>
          <td>2023-12-14T07:52:15+05:30</td>
          <td></td>
          <td ID="functional-status-desc-2">Total score [DAST-10]</td>
          <td ID="functional-status-code-2">http://loinc.org 82667-7</td>
          <td>6 {score}</td>
        </tr>
    </tbody>
  </table>
</text>
        <entry>
         <observation classCode="OBS" moodCode="EVN">
             <templateId root="2.16.840.1.113883.10.20.22.4.69"/>
             <id root="c6069880-b3a3-534b-7778-55846fda4146"/>
        <code  code="55758-7" codeSystem="2.16.840.1.113883.6.1" displayName="Patient Health Questionnaire 2 item (PHQ-2) total score [Reported]">
          <originalText><reference value="#functional-status-desc-1"/></originalText>
        </code>
             <text>
               <reference value="#functional-status-desc-1"/>
             </text>
             <statusCode code="completed"/>
             <effectiveTime value="20231214071913"/>
             <value xsi:type="INT" value="0"/>
         </observation>
        </entry>
        <entry>
         <observation classCode="OBS" moodCode="EVN">
             <templateId root="2.16.840.1.113883.10.20.22.4.69"/>
             <id root="0e24834a-7015-f03e-b6b4-98abe9a1032e"/>
        <code  code="82667-7" codeSystem="2.16.840.1.113883.6.1" displayName="Total score [DAST-10]">
          <originalText><reference value="#functional-status-desc-2"/></originalText>
        </code>
             <text>
               <reference value="#functional-status-desc-2"/>
             </text>
             <statusCode code="completed"/>
             <effectiveTime value="20231214075215"/>
             <value xsi:type="INT" value="6"/>
         </observation>
        </entry>
    </section>
</component>    </structuredBody>
  </component>
</ClinicalDocument>
