<?xml version="1.0" encoding="UTF-8"?>
<ClinicalDocument xmlns="urn:hl7-org:v3" xmlns:sdtc="urn:hl7-org:sdtc" xmlns:xsi="http://www.w3.org/2001/XMLSchema-instance" xsi:schemaLocation="urn:hl7-org:v3 http://xreg2.nist.gov:8080/hitspValidation/schema/cdar2c32/infrastructure/cda/C32_CDA.xsd">
  <realmCode code="US"/>
  <typeId root="2.16.840.1.113883.1.3" extension="POCD_HD000040"/>
  <templateId root="2.16.840.1.113883.10.20.22.1.1" extension="2015-08-01"/>
  <templateId root="2.16.840.1.113883.10.20.22.1.2" extension="2015-08-01"/>
  <id root="2.16.840.1.113883.19.5" extension="a2ea79bd-6e18-694d-9a27-740c8d6a9856" assigningAuthorityName="https://github.com/synthetichealth/synthea"/>
  <code code="34133-9" displayName="Summarization of episode note" codeSystem="2.16.840.1.113883.6.1" codeSystemName="LOINC"/>
  <title>C-CDA R2.1 Patient Record: Willene254 Langosh790</title>
  <effectiveTime value="19590617124523"/>
  <confidentialityCode code="N"/>
  <languageCode code="en-US"/>
  <recordTarget>
    <patientRole>
      <id root="2.16.840.1.113883.19.5" extension="a2ea79bd-6e18-694d-9a27-740c8d6a9856" assigningAuthorityName="https://github.com/synthetichealth/synthea"/>
      <addr use="HP">
        <streetAddressLine>744 Ziemann Park</streetAddressLine>
        <city>Oak Bluffs</city>
        <state>Massachusetts</state>
        <postalCode>00000</postalCode>
      </addr>
      <telecom nullFlavor="NI"/>
      <patient>
        <name>
          <given>Willene254</given>
          <family>Langosh790</family>
        </name>
        <administrativeGenderCode code="F" codeSystem="2.16.840.1.113883.5.1" codeSystemName="HL7 AdministrativeGender"/>
        <birthTime value="19521203124523"/>
        <raceCode code="2106-3" displayName="white" codeSystemName="CDC Race and Ethnicity" codeSystem="2.16.840.1.113883.6.238"/>
        <ethnicGroupCode code="2186-5" displayName="non-hispanic" codeSystemName="CDC Race and Ethnicity" codeSystem="2.16.840.1.113883.6.238"/>
        <languageCommunication>
          <languageCode code="en-US"/>
        </languageCommunication>
      </patient>
    </patientRole>
  </recordTarget>
  <author>
    <time value="19590617124523"/>
    <assignedAuthor>
      <id nullFlavor="NA"/>
      <addr nullFlavor="NA" />
      <telecom nullFlavor="NA" />
      <assignedAuthoringDevice>
        <manufacturerModelName>https://github.com/synthetichealth/synthea</manufacturerModelName>
        <softwareName>https://github.com/synthetichealth/synthea</softwareName>
      </assignedAuthoringDevice>
      <representedOrganization>
        <id nullFlavor="NA"/>
        <name>MARTHA'S VINEYARD HOSPITAL INC</name>
        <telecom nullFlavor="NA"/>
        <addr>
          <streetAddressLine>1 HOSPITAL RD</streetAddressLine>
          <city>OAK BLUFFS</city>
          <state>MA</state>
          <postalCode>025571406</postalCode>
        </addr>
      </representedOrganization>
    </assignedAuthor>
  </author>
  <custodian>
    <assignedCustodian>
      <representedCustodianOrganization>
        <id nullFlavor="NA"/>
        <name>MARTHA'S VINEYARD HOSPITAL INC</name>
        <telecom nullFlavor="NA"/>
        <addr>
          <streetAddressLine>1 HOSPITAL RD</streetAddressLine>
          <city>OAK BLUFFS</city>
          <state>MA</state>
          <postalCode>025571406</postalCode>
        </addr>
      </representedCustodianOrganization>
    </assignedCustodian>
  </custodian>
  <documentationOf>
    <serviceEvent classCode="PCPR">
      <effectiveTime>
        <low value="19521203124523"/>
        <high value="19590617124523"/>
      </effectiveTime>
    </serviceEvent>
  </documentationOf>
  <component>
    <structuredBody>
<component>
  <!-- Allergies: patient has no allergies -->
  <section nullFlavor="NI">
    <templateId root="2.16.840.1.113883.10.20.22.2.6.1" extension="2015-08-01"/>
    <code code="48765-2" codeSystem="2.16.840.1.113883.6.1" codeSystemName="LOINC" displayName="Allergy List"/>
    <title>Allergies</title>                
    <text>There are no current allergies at the time of this document's creation.</text>
  </section>
</component><component>
  <!--Medications-->
  <section>
	<templateId root="2.16.840.1.113883.10.20.22.2.1.1" extension="2014-06-09"/>
    <code code="10160-0" displayName="History of medication use" codeSystem="2.16.840.1.113883.6.1" codeSystemName="LOINC"/>
    <title>Medications</title>
<text>
  <table border="1" width="100%">
    <thead>
      <tr>
        <th>Start</th>
        <th>Stop</th>
        <th>Description</th>
        <th>Code</th>
      </tr>
    </thead>
    <tbody>
        <tr>
          <td>1956-01-08T14:15:43+05:30</td>
          <td></td>
          <td ID="medications-desc-1">clonazePAM 0.25 MG Oral Tablet</td>
          <td ID="medications-code-1">http://www.nlm.nih.gov/research/umls/rxnorm 204892</td>
        </tr>
        <tr>
          <td>1956-11-07T12:45:23+05:30</td>
          <td>1958-04-15T12:45:23+05:30</td>
          <td ID="medications-desc-2">Diazepam 5 MG Oral Tablet</td>
          <td ID="medications-code-2">http://www.nlm.nih.gov/research/umls/rxnorm 197591</td>
        </tr>
        <tr>
          <td>1957-01-09T13:48:28+05:30</td>
          <td>1957-05-27T13:48:28+05:30</td>
          <td ID="medications-desc-3">carbamazepine 20 MG/ML Oral Suspension [Tegretol]</td>
          <td ID="medications-code-3">http://www.nlm.nih.gov/research/umls/rxnorm 308971</td>
        </tr>
        <tr>
          <td>1958-11-19T12:45:23+05:30</td>
          <td></td>
          <td ID="medications-desc-4">carbamazepine 20 MG/ML Oral Suspension [Tegretol]</td>
          <td ID="medications-code-4">http://www.nlm.nih.gov/research/umls/rxnorm 308971</td>
        </tr>
    </tbody>
  </table>
</text>
    <entry>
      <!--CCD Medication activity - Required-->
      <substanceAdministration classCode="SBADM" moodCode="EVN">
        <templateId root="2.16.840.1.113883.10.20.22.4.16"/>
        <templateId root="2.16.840.1.113883.10.20.22.4.16" extension="2014-06-09"/>
        <id root="09ecee35-9881-debc-bfde-dc556f805c05"/>
        <statusCode code="completed"/>
        <effectiveTime xsi:type="IVL_TS">
          <low value="19560108141543"/>
          <high nullFlavor="UNK"/>
        </effectiveTime>
        <doseQuantity value="1"/>
        <consumable>
          <!--CCD Product - Required-->
          <manufacturedProduct classCode="MANU">
            <templateId root="2.16.840.1.113883.10.20.22.4.23"/>
            <templateId root="2.16.840.1.113883.10.20.22.4.23" extension="2014-06-09"/>
            <manufacturedMaterial>
        <code  code="204892" codeSystem="2.16.840.1.113883.6.88" displayName="clonazePAM 0.25 MG Oral Tablet">
          <originalText><reference value="#medications-desc-1"/></originalText>
        </code>
              <name>clonazePAM 0.25 MG Oral Tablet</name>
            </manufacturedMaterial>
          </manufacturedProduct>
        </consumable>
      </substanceAdministration>
    </entry>
    <entry>
      <!--CCD Medication activity - Required-->
      <substanceAdministration classCode="SBADM" moodCode="EVN">
        <templateId root="2.16.840.1.113883.10.20.22.4.16"/>
        <templateId root="2.16.840.1.113883.10.20.22.4.16" extension="2014-06-09"/>
        <id root="65e848d3-12e7-b22f-6ea6-ea1f272f8a8c"/>
        <statusCode code="completed"/>
        <effectiveTime xsi:type="IVL_TS">
          <low value="19561107124523"/>
          <high value="19580415124523"/>
        </effectiveTime>
        <doseQuantity value="1"/>
        <consumable>
          <!--CCD Product - Required-->
          <manufacturedProduct classCode="MANU">
            <templateId root="2.16.840.1.113883.10.20.22.4.23"/>
            <templateId root="2.16.840.1.113883.10.20.22.4.23" extension="2014-06-09"/>
            <manufacturedMaterial>
        <code  code="197591" codeSystem="2.16.840.1.113883.6.88" displayName="Diazepam 5 MG Oral Tablet">
          <originalText><reference value="#medications-desc-2"/></originalText>
        </code>
              <name>Diazepam 5 MG Oral Tablet</name>
            </manufacturedMaterial>
          </manufacturedProduct>
        </consumable>
      </substanceAdministration>
    </entry>
    <entry>
      <!--CCD Medication activity - Required-->
      <substanceAdministration classCode="SBADM" moodCode="EVN">
        <templateId root="2.16.840.1.113883.10.20.22.4.16"/>
        <templateId root="2.16.840.1.113883.10.20.22.4.16" extension="2014-06-09"/>
        <id root="b318a6ce-2bfc-fe8e-8684-66cc6d21465c"/>
        <statusCode code="completed"/>
        <effectiveTime xsi:type="IVL_TS">
          <low value="19570109134828"/>
          <high value="19570527134828"/>
        </effectiveTime>
        <doseQuantity value="1"/>
        <consumable>
          <!--CCD Product - Required-->
          <manufacturedProduct classCode="MANU">
            <templateId root="2.16.840.1.113883.10.20.22.4.23"/>
            <templateId root="2.16.840.1.113883.10.20.22.4.23" extension="2014-06-09"/>
            <manufacturedMaterial>
        <code  code="308971" codeSystem="2.16.840.1.113883.6.88" displayName="carbamazepine 20 MG/ML Oral Suspension [Tegretol]">
          <originalText><reference value="#medications-desc-3"/></originalText>
        </code>
              <name>carbamazepine 20 MG/ML Oral Suspension [Tegretol]</name>
            </manufacturedMaterial>
          </manufacturedProduct>
        </consumable>
      </substanceAdministration>
    </entry>
    <entry>
      <!--CCD Medication activity - Required-->
      <substanceAdministration classCode="SBADM" moodCode="EVN">
        <templateId root="2.16.840.1.113883.10.20.22.4.16"/>
        <templateId root="2.16.840.1.113883.10.20.22.4.16" extension="2014-06-09"/>
        <id root="bba3c850-cda7-207f-93ac-8a0f61fcc480"/>
        <statusCode code="completed"/>
        <effectiveTime xsi:type="IVL_TS">
          <low value="19581119124523"/>
          <high nullFlavor="UNK"/>
        </effectiveTime>
        <doseQuantity value="1"/>
        <consumable>
          <!--CCD Product - Required-->
          <manufacturedProduct classCode="MANU">
            <templateId root="2.16.840.1.113883.10.20.22.4.23"/>
            <templateId root="2.16.840.1.113883.10.20.22.4.23" extension="2014-06-09"/>
            <manufacturedMaterial>
        <code  code="308971" codeSystem="2.16.840.1.113883.6.88" displayName="carbamazepine 20 MG/ML Oral Suspension [Tegretol]">
          <originalText><reference value="#medications-desc-4"/></originalText>
        </code>
              <name>carbamazepine 20 MG/ML Oral Suspension [Tegretol]</name>
            </manufacturedMaterial>
          </manufacturedProduct>
        </consumable>
      </substanceAdministration>
    </entry>
  </section>
</component>
<component>
  <!--Diagnostic Results-->
  <section>
    <templateId root="2.16.840.1.113883.10.20.22.2.3.1" extension="2015-08-01"/>
    <templateId root="2.16.840.1.113883.10.20.22.2.3.1"/>
    <!--Diagnostic Results section template-->
    <code code="30954-2" codeSystem="2.16.840.1.113883.6.1" codeSystemName="LOINC" displayName="Results"/>
    <title>Diagnostic Results</title>
<text>
  <table border="1" width="100%">
    <thead>
      <tr>
        <th>Start</th>
        <th>Stop</th>
        <th>Description</th>
        <th>Code</th>
      </tr>
    </thead>
    <tbody>
        <tr>
          <td>1958-11-19T12:45:23+05:30</td>
          <td></td>
          <td ID="reports-desc-1">CBC panel - Blood by Automated count</td>
          <td ID="reports-code-1">http://loinc.org 58410-2</td>
        </tr>
        <tr>
          <td>1959-06-17T12:45:23+05:30</td>
          <td></td>
          <td ID="reports-desc-2">U.S. standard certificate of death - 2003 revision</td>
          <td ID="reports-code-2">http://loinc.org 69409-1</td>
        </tr>
    </tbody>
  </table>
</text>
    <entry typeCode="DRIV">
      <organizer classCode="BATTERY" moodCode="EVN">
        <templateId root="2.16.840.1.113883.10.20.22.4.1" extension="2015-08-01"/>
        <templateId root="2.16.840.1.113883.10.20.22.4.1"/>
        <!--Result organizer template -->
        <id root="58724d8c-7a9c-fa1b-699e-7328170e4775"/>
        <code code="58410-2" codeSystem="2.16.840.1.113883.6.1" codeSystemName="LOINC" displayName="CBC panel - Blood by Automated count"/>
        <statusCode code="completed"/>
        <effectiveTime>
          <low value="19581119124523"/>
          <high value="19581119124523"/>
        </effectiveTime>
        <component>
          <observation classCode="OBS" moodCode="EVN">
            <templateId root="2.16.840.1.113883.10.20.22.4.2" extension="2015-08-01"/>
            <templateId root="2.16.840.1.113883.10.20.22.4.2"/>
            <id root="1347aa80-e9de-4d4f-172b-714101301060"/>
        <code  code="6690-2" codeSystem="2.16.840.1.113883.6.1" displayName="Leukocytes [#/volume] in Blood by Automated count">
          <originalText><reference value="#reports-desc-1"/></originalText>
        </code>
            <text>
              <reference value="#reports-desc-1"/>
            </text>
            <statusCode code="completed"/>
            <effectiveTime value="19581119124523"/>
            <value xsi:type="PQ" value="7.835738382402365" unit="10*3/uL"/>
          </observation>
        </component>
        <component>
          <observation classCode="OBS" moodCode="EVN">
            <templateId root="2.16.840.1.113883.10.20.22.4.2" extension="2015-08-01"/>
            <templateId root="2.16.840.1.113883.10.20.22.4.2"/>
            <id root="22c3b28f-80b1-78a0-4cd7-7c1ac084a204"/>
        <code  code="789-8" codeSystem="2.16.840.1.113883.6.1" displayName="Erythrocytes [#/volume] in Blood by Automated count">
          <originalText><reference value="#reports-desc-1"/></originalText>
        </code>
            <text>
              <reference value="#reports-desc-1"/>
            </text>
            <statusCode code="completed"/>
            <effectiveTime value="19581119124523"/>
            <value xsi:type="PQ" value="4.552901903123038" unit="10*6/uL"/>
          </observation>
        </component>
        <component>
          <observation classCode="OBS" moodCode="EVN">
            <templateId root="2.16.840.1.113883.10.20.22.4.2" extension="2015-08-01"/>
            <templateId root="2.16.840.1.113883.10.20.22.4.2"/>
            <id root="396c5122-4287-12aa-ca77-253ecc58c35a"/>
        <code  code="718-7" codeSystem="2.16.840.1.113883.6.1" displayName="Hemoglobin [Mass/volume] in Blood">
          <originalText><reference value="#reports-desc-1"/></originalText>
        </code>
            <text>
              <reference value="#reports-desc-1"/>
            </text>
            <statusCode code="completed"/>
            <effectiveTime value="19581119124523"/>
            <value xsi:type="PQ" value="14.83483188881623" unit="g/dL"/>
          </observation>
        </component>
        <component>
          <observation classCode="OBS" moodCode="EVN">
            <templateId root="2.16.840.1.113883.10.20.22.4.2" extension="2015-08-01"/>
            <templateId root="2.16.840.1.113883.10.20.22.4.2"/>
            <id root="9e0463c8-570b-a714-5708-f71ab36f07c7"/>
        <code  code="4544-3" codeSystem="2.16.840.1.113883.6.1" displayName="Hematocrit [Volume Fraction] of Blood by Automated count">
          <originalText><reference value="#reports-desc-1"/></originalText>
        </code>
            <text>
              <reference value="#reports-desc-1"/>
            </text>
            <statusCode code="completed"/>
            <effectiveTime value="19581119124523"/>
            <value xsi:type="PQ" value="41.11104049877636" unit="%"/>
          </observation>
        </component>
        <component>
          <observation classCode="OBS" moodCode="EVN">
            <templateId root="2.16.840.1.113883.10.20.22.4.2" extension="2015-08-01"/>
            <templateId root="2.16.840.1.113883.10.20.22.4.2"/>
            <id root="71450230-2ea0-fcc0-c4fe-16a8a76923d9"/>
        <code  code="787-2" codeSystem="2.16.840.1.113883.6.1" displayName="MCV [Entitic volume] by Automated count">
          <originalText><reference value="#reports-desc-1"/></originalText>
        </code>
            <text>
              <reference value="#reports-desc-1"/>
            </text>
            <statusCode code="completed"/>
            <effectiveTime value="19581119124523"/>
            <value xsi:type="PQ" value="90.86563011173095" unit="fL"/>
          </observation>
        </component>
        <component>
          <observation classCode="OBS" moodCode="EVN">
            <templateId root="2.16.840.1.113883.10.20.22.4.2" extension="2015-08-01"/>
            <templateId root="2.16.840.1.113883.10.20.22.4.2"/>
            <id root="8594d848-82ba-588c-0877-5f36976ee191"/>
        <code  code="785-6" codeSystem="2.16.840.1.113883.6.1" displayName="MCH [Entitic mass] by Automated count">
          <originalText><reference value="#reports-desc-1"/></originalText>
        </code>
            <text>
              <reference value="#reports-desc-1"/>
            </text>
            <statusCode code="completed"/>
            <effectiveTime value="19581119124523"/>
            <value xsi:type="PQ" value="27.488536477100467" unit="pg"/>
          </observation>
        </component>
        <component>
          <observation classCode="OBS" moodCode="EVN">
            <templateId root="2.16.840.1.113883.10.20.22.4.2" extension="2015-08-01"/>
            <templateId root="2.16.840.1.113883.10.20.22.4.2"/>
            <id root="6e28566f-af8e-c509-2bbf-1ed599ae857c"/>
        <code  code="786-4" codeSystem="2.16.840.1.113883.6.1" displayName="MCHC [Mass/volume] by Automated count">
          <originalText><reference value="#reports-desc-1"/></originalText>
        </code>
            <text>
              <reference value="#reports-desc-1"/>
            </text>
            <statusCode code="completed"/>
            <effectiveTime value="19581119124523"/>
            <value xsi:type="PQ" value="35.106836147827245" unit="g/dL"/>
          </observation>
        </component>
        <component>
          <observation classCode="OBS" moodCode="EVN">
            <templateId root="2.16.840.1.113883.10.20.22.4.2" extension="2015-08-01"/>
            <templateId root="2.16.840.1.113883.10.20.22.4.2"/>
            <id root="65becf12-3f68-5f94-8146-7672abda85e6"/>
        <code  code="21000-5" codeSystem="2.16.840.1.113883.6.1" displayName="Erythrocyte distribution width [Entitic volume] by Automated count">
          <originalText><reference value="#reports-desc-1"/></originalText>
        </code>
            <text>
              <reference value="#reports-desc-1"/>
            </text>
            <statusCode code="completed"/>
            <effectiveTime value="19581119124523"/>
            <value xsi:type="PQ" value="40.35774589837337" unit="fL"/>
          </observation>
        </component>
        <component>
          <observation classCode="OBS" moodCode="EVN">
            <templateId root="2.16.840.1.113883.10.20.22.4.2" extension="2015-08-01"/>
            <templateId root="2.16.840.1.113883.10.20.22.4.2"/>
            <id root="6af99e4f-4026-6791-1c15-08075e6e2b8e"/>
        <code  code="777-3" codeSystem="2.16.840.1.113883.6.1" displayName="Platelets [#/volume] in Blood by Automated count">
          <originalText><reference value="#reports-desc-1"/></originalText>
        </code>
            <text>
              <reference value="#reports-desc-1"/>
            </text>
            <statusCode code="completed"/>
            <effectiveTime value="19581119124523"/>
            <value xsi:type="PQ" value="254.93635882957886" unit="10*3/uL"/>
          </observation>
        </component>
        <component>
          <observation classCode="OBS" moodCode="EVN">
            <templateId root="2.16.840.1.113883.10.20.22.4.2" extension="2015-08-01"/>
            <templateId root="2.16.840.1.113883.10.20.22.4.2"/>
            <id root="ea7d537e-d32a-a6c5-6b06-0a63a4d4b7a2"/>
        <code  code="32207-3" codeSystem="2.16.840.1.113883.6.1" displayName="Platelet distribution width [Entitic volume] in Blood by Automated count">
          <originalText><reference value="#reports-desc-1"/></originalText>
        </code>
            <text>
              <reference value="#reports-desc-1"/>
            </text>
            <statusCode code="completed"/>
            <effectiveTime value="19581119124523"/>
            <value xsi:type="PQ" value="416.8182878347001" unit="fL"/>
          </observation>
        </component>
        <component>
          <observation classCode="OBS" moodCode="EVN">
            <templateId root="2.16.840.1.113883.10.20.22.4.2" extension="2015-08-01"/>
            <templateId root="2.16.840.1.113883.10.20.22.4.2"/>
            <id root="1ccad5a1-5df0-d1fc-1a28-dd84415a8cee"/>
        <code  code="32623-1" codeSystem="2.16.840.1.113883.6.1" displayName="Platelet mean volume [Entitic volume] in Blood by Automated count">
          <originalText><reference value="#reports-desc-1"/></originalText>
        </code>
            <text>
              <reference value="#reports-desc-1"/>
            </text>
            <statusCode code="completed"/>
            <effectiveTime value="19581119124523"/>
            <value xsi:type="PQ" value="11.195853352734172" unit="fL"/>
          </observation>
        </component>
      </organizer>
    </entry>
    <entry typeCode="DRIV">
      <organizer classCode="BATTERY" moodCode="EVN">
        <templateId root="2.16.840.1.113883.10.20.22.4.1" extension="2015-08-01"/>
        <templateId root="2.16.840.1.113883.10.20.22.4.1"/>
        <!--Result organizer template -->
        <id root="c2cd85ec-6f4d-b630-375d-36fa99905a6b"/>
        <code code="69409-1" codeSystem="2.16.840.1.113883.6.1" codeSystemName="LOINC" displayName="U.S. standard certificate of death - 2003 revision"/>
        <statusCode code="completed"/>
        <effectiveTime>
          <low value="19590617124523"/>
          <high value="19590617124523"/>
        </effectiveTime>
        <component>
          <observation classCode="OBS" moodCode="EVN">
            <templateId root="2.16.840.1.113883.10.20.22.4.2" extension="2015-08-01"/>
            <templateId root="2.16.840.1.113883.10.20.22.4.2"/>
            <id root="e34a5b6d-985d-e4cf-97bc-35903a8c113c"/>
        <code  code="69453-9" codeSystem="2.16.840.1.113883.6.1" displayName="Cause of Death [US Standard Certificate of Death]">
          <originalText><reference value="#reports-desc-2"/></originalText>
        </code>
            <text>
              <reference value="#reports-desc-2"/>
            </text>
            <statusCode code="completed"/>
            <effectiveTime value="19590617124523"/>
            <value xsi:type="ST">{entry.value}</value>
          </observation>
        </component>
      </organizer>
    </entry>
  </section>
</component><component>
  <!--Problems-->
  <section>
    <templateId root="2.16.840.1.113883.10.20.22.2.5.1" extension="2015-08-01"/>
    <!--Problems section template-->
    <code code="11450-4" codeSystem="2.16.840.1.113883.6.1" codeSystemName="LOINC" displayName="Problem list"/>
    <title>Problems</title>
<text>
  <table border="1" width="100%">
    <thead>
      <tr>
        <th>Start</th>
        <th>Stop</th>
        <th>Description</th>
        <th>Code</th>
      </tr>
    </thead>
    <tbody>
        <tr>
          <td>1956-01-08T12:45:23+05:30</td>
          <td></td>
          <td ID="conditions-desc-1">Seizure disorder</td>
          <td ID="conditions-code-1">http://snomed.info/sct 128613002</td>
        </tr>
        <tr>
          <td>1956-01-08T12:45:23+05:30</td>
          <td></td>
          <td ID="conditions-desc-2">History of single seizure (situation)</td>
          <td ID="conditions-code-2">http://snomed.info/sct 703151001</td>
        </tr>
        <tr>
          <td>1956-01-08T14:15:43+05:30</td>
          <td></td>
          <td ID="conditions-desc-3">Epilepsy</td>
          <td ID="conditions-code-3">http://snomed.info/sct 84757009</td>
        </tr>
        <tr>
          <td>1957-11-13T12:45:23+05:30</td>
          <td>1957-11-13T12:45:23+05:30</td>
          <td ID="conditions-desc-4">Medication review due (situation)</td>
          <td ID="conditions-code-4">http://snomed.info/sct 314529007</td>
        </tr>
        <tr>
          <td>1958-11-19T12:45:23+05:30</td>
          <td>1958-11-19T12:45:23+05:30</td>
          <td ID="conditions-desc-5">Medication review due (situation)</td>
          <td ID="conditions-code-5">http://snomed.info/sct 314529007</td>
        </tr>
    </tbody>
  </table>
</text>
    <entry typeCode="DRIV">
      <act classCode="ACT" moodCode="EVN">
        <templateId root="2.16.840.1.113883.10.20.22.4.3"/>
        <templateId root="2.16.840.1.113883.10.20.22.4.3" extension="2015-08-01"/>
        <!-- Problem act template -->
        <id root="90f5a705-efbe-88bf-51d2-84f37f6c39bb"/>
        <code nullFlavor="NA"/>
        <statusCode code="active"/>
        <effectiveTime>
          <low value="19560108124523"/>
          
        </effectiveTime>
        <entryRelationship typeCode="SUBJ" inversionInd="false">
          <observation classCode="OBS" moodCode="EVN">
            <templateId root="2.16.840.1.113883.10.20.22.4.4"/>
            <templateId root="2.16.840.1.113883.10.20.22.4.4" extension="2015-08-01"/>
            <!--Problem observation template - NOT episode template-->
            <id root="75b2a556-d9f9-d7d6-9342-2f28f2f72a17"/>
            <code code="64572001" displayName="Condition" codeSystem="2.16.840.1.113883.6.96" codeSystemName="SNOMED-CT">
              <translation code="75323-6" displayName="Condition" codeSystem="2.16.840.1.113883.6.1" codeSystemName="LOINC"/>
            </code>
            <text>
              <reference value="#conditions-desc-1"/>
            </text>
            <statusCode code="completed"/>
            <effectiveTime>
              <low value="19560108124523"/>
              
            </effectiveTime>
            <priorityCode code="8319008" codeSystem="2.16.840.1.113883.6.96" displayName="Principal diagnosis" />
        <value xsi:type="CD" code="128613002" codeSystem="2.16.840.1.113883.6.96" displayName="Seizure disorder">
          <originalText><reference value="#conditions-desc-1"/></originalText>
        </value>
          </observation>
        </entryRelationship>
      </act>
    </entry>
    <entry typeCode="DRIV">
      <act classCode="ACT" moodCode="EVN">
        <templateId root="2.16.840.1.113883.10.20.22.4.3"/>
        <templateId root="2.16.840.1.113883.10.20.22.4.3" extension="2015-08-01"/>
        <!-- Problem act template -->
        <id root="199c102c-cebd-450e-def5-f9f772bc2d70"/>
        <code nullFlavor="NA"/>
        <statusCode code="active"/>
        <effectiveTime>
          <low value="19560108124523"/>
          
        </effectiveTime>
        <entryRelationship typeCode="SUBJ" inversionInd="false">
          <observation classCode="OBS" moodCode="EVN">
            <templateId root="2.16.840.1.113883.10.20.22.4.4"/>
            <templateId root="2.16.840.1.113883.10.20.22.4.4" extension="2015-08-01"/>
            <!--Problem observation template - NOT episode template-->
            <id root="3b9fc10c-fb78-d4ae-9043-a036614f4a5f"/>
            <code code="64572001" displayName="Condition" codeSystem="2.16.840.1.113883.6.96" codeSystemName="SNOMED-CT">
              <translation code="75323-6" displayName="Condition" codeSystem="2.16.840.1.113883.6.1" codeSystemName="LOINC"/>
            </code>
            <text>
              <reference value="#conditions-desc-2"/>
            </text>
            <statusCode code="completed"/>
            <effectiveTime>
              <low value="19560108124523"/>
              
            </effectiveTime>
            <priorityCode code="8319008" codeSystem="2.16.840.1.113883.6.96" displayName="Principal diagnosis" />
        <value xsi:type="CD" code="703151001" codeSystem="2.16.840.1.113883.6.96" displayName="History of single seizure (situation)">
          <originalText><reference value="#conditions-desc-2"/></originalText>
        </value>
          </observation>
        </entryRelationship>
      </act>
    </entry>
    <entry typeCode="DRIV">
      <act classCode="ACT" moodCode="EVN">
        <templateId root="2.16.840.1.113883.10.20.22.4.3"/>
        <templateId root="2.16.840.1.113883.10.20.22.4.3" extension="2015-08-01"/>
        <!-- Problem act template -->
        <id root="c8dc0bbc-98fb-3962-37a9-734315e8b294"/>
        <code nullFlavor="NA"/>
        <statusCode code="active"/>
        <effectiveTime>
          <low value="19560108141543"/>
          
        </effectiveTime>
        <entryRelationship typeCode="SUBJ" inversionInd="false">
          <observation classCode="OBS" moodCode="EVN">
            <templateId root="2.16.840.1.113883.10.20.22.4.4"/>
            <templateId root="2.16.840.1.113883.10.20.22.4.4" extension="2015-08-01"/>
            <!--Problem observation template - NOT episode template-->
            <id root="e081dcbd-edcf-34ae-c461-43b25594b4a2"/>
            <code code="64572001" displayName="Condition" codeSystem="2.16.840.1.113883.6.96" codeSystemName="SNOMED-CT">
              <translation code="75323-6" displayName="Condition" codeSystem="2.16.840.1.113883.6.1" codeSystemName="LOINC"/>
            </code>
            <text>
              <reference value="#conditions-desc-3"/>
            </text>
            <statusCode code="completed"/>
            <effectiveTime>
              <low value="19560108141543"/>
              
            </effectiveTime>
            <priorityCode code="8319008" codeSystem="2.16.840.1.113883.6.96" displayName="Principal diagnosis" />
        <value xsi:type="CD" code="84757009" codeSystem="2.16.840.1.113883.6.96" displayName="Epilepsy">
          <originalText><reference value="#conditions-desc-3"/></originalText>
        </value>
          </observation>
        </entryRelationship>
      </act>
    </entry>
    <entry typeCode="DRIV">
      <act classCode="ACT" moodCode="EVN">
        <templateId root="2.16.840.1.113883.10.20.22.4.3"/>
        <templateId root="2.16.840.1.113883.10.20.22.4.3" extension="2015-08-01"/>
        <!-- Problem act template -->
        <id root="f4f42375-16b7-2cb0-cb4a-7d4abf9b399b"/>
        <code nullFlavor="NA"/>
        <statusCode code="completed"/>
        <effectiveTime>
          <low value="19571113124523"/>
          <high value="19571113124523"/>
        </effectiveTime>
        <entryRelationship typeCode="SUBJ" inversionInd="false">
          <observation classCode="OBS" moodCode="EVN">
            <templateId root="2.16.840.1.113883.10.20.22.4.4"/>
            <templateId root="2.16.840.1.113883.10.20.22.4.4" extension="2015-08-01"/>
            <!--Problem observation template - NOT episode template-->
            <id root="38053422-a5fc-9745-b314-6fef3723bafe"/>
            <code code="64572001" displayName="Condition" codeSystem="2.16.840.1.113883.6.96" codeSystemName="SNOMED-CT">
              <translation code="75323-6" displayName="Condition" codeSystem="2.16.840.1.113883.6.1" codeSystemName="LOINC"/>
            </code>
            <text>
              <reference value="#conditions-desc-4"/>
            </text>
            <statusCode code="completed"/>
            <effectiveTime>
              <low value="19571113124523"/>
              <high value="19571113124523"/>
            </effectiveTime>
            <priorityCode code="8319008" codeSystem="2.16.840.1.113883.6.96" displayName="Principal diagnosis" />
        <value xsi:type="CD" code="314529007" codeSystem="2.16.840.1.113883.6.96" displayName="Medication review due (situation)">
          <originalText><reference value="#conditions-desc-4"/></originalText>
        </value>
          </observation>
        </entryRelationship>
      </act>
    </entry>
    <entry typeCode="DRIV">
      <act classCode="ACT" moodCode="EVN">
        <templateId root="2.16.840.1.113883.10.20.22.4.3"/>
        <templateId root="2.16.840.1.113883.10.20.22.4.3" extension="2015-08-01"/>
        <!-- Problem act template -->
        <id root="48dc970e-0cbe-c9d3-9761-f8e87ac11c5d"/>
        <code nullFlavor="NA"/>
        <statusCode code="completed"/>
        <effectiveTime>
          <low value="19581119124523"/>
          <high value="19581119124523"/>
        </effectiveTime>
        <entryRelationship typeCode="SUBJ" inversionInd="false">
          <observation classCode="OBS" moodCode="EVN">
            <templateId root="2.16.840.1.113883.10.20.22.4.4"/>
            <templateId root="2.16.840.1.113883.10.20.22.4.4" extension="2015-08-01"/>
            <!--Problem observation template - NOT episode template-->
            <id root="6a98e261-bf39-4b37-08f6-39e8fc89b9f9"/>
            <code code="64572001" displayName="Condition" codeSystem="2.16.840.1.113883.6.96" codeSystemName="SNOMED-CT">
              <translation code="75323-6" displayName="Condition" codeSystem="2.16.840.1.113883.6.1" codeSystemName="LOINC"/>
            </code>
            <text>
              <reference value="#conditions-desc-5"/>
            </text>
            <statusCode code="completed"/>
            <effectiveTime>
              <low value="19581119124523"/>
              <high value="19581119124523"/>
            </effectiveTime>
            <priorityCode code="8319008" codeSystem="2.16.840.1.113883.6.96" displayName="Principal diagnosis" />
        <value xsi:type="CD" code="314529007" codeSystem="2.16.840.1.113883.6.96" displayName="Medication review due (situation)">
          <originalText><reference value="#conditions-desc-5"/></originalText>
        </value>
          </observation>
        </entryRelationship>
      </act>
    </entry>
  </section>
</component>
<component>
  <!--Surgeries-->
  <section>
    <templateId root="2.16.840.1.113883.10.20.22.2.7.1" extension="2014-06-09"/>
    <!--Surgeries section template-->
    <code code="47519-4" codeSystem="2.16.840.1.113883.6.1" codeSystemName="LOINC" displayName="List of surgeries"/>
    <title>Surgeries</title>
<text>
  <table border="1" width="100%">
    <thead>
      <tr>
        <th>Start</th>
        <th>Stop</th>
        <th>Description</th>
        <th>Code</th>
      </tr>
    </thead>
    <tbody>
        <tr>
          <td>1957-11-13T12:45:23+05:30</td>
          <td>1957-11-13T13:00:23+05:30</td>
          <td ID="procedures-desc-1">Medication Reconciliation (procedure)</td>
          <td ID="procedures-code-1">http://snomed.info/sct 430193006</td>
        </tr>
        <tr>
          <td>1958-11-19T12:45:23+05:30</td>
          <td>1958-11-19T13:00:23+05:30</td>
          <td ID="procedures-desc-2">Medication Reconciliation (procedure)</td>
          <td ID="procedures-code-2">http://snomed.info/sct 430193006</td>
        </tr>
        <tr>
          <td>1959-05-20T12:45:23+05:30</td>
          <td>1959-05-20T13:00:23+05:30</td>
          <td ID="procedures-desc-3">Certification procedure (procedure)</td>
          <td ID="procedures-code-3">http://snomed.info/sct 310417005</td>
        </tr>
        <tr>
          <td>1959-05-20T12:45:23+05:30</td>
          <td>1959-05-20T13:00:23+05:30</td>
          <td ID="procedures-desc-4">Notifications (procedure)</td>
          <td ID="procedures-code-4">http://snomed.info/sct 185087000</td>
        </tr>
        <tr>
          <td>1959-05-20T12:45:23+05:30</td>
          <td>1959-05-20T13:00:23+05:30</td>
          <td ID="procedures-desc-5">Initial patient assessment (procedure)</td>
          <td ID="procedures-code-5">http://snomed.info/sct 315639002</td>
        </tr>
        <tr>
          <td>1959-05-20T12:45:23+05:30</td>
          <td>1959-05-20T13:00:23+05:30</td>
          <td ID="procedures-desc-6">Development of individualized plan of care (procedure)</td>
          <td ID="procedures-code-6">http://snomed.info/sct 370789001</td>
        </tr>
        <tr>
          <td>1959-05-20T12:45:23+05:30</td>
          <td>1959-05-20T13:00:23+05:30</td>
          <td ID="procedures-desc-7">Hospice care (regime/therapy)</td>
          <td ID="procedures-code-7">http://snomed.info/sct 385763009</td>
        </tr>
        <tr>
          <td>1959-05-21T12:45:23+05:30</td>
          <td>1959-05-21T13:00:23+05:30</td>
          <td ID="procedures-desc-8">Hospice care (regime/therapy)</td>
          <td ID="procedures-code-8">http://snomed.info/sct 385763009</td>
        </tr>
        <tr>
          <td>1959-05-22T12:45:23+05:30</td>
          <td>1959-05-22T13:00:23+05:30</td>
          <td ID="procedures-desc-9">Hospice care (regime/therapy)</td>
          <td ID="procedures-code-9">http://snomed.info/sct 385763009</td>
        </tr>
        <tr>
          <td>1959-05-23T12:45:23+05:30</td>
          <td>1959-05-23T13:00:23+05:30</td>
          <td ID="procedures-desc-10">Hospice care (regime/therapy)</td>
          <td ID="procedures-code-10">http://snomed.info/sct 385763009</td>
        </tr>
        <tr>
          <td>1959-05-24T12:45:23+05:30</td>
          <td>1959-05-24T13:00:23+05:30</td>
          <td ID="procedures-desc-11">Hospice care (regime/therapy)</td>
          <td ID="procedures-code-11">http://snomed.info/sct 385763009</td>
        </tr>
        <tr>
          <td>1959-05-25T12:45:23+05:30</td>
          <td>1959-05-25T13:00:23+05:30</td>
          <td ID="procedures-desc-12">Hospice care (regime/therapy)</td>
          <td ID="procedures-code-12">http://snomed.info/sct 385763009</td>
        </tr>
        <tr>
          <td>1959-05-26T12:45:23+05:30</td>
          <td>1959-05-26T13:00:23+05:30</td>
          <td ID="procedures-desc-13">Hospice care (regime/therapy)</td>
          <td ID="procedures-code-13">http://snomed.info/sct 385763009</td>
        </tr>
        <tr>
          <td>1959-05-27T12:45:23+05:30</td>
          <td>1959-05-27T13:00:23+05:30</td>
          <td ID="procedures-desc-14">Hospice care (regime/therapy)</td>
          <td ID="procedures-code-14">http://snomed.info/sct 385763009</td>
        </tr>
        <tr>
          <td>1959-05-28T12:45:23+05:30</td>
          <td>1959-05-28T13:00:23+05:30</td>
          <td ID="procedures-desc-15">Hospice care (regime/therapy)</td>
          <td ID="procedures-code-15">http://snomed.info/sct 385763009</td>
        </tr>
        <tr>
          <td>1959-05-29T12:45:23+05:30</td>
          <td>1959-05-29T13:00:23+05:30</td>
          <td ID="procedures-desc-16">Hospice care (regime/therapy)</td>
          <td ID="procedures-code-16">http://snomed.info/sct 385763009</td>
        </tr>
        <tr>
          <td>1959-05-30T12:45:23+05:30</td>
          <td>1959-05-30T13:00:23+05:30</td>
          <td ID="procedures-desc-17">Hospice care (regime/therapy)</td>
          <td ID="procedures-code-17">http://snomed.info/sct 385763009</td>
        </tr>
        <tr>
          <td>1959-05-31T12:45:23+05:30</td>
          <td>1959-05-31T13:00:23+05:30</td>
          <td ID="procedures-desc-18">Hospice care (regime/therapy)</td>
          <td ID="procedures-code-18">http://snomed.info/sct 385763009</td>
        </tr>
        <tr>
          <td>1959-06-01T12:45:23+05:30</td>
          <td>1959-06-01T13:00:23+05:30</td>
          <td ID="procedures-desc-19">Hospice care (regime/therapy)</td>
          <td ID="procedures-code-19">http://snomed.info/sct 385763009</td>
        </tr>
        <tr>
          <td>1959-06-02T12:45:23+05:30</td>
          <td>1959-06-02T13:00:23+05:30</td>
          <td ID="procedures-desc-20">Hospice care (regime/therapy)</td>
          <td ID="procedures-code-20">http://snomed.info/sct 385763009</td>
        </tr>
        <tr>
          <td>1959-06-03T12:45:23+05:30</td>
          <td>1959-06-03T13:00:23+05:30</td>
          <td ID="procedures-desc-21">Hospice care (regime/therapy)</td>
          <td ID="procedures-code-21">http://snomed.info/sct 385763009</td>
        </tr>
        <tr>
          <td>1959-06-04T12:45:23+05:30</td>
          <td>1959-06-04T13:00:23+05:30</td>
          <td ID="procedures-desc-22">Hospice care (regime/therapy)</td>
          <td ID="procedures-code-22">http://snomed.info/sct 385763009</td>
        </tr>
        <tr>
          <td>1959-06-05T12:45:23+05:30</td>
          <td>1959-06-05T13:00:23+05:30</td>
          <td ID="procedures-desc-23">Hospice care (regime/therapy)</td>
          <td ID="procedures-code-23">http://snomed.info/sct 385763009</td>
        </tr>
        <tr>
          <td>1959-06-06T12:45:23+05:30</td>
          <td>1959-06-06T13:00:23+05:30</td>
          <td ID="procedures-desc-24">Hospice care (regime/therapy)</td>
          <td ID="procedures-code-24">http://snomed.info/sct 385763009</td>
        </tr>
        <tr>
          <td>1959-06-07T12:45:23+05:30</td>
          <td>1959-06-07T13:00:23+05:30</td>
          <td ID="procedures-desc-25">Hospice care (regime/therapy)</td>
          <td ID="procedures-code-25">http://snomed.info/sct 385763009</td>
        </tr>
        <tr>
          <td>1959-06-08T12:45:23+05:30</td>
          <td>1959-06-08T13:00:23+05:30</td>
          <td ID="procedures-desc-26">Hospice care (regime/therapy)</td>
          <td ID="procedures-code-26">http://snomed.info/sct 385763009</td>
        </tr>
        <tr>
          <td>1959-06-09T12:45:23+05:30</td>
          <td>1959-06-09T13:00:23+05:30</td>
          <td ID="procedures-desc-27">Hospice care (regime/therapy)</td>
          <td ID="procedures-code-27">http://snomed.info/sct 385763009</td>
        </tr>
        <tr>
          <td>1959-06-10T12:45:23+05:30</td>
          <td>1959-06-10T13:00:23+05:30</td>
          <td ID="procedures-desc-28">Hospice care (regime/therapy)</td>
          <td ID="procedures-code-28">http://snomed.info/sct 385763009</td>
        </tr>
    </tbody>
  </table>
</text>
    <entry typeCode="DRIV">
      <procedure classCode="PROC" moodCode="EVN">
        <templateId root="2.16.840.1.113883.10.20.22.4.14"/>
        <!-- Procedure activity template -->
        <id root="426b4b2e-fc44-65f0-ad19-05806b9df788"/>
        <code  code="430193006" codeSystem="2.16.840.1.113883.6.96" displayName="Medication Reconciliation (procedure)">
          <originalText><reference value="#procedures-desc-1"/></originalText>
        </code>
        <text>
          <reference value="#procedures-desc-1"/>
        </text>
        <statusCode code="completed"/>
        <effectiveTime value="19571113124523"/>
      </procedure>
    </entry>
    <entry typeCode="DRIV">
      <procedure classCode="PROC" moodCode="EVN">
        <templateId root="2.16.840.1.113883.10.20.22.4.14"/>
        <!-- Procedure activity template -->
        <id root="dedf8f4b-a059-5c17-93d4-5fc9f69a1174"/>
        <code  code="430193006" codeSystem="2.16.840.1.113883.6.96" displayName="Medication Reconciliation (procedure)">
          <originalText><reference value="#procedures-desc-2"/></originalText>
        </code>
        <text>
          <reference value="#procedures-desc-2"/>
        </text>
        <statusCode code="completed"/>
        <effectiveTime value="19581119124523"/>
      </procedure>
    </entry>
    <entry typeCode="DRIV">
      <procedure classCode="PROC" moodCode="EVN">
        <templateId root="2.16.840.1.113883.10.20.22.4.14"/>
        <!-- Procedure activity template -->
        <id root="3a1f9048-2ab0-fa33-d7ee-4a11e79b4134"/>
        <code  code="310417005" codeSystem="2.16.840.1.113883.6.96" displayName="Certification procedure (procedure)">
          <originalText><reference value="#procedures-desc-3"/></originalText>
        </code>
        <text>
          <reference value="#procedures-desc-3"/>
        </text>
        <statusCode code="completed"/>
        <effectiveTime value="19590520124523"/>
      </procedure>
    </entry>
    <entry typeCode="DRIV">
      <procedure classCode="PROC" moodCode="EVN">
        <templateId root="2.16.840.1.113883.10.20.22.4.14"/>
        <!-- Procedure activity template -->
        <id root="4acc6fe0-56a9-0ff4-f4eb-7c229bde413c"/>
        <code  code="185087000" codeSystem="2.16.840.1.113883.6.96" displayName="Notifications (procedure)">
          <originalText><reference value="#procedures-desc-4"/></originalText>
        </code>
        <text>
          <reference value="#procedures-desc-4"/>
        </text>
        <statusCode code="completed"/>
        <effectiveTime value="19590520124523"/>
      </procedure>
    </entry>
    <entry typeCode="DRIV">
      <procedure classCode="PROC" moodCode="EVN">
        <templateId root="2.16.840.1.113883.10.20.22.4.14"/>
        <!-- Procedure activity template -->
        <id root="d3b30a17-98b8-9bd6-547f-8961faab3743"/>
        <code  code="315639002" codeSystem="2.16.840.1.113883.6.96" displayName="Initial patient assessment (procedure)">
          <originalText><reference value="#procedures-desc-5"/></originalText>
        </code>
        <text>
          <reference value="#procedures-desc-5"/>
        </text>
        <statusCode code="completed"/>
        <effectiveTime value="19590520124523"/>
      </procedure>
    </entry>
    <entry typeCode="DRIV">
      <procedure classCode="PROC" moodCode="EVN">
        <templateId root="2.16.840.1.113883.10.20.22.4.14"/>
        <!-- Procedure activity template -->
        <id root="a23a26c8-84d5-f216-7d7a-762f9ff09703"/>
        <code  code="370789001" codeSystem="2.16.840.1.113883.6.96" displayName="Development of individualized plan of care (procedure)">
          <originalText><reference value="#procedures-desc-6"/></originalText>
        </code>
        <text>
          <reference value="#procedures-desc-6"/>
        </text>
        <statusCode code="completed"/>
        <effectiveTime value="19590520124523"/>
      </procedure>
    </entry>
    <entry typeCode="DRIV">
      <procedure classCode="PROC" moodCode="EVN">
        <templateId root="2.16.840.1.113883.10.20.22.4.14"/>
        <!-- Procedure activity template -->
        <id root="60ff5494-c0f2-81bc-e614-0926be25f727"/>
        <code  code="385763009" codeSystem="2.16.840.1.113883.6.96" displayName="Hospice care (regime/therapy)">
          <originalText><reference value="#procedures-desc-7"/></originalText>
        </code>
        <text>
          <reference value="#procedures-desc-7"/>
        </text>
        <statusCode code="completed"/>
        <effectiveTime value="19590520124523"/>
      </procedure>
    </entry>
    <entry typeCode="DRIV">
      <procedure classCode="PROC" moodCode="EVN">
        <templateId root="2.16.840.1.113883.10.20.22.4.14"/>
        <!-- Procedure activity template -->
        <id root="4003bbfa-c638-6b3d-2567-c81a9f4c9e9b"/>
        <code  code="385763009" codeSystem="2.16.840.1.113883.6.96" displayName="Hospice care (regime/therapy)">
          <originalText><reference value="#procedures-desc-8"/></originalText>
        </code>
        <text>
          <reference value="#procedures-desc-8"/>
        </text>
        <statusCode code="completed"/>
        <effectiveTime value="19590521124523"/>
      </procedure>
    </entry>
    <entry typeCode="DRIV">
      <procedure classCode="PROC" moodCode="EVN">
        <templateId root="2.16.840.1.113883.10.20.22.4.14"/>
        <!-- Procedure activity template -->
        <id root="ce29e84e-329d-3d49-5678-4f750a11d14f"/>
        <code  code="385763009" codeSystem="2.16.840.1.113883.6.96" displayName="Hospice care (regime/therapy)">
          <originalText><reference value="#procedures-desc-9"/></originalText>
        </code>
        <text>
          <reference value="#procedures-desc-9"/>
        </text>
        <statusCode code="completed"/>
        <effectiveTime value="19590522124523"/>
      </procedure>
    </entry>
    <entry typeCode="DRIV">
      <procedure classCode="PROC" moodCode="EVN">
        <templateId root="2.16.840.1.113883.10.20.22.4.14"/>
        <!-- Procedure activity template -->
        <id root="1a630d00-c675-f1a2-65c8-ce1ce6df4d0b"/>
        <code  code="385763009" codeSystem="2.16.840.1.113883.6.96" displayName="Hospice care (regime/therapy)">
          <originalText><reference value="#procedures-desc-10"/></originalText>
        </code>
        <text>
          <reference value="#procedures-desc-10"/>
        </text>
        <statusCode code="completed"/>
        <effectiveTime value="19590523124523"/>
      </procedure>
    </entry>
    <entry typeCode="DRIV">
      <procedure classCode="PROC" moodCode="EVN">
        <templateId root="2.16.840.1.113883.10.20.22.4.14"/>
        <!-- Procedure activity template -->
        <id root="4479c26d-72c1-1fcb-f052-c13f4e2bd2c0"/>
        <code  code="385763009" codeSystem="2.16.840.1.113883.6.96" displayName="Hospice care (regime/therapy)">
          <originalText><reference value="#procedures-desc-11"/></originalText>
        </code>
        <text>
          <reference value="#procedures-desc-11"/>
        </text>
        <statusCode code="completed"/>
        <effectiveTime value="19590524124523"/>
      </procedure>
    </entry>
    <entry typeCode="DRIV">
      <procedure classCode="PROC" moodCode="EVN">
        <templateId root="2.16.840.1.113883.10.20.22.4.14"/>
        <!-- Procedure activity template -->
        <id root="fe0f9a63-29a8-d41f-7b52-960818498cfa"/>
        <code  code="385763009" codeSystem="2.16.840.1.113883.6.96" displayName="Hospice care (regime/therapy)">
          <originalText><reference value="#procedures-desc-12"/></originalText>
        </code>
        <text>
          <reference value="#procedures-desc-12"/>
        </text>
        <statusCode code="completed"/>
        <effectiveTime value="19590525124523"/>
      </procedure>
    </entry>
    <entry typeCode="DRIV">
      <procedure classCode="PROC" moodCode="EVN">
        <templateId root="2.16.840.1.113883.10.20.22.4.14"/>
        <!-- Procedure activity template -->
        <id root="06b2994c-e3ad-7c29-ed51-c16858bc4654"/>
        <code  code="385763009" codeSystem="2.16.840.1.113883.6.96" displayName="Hospice care (regime/therapy)">
          <originalText><reference value="#procedures-desc-13"/></originalText>
        </code>
        <text>
          <reference value="#procedures-desc-13"/>
        </text>
        <statusCode code="completed"/>
        <effectiveTime value="19590526124523"/>
      </procedure>
    </entry>
    <entry typeCode="DRIV">
      <procedure classCode="PROC" moodCode="EVN">
        <templateId root="2.16.840.1.113883.10.20.22.4.14"/>
        <!-- Procedure activity template -->
        <id root="ef6e9d92-8fa2-c432-8854-1018d518132e"/>
        <code  code="385763009" codeSystem="2.16.840.1.113883.6.96" displayName="Hospice care (regime/therapy)">
          <originalText><reference value="#procedures-desc-14"/></originalText>
        </code>
        <text>
          <reference value="#procedures-desc-14"/>
        </text>
        <statusCode code="completed"/>
        <effectiveTime value="19590527124523"/>
      </procedure>
    </entry>
    <entry typeCode="DRIV">
      <procedure classCode="PROC" moodCode="EVN">
        <templateId root="2.16.840.1.113883.10.20.22.4.14"/>
        <!-- Procedure activity template -->
        <id root="cbef02e6-c654-d012-4d2d-221dbaa9155f"/>
        <code  code="385763009" codeSystem="2.16.840.1.113883.6.96" displayName="Hospice care (regime/therapy)">
          <originalText><reference value="#procedures-desc-15"/></originalText>
        </code>
        <text>
          <reference value="#procedures-desc-15"/>
        </text>
        <statusCode code="completed"/>
        <effectiveTime value="19590528124523"/>
      </procedure>
    </entry>
    <entry typeCode="DRIV">
      <procedure classCode="PROC" moodCode="EVN">
        <templateId root="2.16.840.1.113883.10.20.22.4.14"/>
        <!-- Procedure activity template -->
        <id root="dbb97ec9-b083-0cc0-9c38-1a1930c210a5"/>
        <code  code="385763009" codeSystem="2.16.840.1.113883.6.96" displayName="Hospice care (regime/therapy)">
          <originalText><reference value="#procedures-desc-16"/></originalText>
        </code>
        <text>
          <reference value="#procedures-desc-16"/>
        </text>
        <statusCode code="completed"/>
        <effectiveTime value="19590529124523"/>
      </procedure>
    </entry>
    <entry typeCode="DRIV">
      <procedure classCode="PROC" moodCode="EVN">
        <templateId root="2.16.840.1.113883.10.20.22.4.14"/>
        <!-- Procedure activity template -->
        <id root="a9e52cfd-859f-cbf0-45d2-f55cf300e0fe"/>
        <code  code="385763009" codeSystem="2.16.840.1.113883.6.96" displayName="Hospice care (regime/therapy)">
          <originalText><reference value="#procedures-desc-17"/></originalText>
        </code>
        <text>
          <reference value="#procedures-desc-17"/>
        </text>
        <statusCode code="completed"/>
        <effectiveTime value="19590530124523"/>
      </procedure>
    </entry>
    <entry typeCode="DRIV">
      <procedure classCode="PROC" moodCode="EVN">
        <templateId root="2.16.840.1.113883.10.20.22.4.14"/>
        <!-- Procedure activity template -->
        <id root="0fa2bad6-9b3b-b2d2-5f53-9b538f88a16b"/>
        <code  code="385763009" codeSystem="2.16.840.1.113883.6.96" displayName="Hospice care (regime/therapy)">
          <originalText><reference value="#procedures-desc-18"/></originalText>
        </code>
        <text>
          <reference value="#procedures-desc-18"/>
        </text>
        <statusCode code="completed"/>
        <effectiveTime value="19590531124523"/>
      </procedure>
    </entry>
    <entry typeCode="DRIV">
      <procedure classCode="PROC" moodCode="EVN">
        <templateId root="2.16.840.1.113883.10.20.22.4.14"/>
        <!-- Procedure activity template -->
        <id root="a72dcfb3-3c52-4598-296c-d34f544005be"/>
        <code  code="385763009" codeSystem="2.16.840.1.113883.6.96" displayName="Hospice care (regime/therapy)">
          <originalText><reference value="#procedures-desc-19"/></originalText>
        </code>
        <text>
          <reference value="#procedures-desc-19"/>
        </text>
        <statusCode code="completed"/>
        <effectiveTime value="19590601124523"/>
      </procedure>
    </entry>
    <entry typeCode="DRIV">
      <procedure classCode="PROC" moodCode="EVN">
        <templateId root="2.16.840.1.113883.10.20.22.4.14"/>
        <!-- Procedure activity template -->
        <id root="7e70bd3b-4009-0c6c-a3b4-386206290ab5"/>
        <code  code="385763009" codeSystem="2.16.840.1.113883.6.96" displayName="Hospice care (regime/therapy)">
          <originalText><reference value="#procedures-desc-20"/></originalText>
        </code>
        <text>
          <reference value="#procedures-desc-20"/>
        </text>
        <statusCode code="completed"/>
        <effectiveTime value="19590602124523"/>
      </procedure>
    </entry>
    <entry typeCode="DRIV">
      <procedure classCode="PROC" moodCode="EVN">
        <templateId root="2.16.840.1.113883.10.20.22.4.14"/>
        <!-- Procedure activity template -->
        <id root="99fc6fe8-c107-93a4-f539-078b27fb134a"/>
        <code  code="385763009" codeSystem="2.16.840.1.113883.6.96" displayName="Hospice care (regime/therapy)">
          <originalText><reference value="#procedures-desc-21"/></originalText>
        </code>
        <text>
          <reference value="#procedures-desc-21"/>
        </text>
        <statusCode code="completed"/>
        <effectiveTime value="19590603124523"/>
      </procedure>
    </entry>
    <entry typeCode="DRIV">
      <procedure classCode="PROC" moodCode="EVN">
        <templateId root="2.16.840.1.113883.10.20.22.4.14"/>
        <!-- Procedure activity template -->
        <id root="4f84a479-b31f-3d59-598f-b70666fc2aac"/>
        <code  code="385763009" codeSystem="2.16.840.1.113883.6.96" displayName="Hospice care (regime/therapy)">
          <originalText><reference value="#procedures-desc-22"/></originalText>
        </code>
        <text>
          <reference value="#procedures-desc-22"/>
        </text>
        <statusCode code="completed"/>
        <effectiveTime value="19590604124523"/>
      </procedure>
    </entry>
    <entry typeCode="DRIV">
      <procedure classCode="PROC" moodCode="EVN">
        <templateId root="2.16.840.1.113883.10.20.22.4.14"/>
        <!-- Procedure activity template -->
        <id root="8a2adb47-d817-31c8-96f2-64ab3840689d"/>
        <code  code="385763009" codeSystem="2.16.840.1.113883.6.96" displayName="Hospice care (regime/therapy)">
          <originalText><reference value="#procedures-desc-23"/></originalText>
        </code>
        <text>
          <reference value="#procedures-desc-23"/>
        </text>
        <statusCode code="completed"/>
        <effectiveTime value="19590605124523"/>
      </procedure>
    </entry>
    <entry typeCode="DRIV">
      <procedure classCode="PROC" moodCode="EVN">
        <templateId root="2.16.840.1.113883.10.20.22.4.14"/>
        <!-- Procedure activity template -->
        <id root="787e8b35-901d-5da7-bdc0-148b1e73031c"/>
        <code  code="385763009" codeSystem="2.16.840.1.113883.6.96" displayName="Hospice care (regime/therapy)">
          <originalText><reference value="#procedures-desc-24"/></originalText>
        </code>
        <text>
          <reference value="#procedures-desc-24"/>
        </text>
        <statusCode code="completed"/>
        <effectiveTime value="19590606124523"/>
      </procedure>
    </entry>
    <entry typeCode="DRIV">
      <procedure classCode="PROC" moodCode="EVN">
        <templateId root="2.16.840.1.113883.10.20.22.4.14"/>
        <!-- Procedure activity template -->
        <id root="d4f74db3-a4d2-fc80-fd7e-a7f7ddc439a7"/>
        <code  code="385763009" codeSystem="2.16.840.1.113883.6.96" displayName="Hospice care (regime/therapy)">
          <originalText><reference value="#procedures-desc-25"/></originalText>
        </code>
        <text>
          <reference value="#procedures-desc-25"/>
        </text>
        <statusCode code="completed"/>
        <effectiveTime value="19590607124523"/>
      </procedure>
    </entry>
    <entry typeCode="DRIV">
      <procedure classCode="PROC" moodCode="EVN">
        <templateId root="2.16.840.1.113883.10.20.22.4.14"/>
        <!-- Procedure activity template -->
        <id root="91213b0f-7464-956d-8828-797578b20ba4"/>
        <code  code="385763009" codeSystem="2.16.840.1.113883.6.96" displayName="Hospice care (regime/therapy)">
          <originalText><reference value="#procedures-desc-26"/></originalText>
        </code>
        <text>
          <reference value="#procedures-desc-26"/>
        </text>
        <statusCode code="completed"/>
        <effectiveTime value="19590608124523"/>
      </procedure>
    </entry>
    <entry typeCode="DRIV">
      <procedure classCode="PROC" moodCode="EVN">
        <templateId root="2.16.840.1.113883.10.20.22.4.14"/>
        <!-- Procedure activity template -->
        <id root="f4e217aa-1b59-5912-e2d0-959c3b414971"/>
        <code  code="385763009" codeSystem="2.16.840.1.113883.6.96" displayName="Hospice care (regime/therapy)">
          <originalText><reference value="#procedures-desc-27"/></originalText>
        </code>
        <text>
          <reference value="#procedures-desc-27"/>
        </text>
        <statusCode code="completed"/>
        <effectiveTime value="19590609124523"/>
      </procedure>
    </entry>
    <entry typeCode="DRIV">
      <procedure classCode="PROC" moodCode="EVN">
        <templateId root="2.16.840.1.113883.10.20.22.4.14"/>
        <!-- Procedure activity template -->
        <id root="c18d918d-c125-eacd-f4d7-1e40e28e22b9"/>
        <code  code="385763009" codeSystem="2.16.840.1.113883.6.96" displayName="Hospice care (regime/therapy)">
          <originalText><reference value="#procedures-desc-28"/></originalText>
        </code>
        <text>
          <reference value="#procedures-desc-28"/>
        </text>
        <statusCode code="completed"/>
        <effectiveTime value="19590610124523"/>
      </procedure>
    </entry>
  </section>
</component>
<component>
  <!--Encounters-->
  <section>
    <templateId root="2.16.840.1.113883.10.20.22.2.22" extension="2015-08-01"/> <!-- CCDA Template id -->
    <!--Encounters section template-->
    <code code="46240-8" codeSystem="2.16.840.1.113883.6.1" codeSystemName="LOINC" displayName="History of encounters"/>
    <title>Encounters</title>
<text>
  <table border="1" width="100%">
    <thead>
      <tr>
        <th>Start</th>
        <th>Stop</th>
        <th>Description</th>
        <th>Code</th>
      </tr>
    </thead>
    <tbody>
        <tr>
          <td>1956-01-08T12:45:23+05:30</td>
          <td>1956-01-08T14:15:43+05:30</td>
          <td ID="encounters-desc-1">Emergency room admission (procedure)</td>
          <td ID="encounters-code-1">http://snomed.info/sct 50849002</td>
        </tr>
        <tr>
          <td>1956-11-07T12:45:23+05:30</td>
          <td>1956-11-07T13:00:23+05:30</td>
          <td ID="encounters-desc-2">Well child visit (procedure)</td>
          <td ID="encounters-code-2">http://snomed.info/sct 410620009</td>
        </tr>
        <tr>
          <td>1957-01-09T12:45:23+05:30</td>
          <td>1957-01-09T13:48:28+05:30</td>
          <td ID="encounters-desc-3">Emergency room admission (procedure)</td>
          <td ID="encounters-code-3">http://snomed.info/sct 50849002</td>
        </tr>
        <tr>
          <td>1957-11-13T12:45:23+05:30</td>
          <td>1957-11-13T13:00:23+05:30</td>
          <td ID="encounters-desc-4">Well child visit (procedure)</td>
          <td ID="encounters-code-4">http://snomed.info/sct 410620009</td>
        </tr>
        <tr>
          <td>1958-11-19T12:45:23+05:30</td>
          <td>1958-11-19T13:00:23+05:30</td>
          <td ID="encounters-desc-5">Well child visit (procedure)</td>
          <td ID="encounters-code-5">http://snomed.info/sct 410620009</td>
        </tr>
        <tr>
          <td>1959-05-20T12:45:23+05:30</td>
          <td>1959-06-15T12:45:23+05:30</td>
          <td ID="encounters-desc-6">Admission to hospice (procedure)</td>
          <td ID="encounters-code-6">http://snomed.info/sct 305336008</td>
        </tr>
        <tr>
          <td>1959-06-17T12:45:23+05:30</td>
          <td>1959-06-17T13:00:23+05:30</td>
          <td ID="encounters-desc-7">Death Certification</td>
          <td ID="encounters-code-7">http://snomed.info/sct 308646001</td>
        </tr>
    </tbody>
  </table>
</text>
    <entry typeCode="DRIV">
      <encounter classCode="ENC" moodCode="EVN">
		    <templateId root="2.16.840.1.113883.10.20.22.4.49"/>
        <!-- Encounter activity template -->
        <id root="da0213a6-39a9-baa6-a1a7-c7761162e4c3"/>
        <code  code="50849002" codeSystem="2.16.840.1.113883.6.96" displayName="Emergency room admission (procedure)">
          <originalText><reference value="#encounters-desc-1"/></originalText>
        </code>
        <text>
          <reference value="#encounters-desc-1"/>
        </text>
        <effectiveTime>
          <low value="19560108124523"/>
          <high value="19560108141543"/>
        </effectiveTime>
      </encounter>
    </entry>
    <entry typeCode="DRIV">
      <encounter classCode="ENC" moodCode="EVN">
		    <templateId root="2.16.840.1.113883.10.20.22.4.49"/>
        <!-- Encounter activity template -->
        <id root="c1273151-0ff1-d00e-0302-c3e17c596fca"/>
        <code  code="410620009" codeSystem="2.16.840.1.113883.6.96" displayName="Well child visit (procedure)">
          <originalText><reference value="#encounters-desc-2"/></originalText>
        </code>
        <text>
          <reference value="#encounters-desc-2"/>
        </text>
        <effectiveTime>
          <low value="19561107124523"/>
          <high value="19561107130023"/>
        </effectiveTime>
      </encounter>
    </entry>
    <entry typeCode="DRIV">
      <encounter classCode="ENC" moodCode="EVN">
		    <templateId root="2.16.840.1.113883.10.20.22.4.49"/>
        <!-- Encounter activity template -->
        <id root="887798c9-d862-5d01-5ac7-e2e60abe085d"/>
        <code  code="50849002" codeSystem="2.16.840.1.113883.6.96" displayName="Emergency room admission (procedure)">
          <originalText><reference value="#encounters-desc-3"/></originalText>
        </code>
        <text>
          <reference value="#encounters-desc-3"/>
        </text>
        <effectiveTime>
          <low value="19570109124523"/>
          <high value="19570109134828"/>
        </effectiveTime>
      </encounter>
    </entry>
    <entry typeCode="DRIV">
      <encounter classCode="ENC" moodCode="EVN">
		    <templateId root="2.16.840.1.113883.10.20.22.4.49"/>
        <!-- Encounter activity template -->
        <id root="d30efff7-1d75-8979-ce65-dcf83029e161"/>
        <code  code="410620009" codeSystem="2.16.840.1.113883.6.96" displayName="Well child visit (procedure)">
          <originalText><reference value="#encounters-desc-4"/></originalText>
        </code>
        <text>
          <reference value="#encounters-desc-4"/>
        </text>
        <effectiveTime>
          <low value="19571113124523"/>
          <high value="19571113130023"/>
        </effectiveTime>
      </encounter>
    </entry>
    <entry typeCode="DRIV">
      <encounter classCode="ENC" moodCode="EVN">
		    <templateId root="2.16.840.1.113883.10.20.22.4.49"/>
        <!-- Encounter activity template -->
        <id root="2919470e-2050-1621-fcb8-bab33918a65e"/>
        <code  code="410620009" codeSystem="2.16.840.1.113883.6.96" displayName="Well child visit (procedure)">
          <originalText><reference value="#encounters-desc-5"/></originalText>
        </code>
        <text>
          <reference value="#encounters-desc-5"/>
        </text>
        <effectiveTime>
          <low value="19581119124523"/>
          <high value="19581119130023"/>
        </effectiveTime>
      </encounter>
    </entry>
    <entry typeCode="DRIV">
      <encounter classCode="ENC" moodCode="EVN">
		    <templateId root="2.16.840.1.113883.10.20.22.4.49"/>
        <!-- Encounter activity template -->
        <id root="768bdfae-559f-6bbb-9032-f6968c2e00a1"/>
        <code  code="305336008" codeSystem="2.16.840.1.113883.6.96" displayName="Admission to hospice (procedure)">
          <originalText><reference value="#encounters-desc-6"/></originalText>
        </code>
        <text>
          <reference value="#encounters-desc-6"/>
        </text>
        <effectiveTime>
          <low value="19590520124523"/>
          <high value="19590615124523"/>
        </effectiveTime>
      </encounter>
    </entry>
    <entry typeCode="DRIV">
      <encounter classCode="ENC" moodCode="EVN">
		    <templateId root="2.16.840.1.113883.10.20.22.4.49"/>
        <!-- Encounter activity template -->
        <id root="f7c15225-e786-092c-415e-3bd864a6c609"/>
        <code  code="308646001" codeSystem="2.16.840.1.113883.6.96" displayName="Death Certification">
          <originalText><reference value="#encounters-desc-7"/></originalText>
        </code>
        <text>
          <reference value="#encounters-desc-7"/>
        </text>
        <effectiveTime>
          <low value="19590617124523"/>
          <high value="19590617130023"/>
        </effectiveTime>
      </encounter>
    </entry>
  </section>
</component>
<component>
  <!--Vital Signs-->
  <section>
    <templateId root="2.16.840.1.113883.10.20.22.2.4.1" extension="2015-08-01"/>
    <!--Vital Signs section template-->
    <code code="8716-3" codeSystem="2.16.840.1.113883.6.1" codeSystemName="LOINC" displayName="Vital signs"/>
    <title>Vital Signs</title>
<text>
  <table border="1" width="100%">
    <thead>
      <tr>
        <th>Start</th>
        <th>Stop</th>
        <th>Description</th>
        <th>Code</th>
        <th>Value</th>
      </tr>
    </thead>
    <tbody>
        <tr>
          <td>1957-11-13T12:45:23+05:30</td>
          <td></td>
          <td ID="observations-desc-1">Body Height</td>
          <td ID="observations-code-1">http://loinc.org 8302-2</td>
          <td>104.9 cm</td>
        </tr>
        <tr>
          <td>1957-11-13T12:45:23+05:30</td>
          <td></td>
          <td ID="observations-desc-2">Pain severity - 0-10 verbal numeric rating [Score] - Reported</td>
          <td ID="observations-code-2">http://loinc.org 72514-3</td>
          <td>3 {score}</td>
        </tr>
        <tr>
          <td>1957-11-13T12:45:23+05:30</td>
          <td></td>
          <td ID="observations-desc-3">Body Weight</td>
          <td ID="observations-code-3">http://loinc.org 29463-7</td>
          <td>18.3 kg</td>
        </tr>
        <tr>
          <td>1957-11-13T12:45:23+05:30</td>
          <td></td>
          <td ID="observations-desc-4">Body mass index (BMI) [Ratio]</td>
          <td ID="observations-code-4">http://loinc.org 39156-5</td>
          <td>16.59 kg/m2</td>
        </tr>
        <tr>
          <td>1957-11-13T12:45:23+05:30</td>
          <td></td>
          <td ID="observations-desc-5">Body mass index (BMI) [Percentile] Per age and sex</td>
          <td ID="observations-code-5">http://loinc.org 59576-9</td>
          <td>82.48738533432613 %</td>
        </tr>
        <tr>
          <td>1957-11-13T12:45:23+05:30</td>
          <td></td>
          <td ID="observations-desc-6">Heart rate</td>
          <td ID="observations-code-6">http://loinc.org 8867-4</td>
          <td>61 /min</td>
        </tr>
        <tr>
          <td>1957-11-13T12:45:23+05:30</td>
          <td></td>
          <td ID="observations-desc-7">Respiratory rate</td>
          <td ID="observations-code-7">http://loinc.org 9279-1</td>
          <td>13 /min</td>
        </tr>
        <tr>
          <td>1958-11-19T12:45:23+05:30</td>
          <td></td>
          <td ID="observations-desc-8">Body Height</td>
          <td ID="observations-code-8">http://loinc.org 8302-2</td>
          <td>111.8 cm</td>
        </tr>
        <tr>
          <td>1958-11-19T12:45:23+05:30</td>
          <td></td>
          <td ID="observations-desc-9">Pain severity - 0-10 verbal numeric rating [Score] - Reported</td>
          <td ID="observations-code-9">http://loinc.org 72514-3</td>
          <td>2 {score}</td>
        </tr>
        <tr>
          <td>1958-11-19T12:45:23+05:30</td>
          <td></td>
          <td ID="observations-desc-10">Body Weight</td>
          <td ID="observations-code-10">http://loinc.org 29463-7</td>
          <td>22.6 kg</td>
        </tr>
        <tr>
          <td>1958-11-19T12:45:23+05:30</td>
          <td></td>
          <td ID="observations-desc-11">Body mass index (BMI) [Ratio]</td>
          <td ID="observations-code-11">http://loinc.org 39156-5</td>
          <td>18.09 kg/m2</td>
        </tr>
        <tr>
          <td>1958-11-19T12:45:23+05:30</td>
          <td></td>
          <td ID="observations-desc-12">Body mass index (BMI) [Percentile] Per age and sex</td>
          <td ID="observations-code-12">http://loinc.org 59576-9</td>
          <td>92.34137663608882 %</td>
        </tr>
        <tr>
          <td>1958-11-19T12:45:23+05:30</td>
          <td></td>
          <td ID="observations-desc-13">Heart rate</td>
          <td ID="observations-code-13">http://loinc.org 8867-4</td>
          <td>62 /min</td>
        </tr>
        <tr>
          <td>1958-11-19T12:45:23+05:30</td>
          <td></td>
          <td ID="observations-desc-14">Respiratory rate</td>
          <td ID="observations-code-14">http://loinc.org 9279-1</td>
          <td>15 /min</td>
        </tr>
    </tbody>
  </table>
</text>
    <entry typeCode="DRIV">
      <organizer classCode="CLUSTER" moodCode="EVN">
        <templateId root="2.16.840.1.113883.10.20.22.4.26"/>
        <templateId root="2.16.840.1.113883.10.20.22.4.26" extension="2015-08-01"/>
        <!-- Vital signs organizer template -->
        <id root="a55be75e-171b-0b58-15ab-ecbe3f762ce9"/>
        <code code="46680005" codeSystem="2.16.840.1.113883.6.96" displayName="Vital signs" codeSystemName="SNOMED CT">
          <translation code="74728-7" displayName="Vital signs, weight, height, head circumference, oximetry, BMI, and BSA panel" codeSystem="2.16.840.1.113883.6.1" codeSystemName="LOINC" />
        </code>
        <statusCode code="completed"/>
        <effectiveTime value="19590617124523"/>
        <component>
          <observation classCode="OBS" moodCode="EVN">
            <templateId root="2.16.840.1.113883.10.20.22.4.27"/>
            <templateId root="2.16.840.1.113883.10.20.22.4.27" extension="2014-06-09"/>
            <!-- Result observation template -->
            <id root="630005ed-2793-7e7f-2bdd-97b7eb2d2ad7"/>
        <code  code="8302-2" codeSystem="2.16.840.1.113883.6.1" displayName="Body Height">
          <originalText><reference value="#observations-desc-1"/></originalText>
        </code>
            <text>
              <reference value="#observations-desc-1"/>
            </text>
            <statusCode code="completed"/>
            <effectiveTime value="19571113124523"/>
            <value xsi:type="PQ" value="104.9" unit="cm"/>
          </observation>
        </component>
        <component>
          <observation classCode="OBS" moodCode="EVN">
            <templateId root="2.16.840.1.113883.10.20.22.4.27"/>
            <templateId root="2.16.840.1.113883.10.20.22.4.27" extension="2014-06-09"/>
            <!-- Result observation template -->
            <id root="04d389a1-6a5e-32a9-6b27-5f3eb1400f52"/>
        <code  code="72514-3" codeSystem="2.16.840.1.113883.6.1" displayName="Pain severity - 0-10 verbal numeric rating [Score] - Reported">
          <originalText><reference value="#observations-desc-2"/></originalText>
        </code>
            <text>
              <reference value="#observations-desc-2"/>
            </text>
            <statusCode code="completed"/>
            <effectiveTime value="19571113124523"/>
            <value xsi:type="PQ" value="3" unit="{score}"/>
          </observation>
        </component>
        <component>
          <observation classCode="OBS" moodCode="EVN">
            <templateId root="2.16.840.1.113883.10.20.22.4.27"/>
            <templateId root="2.16.840.1.113883.10.20.22.4.27" extension="2014-06-09"/>
            <!-- Result observation template -->
            <id root="1404b397-4bf9-526a-85a3-b5bc9bf73223"/>
        <code  code="29463-7" codeSystem="2.16.840.1.113883.6.1" displayName="Body Weight">
          <originalText><reference value="#observations-desc-3"/></originalText>
        </code>
            <text>
              <reference value="#observations-desc-3"/>
            </text>
            <statusCode code="completed"/>
            <effectiveTime value="19571113124523"/>
            <value xsi:type="PQ" value="18.3" unit="kg"/>
          </observation>
        </component>
        <component>
          <observation classCode="OBS" moodCode="EVN">
            <templateId root="2.16.840.1.113883.10.20.22.4.27"/>
            <templateId root="2.16.840.1.113883.10.20.22.4.27" extension="2014-06-09"/>
            <!-- Result observation template -->
            <id root="205a75c6-831f-f883-0403-df2e728507e3"/>
        <code  code="39156-5" codeSystem="2.16.840.1.113883.6.1" displayName="Body mass index (BMI) [Ratio]">
          <originalText><reference value="#observations-desc-4"/></originalText>
        </code>
            <text>
              <reference value="#observations-desc-4"/>
            </text>
            <statusCode code="completed"/>
            <effectiveTime value="19571113124523"/>
            <value xsi:type="PQ" value="16.59" unit="kg/m2"/>
          </observation>
        </component>
        <component>
          <observation classCode="OBS" moodCode="EVN">
            <templateId root="2.16.840.1.113883.10.20.22.4.27"/>
            <templateId root="2.16.840.1.113883.10.20.22.4.27" extension="2014-06-09"/>
            <!-- Result observation template -->
            <id root="4d602644-d4bf-5707-e4a4-64ef9bc371e7"/>
        <code  code="59576-9" codeSystem="2.16.840.1.113883.6.1" displayName="Body mass index (BMI) [Percentile] Per age and sex">
          <originalText><reference value="#observations-desc-5"/></originalText>
        </code>
            <text>
              <reference value="#observations-desc-5"/>
            </text>
            <statusCode code="completed"/>
            <effectiveTime value="19571113124523"/>
            <value xsi:type="PQ" value="82.48738533432613" unit="%"/>
          </observation>
        </component>
        <component>
          <observation classCode="OBS" moodCode="EVN">
            <templateId root="2.16.840.1.113883.10.20.22.4.27"/>
            <templateId root="2.16.840.1.113883.10.20.22.4.27" extension="2014-06-09"/>
            <!-- Result observation template -->
            <id root="2c6a8334-a10e-9c62-a392-6fb25e0f287c"/>
        <code  code="8867-4" codeSystem="2.16.840.1.113883.6.1" displayName="Heart rate">
          <originalText><reference value="#observations-desc-6"/></originalText>
        </code>
            <text>
              <reference value="#observations-desc-6"/>
            </text>
            <statusCode code="completed"/>
            <effectiveTime value="19571113124523"/>
            <value xsi:type="PQ" value="61" unit="/min"/>
          </observation>
        </component>
        <component>
          <observation classCode="OBS" moodCode="EVN">
            <templateId root="2.16.840.1.113883.10.20.22.4.27"/>
            <templateId root="2.16.840.1.113883.10.20.22.4.27" extension="2014-06-09"/>
            <!-- Result observation template -->
            <id root="4719b874-0893-2b9f-26b5-008de50b9328"/>
        <code  code="9279-1" codeSystem="2.16.840.1.113883.6.1" displayName="Respiratory rate">
          <originalText><reference value="#observations-desc-7"/></originalText>
        </code>
            <text>
              <reference value="#observations-desc-7"/>
            </text>
            <statusCode code="completed"/>
            <effectiveTime value="19571113124523"/>
            <value xsi:type="PQ" value="13" unit="/min"/>
          </observation>
        </component>
        <component>
          <observation classCode="OBS" moodCode="EVN">
            <templateId root="2.16.840.1.113883.10.20.22.4.27"/>
            <templateId root="2.16.840.1.113883.10.20.22.4.27" extension="2014-06-09"/>
            <!-- Result observation template -->
            <id root="8ce044dd-580e-95bd-4fc7-4fd3488ad0d9"/>
        <code  code="8302-2" codeSystem="2.16.840.1.113883.6.1" displayName="Body Height">
          <originalText><reference value="#observations-desc-8"/></originalText>
        </code>
            <text>
              <reference value="#observations-desc-8"/>
            </text>
            <statusCode code="completed"/>
            <effectiveTime value="19581119124523"/>
            <value xsi:type="PQ" value="111.8" unit="cm"/>
          </observation>
        </component>
        <component>
          <observation classCode="OBS" moodCode="EVN">
            <templateId root="2.16.840.1.113883.10.20.22.4.27"/>
            <templateId root="2.16.840.1.113883.10.20.22.4.27" extension="2014-06-09"/>
            <!-- Result observation template -->
            <id root="d680b49a-07a7-7349-d9f6-fb8ebed5df77"/>
        <code  code="72514-3" codeSystem="2.16.840.1.113883.6.1" displayName="Pain severity - 0-10 verbal numeric rating [Score] - Reported">
          <originalText><reference value="#observations-desc-9"/></originalText>
        </code>
            <text>
              <reference value="#observations-desc-9"/>
            </text>
            <statusCode code="completed"/>
            <effectiveTime value="19581119124523"/>
            <value xsi:type="PQ" value="2" unit="{score}"/>
          </observation>
        </component>
        <component>
          <observation classCode="OBS" moodCode="EVN">
            <templateId root="2.16.840.1.113883.10.20.22.4.27"/>
            <templateId root="2.16.840.1.113883.10.20.22.4.27" extension="2014-06-09"/>
            <!-- Result observation template -->
            <id root="0e3e58bf-fc8a-ee54-fd70-acf6a0bf3450"/>
        <code  code="29463-7" codeSystem="2.16.840.1.113883.6.1" displayName="Body Weight">
          <originalText><reference value="#observations-desc-10"/></originalText>
        </code>
            <text>
              <reference value="#observations-desc-10"/>
            </text>
            <statusCode code="completed"/>
            <effectiveTime value="19581119124523"/>
            <value xsi:type="PQ" value="22.6" unit="kg"/>
          </observation>
        </component>
        <component>
          <observation classCode="OBS" moodCode="EVN">
            <templateId root="2.16.840.1.113883.10.20.22.4.27"/>
            <templateId root="2.16.840.1.113883.10.20.22.4.27" extension="2014-06-09"/>
            <!-- Result observation template -->
            <id root="a62236f1-026b-63f2-d7ce-c60129a6ec0c"/>
        <code  code="39156-5" codeSystem="2.16.840.1.113883.6.1" displayName="Body mass index (BMI) [Ratio]">
          <originalText><reference value="#observations-desc-11"/></originalText>
        </code>
            <text>
              <reference value="#observations-desc-11"/>
            </text>
            <statusCode code="completed"/>
            <effectiveTime value="19581119124523"/>
            <value xsi:type="PQ" value="18.09" unit="kg/m2"/>
          </observation>
        </component>
        <component>
          <observation classCode="OBS" moodCode="EVN">
            <templateId root="2.16.840.1.113883.10.20.22.4.27"/>
            <templateId root="2.16.840.1.113883.10.20.22.4.27" extension="2014-06-09"/>
            <!-- Result observation template -->
            <id root="0f49de3c-2ca0-e993-07b3-1e28efc9b07a"/>
        <code  code="59576-9" codeSystem="2.16.840.1.113883.6.1" displayName="Body mass index (BMI) [Percentile] Per age and sex">
          <originalText><reference value="#observations-desc-12"/></originalText>
        </code>
            <text>
              <reference value="#observations-desc-12"/>
            </text>
            <statusCode code="completed"/>
            <effectiveTime value="19581119124523"/>
            <value xsi:type="PQ" value="92.34137663608882" unit="%"/>
          </observation>
        </component>
        <component>
          <observation classCode="OBS" moodCode="EVN">
            <templateId root="2.16.840.1.113883.10.20.22.4.27"/>
            <templateId root="2.16.840.1.113883.10.20.22.4.27" extension="2014-06-09"/>
            <!-- Result observation template -->
            <id root="fb31ac43-984e-8505-6d69-50b5538aecf8"/>
        <code  code="8867-4" codeSystem="2.16.840.1.113883.6.1" displayName="Heart rate">
          <originalText><reference value="#observations-desc-13"/></originalText>
        </code>
            <text>
              <reference value="#observations-desc-13"/>
            </text>
            <statusCode code="completed"/>
            <effectiveTime value="19581119124523"/>
            <value xsi:type="PQ" value="62" unit="/min"/>
          </observation>
        </component>
        <component>
          <observation classCode="OBS" moodCode="EVN">
            <templateId root="2.16.840.1.113883.10.20.22.4.27"/>
            <templateId root="2.16.840.1.113883.10.20.22.4.27" extension="2014-06-09"/>
            <!-- Result observation template -->
            <id root="62a7f966-28af-3044-912e-c7c6cabdafd2"/>
        <code  code="9279-1" codeSystem="2.16.840.1.113883.6.1" displayName="Respiratory rate">
          <originalText><reference value="#observations-desc-14"/></originalText>
        </code>
            <text>
              <reference value="#observations-desc-14"/>
            </text>
            <statusCode code="completed"/>
            <effectiveTime value="19581119124523"/>
            <value xsi:type="PQ" value="15" unit="/min"/>
          </observation>
        </component>
      </organizer>
    </entry>
  </section>
</component>
<component>
  <!--Immunizations-->
  <section>
    <templateId root="2.16.840.1.113883.10.20.22.2.2" extension="2015-08-01"/>
    <!--Immunizations section template-->
    <code code="11369-6" codeSystem="2.16.840.1.113883.6.1" codeSystemName="LOINC" displayName="History of immunizations"/>
    <title>Immunizations</title>
<text>
  <table border="1" width="100%">
    <thead>
      <tr>
        <th>Start</th>
        <th>Stop</th>
        <th>Description</th>
        <th>Code</th>
      </tr>
    </thead>
    <tbody>
        <tr>
          <td>1957-11-13T12:45:23+05:30</td>
          <td></td>
          <td ID="immunizations-desc-1">IPV</td>
          <td ID="immunizations-code-1">http://hl7.org/fhir/sid/cvx 10</td>
        </tr>
        <tr>
          <td>1957-11-13T12:45:23+05:30</td>
          <td></td>
          <td ID="immunizations-desc-2">Influenza, seasonal, injectable, preservative free</td>
          <td ID="immunizations-code-2">http://hl7.org/fhir/sid/cvx 140</td>
        </tr>
        <tr>
          <td>1958-11-19T12:45:23+05:30</td>
          <td></td>
          <td ID="immunizations-desc-3">Influenza, seasonal, injectable, preservative free</td>
          <td ID="immunizations-code-3">http://hl7.org/fhir/sid/cvx 140</td>
        </tr>
    </tbody>
  </table>
</text>
    <entry typeCode="DRIV">
      <substanceAdministration classCode="SBADM" moodCode="EVN" negationInd="false">
        <templateId root="2.16.840.1.113883.10.20.22.4.52"/>
        <!-- Medication activity template -->
        <id root="e48b41a2-3d6e-643b-0707-28a975809712"/>
        <code code='IMMUNIZ' codeSystem='2.16.840.1.113883.5.4' codeSystemName='ActCode'/>
        <text>
          <reference value="#immunizations-desc-1"/>
        </text>
        <statusCode code="completed"/>
        <effectiveTime value="19571113124523"/>
        <doseQuantity nullFlavor="UNK"/>
        <consumable>
          <manufacturedProduct classCode="MANU">
            <templateId root="2.16.840.1.113883.10.20.22.4.54"/>
            <!-- Product template -->
            <manufacturedMaterial>
        <code  code="10" codeSystem="2.16.840.1.113883.12.292" displayName="IPV">
          <originalText><reference value="#immunizations-desc-1"/></originalText>
        </code>
              <name>IPV</name>
            </manufacturedMaterial>
          </manufacturedProduct>
        </consumable>
      </substanceAdministration>
    </entry>
    <entry typeCode="DRIV">
      <substanceAdministration classCode="SBADM" moodCode="EVN" negationInd="false">
        <templateId root="2.16.840.1.113883.10.20.22.4.52"/>
        <!-- Medication activity template -->
        <id root="0c7ec509-0b3d-f151-0d0c-651186f3b2e2"/>
        <code code='IMMUNIZ' codeSystem='2.16.840.1.113883.5.4' codeSystemName='ActCode'/>
        <text>
          <reference value="#immunizations-desc-2"/>
        </text>
        <statusCode code="completed"/>
        <effectiveTime value="19571113124523"/>
        <doseQuantity nullFlavor="UNK"/>
        <consumable>
          <manufacturedProduct classCode="MANU">
            <templateId root="2.16.840.1.113883.10.20.22.4.54"/>
            <!-- Product template -->
            <manufacturedMaterial>
        <code  code="140" codeSystem="2.16.840.1.113883.12.292" displayName="Influenza, seasonal, injectable, preservative free">
          <originalText><reference value="#immunizations-desc-2"/></originalText>
        </code>
              <name>Influenza, seasonal, injectable, preservative free</name>
            </manufacturedMaterial>
          </manufacturedProduct>
        </consumable>
      </substanceAdministration>
    </entry>
    <entry typeCode="DRIV">
      <substanceAdministration classCode="SBADM" moodCode="EVN" negationInd="false">
        <templateId root="2.16.840.1.113883.10.20.22.4.52"/>
        <!-- Medication activity template -->
        <id root="a8118362-9f41-d6e2-b0e6-fe0edb0d31d8"/>
        <code code='IMMUNIZ' codeSystem='2.16.840.1.113883.5.4' codeSystemName='ActCode'/>
        <text>
          <reference value="#immunizations-desc-3"/>
        </text>
        <statusCode code="completed"/>
        <effectiveTime value="19581119124523"/>
        <doseQuantity nullFlavor="UNK"/>
        <consumable>
          <manufacturedProduct classCode="MANU">
            <templateId root="2.16.840.1.113883.10.20.22.4.54"/>
            <!-- Product template -->
            <manufacturedMaterial>
        <code  code="140" codeSystem="2.16.840.1.113883.12.292" displayName="Influenza, seasonal, injectable, preservative free">
          <originalText><reference value="#immunizations-desc-3"/></originalText>
        </code>
              <name>Influenza, seasonal, injectable, preservative free</name>
            </manufacturedMaterial>
          </manufacturedProduct>
        </consumable>
      </substanceAdministration>
    </entry>
  </section>
</component>
<component>
  <!--Social History - CCDA-->
  <section>
    <templateId root="2.16.840.1.113883.10.20.22.2.17" extension="2015-08-01"/>
    <templateId root="2.16.840.1.113883.10.20.22.2.17"/>
    <!-- Social history section template -->
    <code code="29762-2" codeSystem="2.16.840.1.113883.6.1"/>
    <title>Social History</title>
    <text>There is no current social history except smoking status.</text>
    <entry typeCode="DRIV">
      <observation classCode="OBS" moodCode="EVN">
        <templateId root="2.16.840.1.113883.10.20.22.4.78"/>
        <templateId root="2.16.840.1.113883.10.20.22.4.78" extension="2014-06-09"/>
        <!-- Smoking Status Meaningful Use template -->
        <id root="d420236c-aaf6-aa83-b850-ac473e28cee1"/>
        <code code="72166-2" codeSystem="2.16.840.1.113883.6.1" displayName="Tobacco smoking status NHIS" />
        <statusCode code="completed"/>
        <effectiveTime value="19581119124523"/>
        <value xsi:type="CD" code="266919005" displayName="Never smoked tobacco (finding)" codeSystem="2.16.840.1.113883.6.96"/>
          <author>
            <time value="19590617124523"/>
            <assignedAuthor>
              <id nullFlavor="NA"/>
              <addr nullFlavor="NA" />
              <telecom nullFlavor="NA" />
              <assignedAuthoringDevice>
                <manufacturerModelName>https://github.com/synthetichealth/synthea</manufacturerModelName>
                <softwareName>https://github.com/synthetichealth/synthea</softwareName>
              </assignedAuthoringDevice>
              <representedOrganization>
                <id nullFlavor="NA"/>
                <name>MARTHA'S VINEYARD HOSPITAL INC</name>
                <telecom nullFlavor="NA"/>
                <addr>
                  <streetAddressLine>1 HOSPITAL RD</streetAddressLine>
                  <city>OAK BLUFFS</city>
                  <state>MA</state>
                  <postalCode>025571406</postalCode>
                </addr>
              </representedOrganization>
            </assignedAuthor>
          </author>
      </observation>
    </entry>
  </section>
</component>    </structuredBody>
  </component>
</ClinicalDocument>
